fixed_acidity,volatile_acidity,citric_acid,residual_sugar,chlorides,free_sulfur_dioxide,total_sulfur_dioxide,density,pH,sulphates,alcohol,quality
5.892,0.781,0.171,2.51,0.056,3,298,0.99724,3.342,0.763,10.113,6
7.245,0.371,0.227,3.38,0.097,12,143,0.99528,3.316,0.825,10.49,6
10.093,0.723,0.233,2.69,0.111,44,298,0.99955,3.336,0.68,10.384,6
5.306,0.679,0.403,3.15,0.104,37,313,0.99699,3.314,0.673,10.193,5
7.494,0.518,0.439,3.15,0.069,34,271,0.99793,3.291,0.702,11.12,7
4.976,0.449,0.375,2.97,0.075,17,50,0.9981,3.326,0.691,9.667,4
9.896,0.546,0.159,2.47,0.091,8,230,0.9985,3.296,0.706,10.358,6
5.277,0.543,0.128,8.91,0.105,21,314,1.00031,3.332,0.753,8.366,5
7.032,0.55,0.392,4.16,0.094,37,91,0.99608,3.292,0.44,10.834,6
6.901,0.494,0.065,3.35,0.086,28,347,0.99795,3.319,0.637,11.422,6
6.262,0.256,0.47,5.26,0.067,30,371,1.00092,3.322,0.704,10.503,7
8.172,0.621,0.205,4.52,0.091,36,239,0.99639,3.311,0.696,11.341,6
10.584,0.532,0.413,4.11,0.101,17,424,0.99943,3.328,0.547,10.675,5
10.007,0.434,0.279,5.05,0.089,4,378,0.99784,3.296,0.541,10.06,5
6.476,0.444,0.456,3.86,0.09,41,208,0.99757,3.336,0.758,10.938,6
8.561,0.564,0.672,5.01,0.122,29,389,0.99735,3.323,0.586,10.25,6
6.026,0.424,0.104,5.25,0.079,27,411,0.99866,3.341,0.459,11.31,5
4.761,0.244,0.403,3.91,0.117,27,52,0.99902,3.342,0.749,10.108,5
9.756,0.536,0.199,3.35,0.069,39,439,0.9934,3.292,0.744,11.351,5
7.409,0.678,0.313,8.54,0.124,36,8,0.99987,3.345,0.59,9.172,5
8.219,0.536,0.292,3.07,0.119,31,217,0.99776,3.337,0.536,10.984,7
6.631,0.386,0.348,4.34,0.085,36,413,0.99666,3.289,0.644,9.972,6
7.792,0.51,0.276,4.39,0.119,15,320,0.99909,3.277,0.816,11.284,7
8.73,0.326,0.43,2.95,0.097,33,121,0.99547,3.279,0.492,10.794,5
8.092,0.389,0.201,2.8,0.071,44,285,0.99433,3.305,0.493,10.595,5
6.453,0.452,0.447,3.2,0.085,13,99,0.9994,3.31,0.577,10.16,5
5.621,0.615,0.32,3.06,0.109,27,108,0.99383,3.273,0.674,10.28,5
8.824,0.42,0.254,2.44,0.099,32,401,0.99182,3.291,0.651,9.82,7
8.873,0.474,0.498,2.92,0.069,25,26,0.99917,3.309,0.729,10.813,5
6.176,0.761,0.353,4.1,0.084,44,423,0.99704,3.326,0.796,10.346,5
8.697,0.556,0.548,7.15,0.091,20,202,0.99773,3.343,0.705,11.144,6
7.356,0.599,0.44,4.72,0.083,12,34,0.99707,3.328,0.704,10.149,5
8.736,0.468,0.272,2.16,0.135,8,347,0.99416,3.291,0.7,11.084,5
8.921,0.437,0.344,4.94,0.093,39,26,0.99454,3.318,0.672,10.894,6
6.275,0.253,0.346,3.0,0.09,32,147,0.99695,3.313,0.512,8.969,5
6.295,0.598,0.542,4.48,0.106,27,110,0.99327,3.285,0.588,11.352,6
5.34,0.654,0.327,3.63,0.092,21,346,0.9996,3.315,0.465,9.284,6
7.598,0.559,0.313,3.39,0.118,20,178,0.99772,3.319,0.606,10.209,5
5.739,0.557,0.281,3.5,0.063,43,290,0.99883,3.322,0.653,10.016,5
6.045,0.645,0.319,3.62,0.084,32,37,0.9981,3.333,0.487,10.355,5
4.536,0.344,0.457,7.53,0.113,44,307,0.99848,3.326,0.657,9.962,5
8.75,0.508,0.293,3.62,0.129,37,314,0.99972,3.365,0.524,9.134,5
8.166,0.402,0.284,6.38,0.077,36,130,0.99711,3.33,0.528,9.833,6
7.782,0.795,0.254,5.84,0.077,26,388,0.99856,3.33,0.566,8.952,5
10.149,0.574,0.344,5.01,0.091,13,210,0.99598,3.28,0.587,10.901,5
9.573,0.175,0.258,2.33,0.068,31,295,0.99069,3.266,0.776,10.446,6
7.03,0.335,0.264,6.5,0.085,33,84,0.99863,3.299,0.641,9.563,6
7.173,0.513,0.49,3.09,0.108,25,410,0.9976,3.296,0.75,10.359,6
5.923,0.512,0.282,5.14,0.085,3,113,0.99956,3.274,0.58,10.003,5
10.118,0.406,0.369,2.69,0.058,44,277,0.99597,3.306,0.581,9.66,6
7.566,0.813,0.066,2.57,0.068,38,44,0.99746,3.353,0.844,9.657,4
7.123,0.552,0.413,11.76,0.088,18,25,0.99464,3.311,0.495,10.066,8
7.844,0.602,0.315,2.7,0.054,24,61,0.99906,3.306,0.794,10.008,5
5.208,0.479,0.259,6.63,0.09,8,415,0.99549,3.331,0.814,9.389,6
9.257,0.636,0.347,3.83,0.064,43,97,0.99576,3.275,0.735,10.108,6
7.184,0.445,0.321,3.13,0.118,12,387,0.99746,3.303,0.649,9.995,7
8.563,0.47,0.147,3.58,0.13,19,257,0.99545,3.328,0.833,10.947,6
9.771,0.565,0.47,2.51,0.063,21,44,0.99431,3.293,0.656,10.582,7
6.953,0.368,0.322,3.63,0.102,14,197,1.00038,3.291,0.547,9.854,5
7.917,0.718,0.325,2.62,0.068,30,214,0.9987,3.295,0.631,10.991,5
6.757,0.587,0.215,3.16,0.089,45,121,0.99959,3.347,0.574,10.041,5
8.336,0.646,0.237,5.79,0.119,39,268,0.99769,3.298,0.592,11.352,7
6.432,0.398,0.356,4.07,0.082,25,379,0.99704,3.284,0.776,9.163,5
6.135,0.442,0.474,2.43,0.089,8,389,0.99771,3.368,0.552,9.645,6
9.503,0.377,0.362,5.55,0.071,40,233,0.99596,3.284,0.658,10.872,6
7.709,0.539,0.221,3.64,0.11,14,393,0.99704,3.297,0.518,10.851,6
6.532,0.527,0.372,3.01,0.023,42,406,0.99595,3.285,0.672,11.373,5
6.819,0.463,0.341,5.23,0.08,20,44,0.99625,3.287,0.538,11.244,6
10.137,0.338,0.478,3.42,0.081,25,281,0.99696,3.28,0.573,11.219,6
9.212,0.322,0.438,2.58,0.071,21,341,0.99856,3.308,0.679,10.731,6
8.254,0.52,0.044,10.7,0.107,22,12,0.99801,3.335,0.779,9.865,6
7.743,0.434,0.425,3.62,0.109,10,267,0.99998,3.29,0.734,10.514,6
9.652,0.368,0.302,3.53,0.051,26,402,0.99403,3.265,0.768,11.028,6
7.58,0.677,0.244,3.15,0.124,20,122,0.99223,3.301,0.684,10.698,5
6.879,0.527,0.314,6.77,0.063,39,378,0.99893,3.323,0.617,9.739,7
8.02,0.732,0.349,3.03,0.121,23,411,0.9967,3.327,0.721,10.027,5
9.79,0.402,0.226,2.41,0.085,44,281,0.99525,3.296,0.64,11.898,6
5.59,0.584,0.392,2.9,0.083,15,279,0.99432,3.315,0.736,10.487,6
5.6,0.553,0.391,7.44,0.086,17,238,0.99628,3.322,0.774,9.752,6
7.477,0.313,0.341,5.49,0.09,4,183,0.99439,3.308,0.565,10.759,6
9.927,0.71,0.258,3.31,0.093,34,202,0.99629,3.33,0.588,10.545,5
4.5,0.523,0.233,7.67,0.073,6,232,0.99679,3.358,0.592,10.139,5
7.226,0.655,0.418,5.23,0.089,15,215,0.9982,3.323,0.478,9.886,5
5.665,0.423,0.197,3.3,0.073,42,364,0.99953,3.307,0.615,10.323,7
6.294,0.519,0.437,3.42,0.067,29,339,0.99893,3.319,0.795,10.486,6
6.182,0.453,0.293,4.22,0.079,27,156,0.99497,3.309,0.52,9.915,5
7.71,0.646,0.369,2.78,0.061,37,228,0.99736,3.31,0.838,10.513,4
7.071,0.55,0.187,3.66,0.079,36,99,0.99699,3.312,0.627,10.181,6
8.585,0.519,0.376,4.18,0.09,41,82,0.99559,3.281,0.934,11.208,7
5.804,0.749,0.365,2.36,0.098,31,166,0.99834,3.343,0.555,9.97,4
5.466,0.675,0.211,3.39,0.129,22,31,0.99756,3.308,0.648,10.217,6
9.428,0.583,0.43,3.26,0.039,8,376,0.99471,3.275,0.593,10.336,9
6.629,0.436,0.271,6.16,0.112,18,60,0.99928,3.348,0.519,9.753,5
7.558,0.491,0.232,2.31,0.097,33,147,1.00098,3.332,0.771,10.162,5
3.948,0.464,0.37,3.17,0.116,13,115,0.99756,3.351,0.666,8.474,5
6.247,0.703,0.052,3.07,0.116,31,95,0.99726,3.354,0.717,9.96,5
7.439,0.598,0.336,5.91,0.093,8,165,0.99834,3.323,0.483,9.612,5
7.407,0.277,0.564,3.59,0.083,5,318,0.99317,3.276,0.784,11.328,7
7.616,0.495,0.493,10.3,0.074,18,393,0.99359,3.307,0.56,11.0,6
8.666,0.264,0.44,4.99,0.092,12,87,0.99477,3.293,0.564,12.045,7
10.084,0.518,0.314,3.14,0.052,40,109,1.00006,3.318,0.69,10.869,5
10.048,0.317,0.274,4.05,0.106,19,209,0.99728,3.317,0.683,10.391,4
4.348,0.635,0.279,3.2,0.095,21,144,0.99858,3.321,0.64,9.148,5
11.453,0.551,0.418,5.57,0.076,20,353,0.99232,3.32,0.759,9.648,6
6.424,0.763,0.272,2.5,0.083,16,102,0.99778,3.291,0.767,10.935,5
8.641,0.647,0.41,2.79,0.088,42,180,0.99766,3.362,0.817,10.886,6
8.957,0.465,0.562,4.48,0.115,34,242,0.99571,3.322,0.536,10.02,5
6.209,0.626,0.342,6.97,0.153,9,171,0.9974,3.284,0.832,10.295,5
7.59,0.373,0.184,2.23,0.118,12,273,0.99828,3.322,0.849,9.7,5
7.158,0.409,0.202,7.68,0.079,6,352,0.9953,3.327,0.616,9.949,7
7.276,0.618,0.379,3.45,0.109,14,236,0.99912,3.318,0.444,10.259,5
7.623,0.254,0.33,2.3,0.104,31,204,0.99982,3.282,0.504,10.345,5
9.127,0.523,0.43,2.11,0.071,43,419,0.99678,3.288,0.611,10.219,5
7.237,0.411,0.275,2.42,0.067,23,432,0.99591,3.325,0.872,11.456,6
7.413,0.531,0.434,3.62,0.087,6,437,0.99663,3.271,0.671,9.742,6
9.525,0.36,0.349,3.55,0.102,5,13,0.99825,3.271,0.613,10.954,6
8.448,0.573,0.277,4.92,0.056,20,369,0.99454,3.317,0.593,9.927,5
9.633,0.472,0.352,3.01,0.067,14,396,0.9969,3.285,0.558,10.998,6
7.89,0.641,0.281,2.61,0.091,27,355,0.99412,3.272,0.807,11.287,7
5.922,0.532,0.538,3.14,0.091,8,331,0.9978,3.3,0.649,10.713,7
7.897,0.365,0.386,3.7,0.109,12,164,0.99451,3.258,0.937,11.0,6
6.042,0.522,0.384,4.03,0.065,26,321,0.99679,3.328,0.712,9.802,5
9.39,0.311,0.324,2.81,0.131,15,257,0.9992,3.279,0.783,10.732,6
8.655,0.588,0.23,5.71,0.06,18,366,0.99462,3.301,0.629,9.689,5
6.769,0.627,0.299,2.94,0.052,12,158,0.9988,3.324,0.525,10.35,5
8.495,0.896,0.411,2.75,0.095,5,328,1.00193,3.32,0.531,9.857,6
9.054,0.462,0.277,3.01,0.069,17,346,0.99901,3.3,0.5,10.349,5
6.604,0.552,0.204,6.34,0.097,17,367,0.9961,3.29,0.72,9.535,5
6.32,0.452,0.359,3.46,0.088,41,80,0.99465,3.316,0.62,10.249,4
10.407,0.517,0.424,2.88,0.08,41,380,0.99477,3.298,0.793,11.403,5
6.659,0.612,0.476,5.79,0.078,21,100,0.99846,3.311,0.652,10.389,5
7.998,0.502,0.393,13.34,0.096,15,412,0.99721,3.282,0.643,11.278,6
6.314,0.702,0.378,3.99,0.088,20,22,0.99554,3.321,0.51,10.094,5
5.989,0.458,0.405,7.01,0.113,29,103,0.99577,3.322,0.687,10.87,6
6.063,0.622,0.256,6.19,0.081,19,270,0.99475,3.3,0.662,10.554,6
8.878,0.57,0.269,2.96,0.066,35,241,0.99618,3.333,0.78,10.58,7
7.63,0.462,0.288,3.69,0.047,44,304,0.99956,3.301,0.629,11.751,6
11.611,0.493,0.204,2.52,0.087,20,181,0.99553,3.309,0.725,10.675,6
7.125,0.783,0.473,3.37,0.056,8,7,0.99374,3.303,0.885,10.956,7
5.547,0.428,0.365,2.94,0.064,8,274,0.99515,3.313,0.687,9.717,5
8.847,0.532,0.379,3.15,0.095,40,227,0.99763,3.298,0.773,10.669,6
9.105,0.454,0.062,2.84,0.058,20,226,0.99778,3.343,0.707,9.677,5
7.305,0.771,0.538,3.27,0.12,17,169,0.99575,3.295,0.862,11.043,5
7.974,0.657,0.241,4.66,0.095,29,392,0.99687,3.314,0.693,10.534,5
4.523,0.457,0.533,3.48,0.091,44,349,0.9961,3.339,0.726,9.727,6
6.715,0.583,0.206,2.31,0.067,21,84,0.99755,3.312,0.665,9.947,5
6.538,0.531,0.286,2.84,0.101,16,22,1.00185,3.292,0.598,10.323,6
5.352,0.433,0.146,2.42,0.086,40,84,0.99762,3.266,0.549,10.409,6
7.608,0.626,0.378,4.05,0.076,6,27,0.99706,3.264,0.801,10.245,3
5.404,0.523,0.279,4.59,0.086,39,313,0.9945,3.332,0.59,11.593,6
6.314,0.52,0.265,4.08,0.051,25,275,0.99363,3.303,0.769,10.308,8
6.729,0.52,0.206,2.81,0.057,3,206,0.99866,3.297,0.709,11.497,5
5.304,0.633,0.378,4.06,0.074,12,262,0.99986,3.333,0.728,9.229,4
7.816,0.567,0.405,3.08,0.098,32,356,0.99655,3.293,0.598,9.506,5
7.681,0.545,0.515,2.59,0.091,35,366,0.99992,3.306,0.568,11.05,6
9.518,0.403,0.309,5.21,0.105,11,194,0.99623,3.276,0.733,11.518,5
8.913,0.727,0.382,5.44,0.068,31,263,0.99826,3.274,0.644,10.505,6
8.706,0.408,0.199,5.87,0.104,45,256,0.99827,3.273,0.514,10.303,5
8.765,0.517,0.365,2.95,0.078,32,418,0.99519,3.255,0.922,11.383,7
6.303,0.564,0.223,6.77,0.082,33,336,0.99735,3.357,0.519,9.39,5
6.693,0.83,0.325,3.06,0.108,11,142,0.99884,3.315,0.5,8.737,5
8.331,0.376,0.473,4.97,0.083,30,390,0.99804,3.308,0.66,9.53,6
6.728,0.44,0.434,3.04,0.078,33,178,0.99643,3.331,0.794,9.803,5
7.323,0.384,0.272,3.35,0.088,7,334,0.99768,3.304,0.436,11.458,6
5.651,0.602,0.414,2.19,0.092,16,430,0.99591,3.314,0.767,10.839,6
8.207,0.341,0.345,3.26,0.085,40,357,0.99858,3.309,0.567,10.308,6
8.377,0.412,0.355,3.79,0.074,45,52,0.9965,3.283,0.729,10.533,5
7.222,0.213,0.301,3.14,0.059,10,95,0.99393,3.321,0.612,10.921,6
6.811,0.544,0.298,10.01,0.089,34,351,0.99642,3.342,0.891,10.737,6
6.045,0.448,0.529,2.58,0.072,24,59,0.99873,3.333,0.686,10.819,7
8.368,0.357,0.353,2.99,0.072,28,11,0.9953,3.274,0.568,8.778,5
6.4,0.727,0.31,2.73,0.093,24,118,0.99659,3.32,0.587,11.165,6
6.585,0.34,0.331,2.99,0.102,40,217,0.99666,3.303,0.684,11.119,6
8.911,0.615,0.601,6.17,0.091,22,61,1.00108,3.313,0.693,10.444,5
5.469,0.496,0.421,8.24,0.088,28,72,0.99743,3.295,0.667,9.204,5
4.86,0.767,0.243,2.88,0.083,31,153,0.99902,3.285,0.639,10.427,5
7.947,0.672,0.275,2.86,0.109,26,265,0.99896,3.351,0.477,9.98,5
5.886,0.437,0.286,2.58,0.048,40,242,0.9971,3.312,0.595,9.856,5
6.707,0.417,0.349,7.34,0.107,13,352,0.99778,3.282,0.722,10.452,5
5.605,0.701,0.19,6.52,0.066,43,431,0.99879,3.32,0.52,9.053,4
9.618,0.465,0.41,3.5,0.057,32,20,0.99579,3.307,0.756,10.898,6
8.134,0.473,0.515,2.47,0.075,44,304,0.99307,3.281,0.689,11.117,6
5.794,0.692,0.212,2.51,0.133,19,77,0.99716,3.314,0.639,10.518,6
6.445,0.519,0.154,3.92,0.136,23,162,1.00131,3.32,0.73,9.342,5
5.939,0.581,0.258,4.7,0.11,4,154,0.99842,3.289,0.441,10.494,5
10.666,0.623,0.323,2.26,0.093,42,310,0.99868,3.328,0.608,9.902,5
5.494,0.73,0.458,3.23,0.066,38,117,1.00091,3.351,0.728,8.677,5
4.283,0.509,0.441,9.07,0.093,15,394,0.99717,3.303,0.862,10.321,6
7.773,0.499,0.429,3.36,0.08,5,172,0.99621,3.302,0.907,9.853,7
10.86,0.267,0.345,8.3,0.068,32,359,0.99538,3.327,0.692,10.576,6
9.027,0.422,0.287,4.96,0.097,31,419,0.9951,3.332,0.69,10.571,5
10.449,0.547,0.216,2.62,0.077,25,227,0.99614,3.325,0.767,10.538,6
6.175,0.502,0.427,3.27,0.106,9,49,0.99733,3.295,0.807,9.515,5
10.065,0.47,0.449,3.47,0.041,42,310,0.99895,3.287,0.744,10.981,6
6.492,0.66,0.473,2.7,0.091,21,189,0.99822,3.316,0.766,10.395,6
7.797,0.372,0.322,2.69,0.072,34,152,0.99546,3.298,0.714,10.373,5
4.913,0.535,0.296,8.4,0.087,39,204,0.99533,3.32,0.692,10.125,6
7.479,0.505,0.399,2.68,0.089,26,136,0.99563,3.282,0.594,11.168,6
5.82,0.47,0.402,6.35,0.072,7,127,0.99974,3.329,0.601,9.824,5
7.766,0.761,0.155,3.11,0.1,41,435,0.99801,3.299,0.571,9.13,4
8.353,0.657,0.406,3.61,0.087,31,126,0.9986,3.324,0.523,9.971,5
7.034,0.605,0.306,4.73,0.082,41,205,0.99791,3.329,0.451,9.504,6
6.27,0.725,0.267,2.96,0.075,29,316,0.99776,3.293,0.641,10.646,7
7.419,0.312,0.151,4.75,0.084,42,101,0.99352,3.311,0.647,10.938,5
7.156,0.489,0.361,2.26,0.069,40,274,0.99948,3.289,0.7,11.017,7
7.463,0.635,0.435,4.45,0.098,12,394,0.99656,3.316,0.68,9.969,5
8.817,0.423,0.498,2.18,0.086,10,358,0.99919,3.325,0.672,9.959,5
9.192,0.553,0.389,3.34,0.076,9,18,0.99635,3.316,0.643,11.256,5
5.006,0.453,0.479,5.56,0.131,37,181,0.99879,3.323,0.512,9.777,5
2.734,0.661,0.3,4.89,0.104,13,6,0.99789,3.312,0.727,9.822,5
5.709,0.628,0.469,2.51,0.077,22,269,0.9968,3.293,0.677,11.105,6
9.791,0.545,0.312,2.58,0.09,36,147,0.9977,3.292,0.627,10.22,6
6.944,0.284,0.293,2.89,0.069,21,393,0.99928,3.339,0.643,9.313,5
7.751,0.334,0.332,3.95,0.071,5,82,0.99831,3.292,0.629,10.898,6
9.456,0.616,0.123,2.26,0.085,18,375,0.99828,3.314,0.593,10.517,4
9.432,0.52,0.48,3.63,0.063,7,154,1.00039,3.287,0.607,10.508,5
8.988,0.102,0.342,4.18,0.087,19,405,0.99549,3.298,0.684,11.23,5
7.856,0.648,0.297,3.28,0.074,34,92,0.99834,3.283,0.763,10.433,8
6.558,0.581,0.194,4.65,0.088,25,122,0.999,3.308,0.681,8.9,5
8.219,0.398,0.341,4.02,0.075,32,158,0.99556,3.317,0.848,11.334,6
10.148,0.634,0.538,3.01,0.146,7,433,0.99701,3.309,0.811,10.522,6
7.891,0.447,0.545,2.29,0.077,35,324,0.99844,3.262,0.872,10.02,6
7.997,0.461,0.156,3.86,0.052,21,360,0.99777,3.314,0.707,9.695,6
10.338,0.512,0.36,2.7,0.049,15,245,0.99645,3.29,0.766,11.764,5
5.814,0.759,0.239,2.98,0.105,31,350,0.99896,3.302,0.608,10.774,5
8.226,0.753,0.429,4.54,0.118,8,278,0.99755,3.317,0.743,9.668,6
7.796,0.536,0.403,7.9,0.071,24,295,0.99037,3.26,0.617,11.402,6
4.425,0.563,0.3,3.59,0.112,21,369,0.99995,3.244,0.518,10.579,7
4.492,0.629,0.35,4.71,0.104,10,432,0.99661,3.289,0.83,10.041,6
6.175,0.357,0.301,2.45,0.085,43,255,0.9954,3.312,0.53,10.282,5
7.176,0.662,0.46,4.06,0.092,18,197,0.9963,3.262,0.674,9.286,5
7.627,0.431,0.398,3.56,0.093,4,289,0.99654,3.292,0.566,9.683,5
8.709,0.519,0.452,6.98,0.1,22,327,0.99482,3.254,0.821,11.364,5
11.041,0.455,0.112,3.01,0.091,44,434,0.99466,3.29,0.831,10.774,7
4.847,0.634,0.3,3.33,0.082,31,309,0.99693,3.362,0.69,10.11,4
7.273,0.55,0.545,6.28,0.087,30,420,0.99847,3.307,0.794,10.387,6
7.414,0.151,0.455,3.52,0.133,41,323,1.00189,3.315,0.646,10.309,5
6.055,0.569,0.142,2.61,0.097,6,419,0.99934,3.332,0.895,9.075,5
7.818,0.595,0.325,18.39,0.105,26,332,0.99906,3.304,0.756,10.11,7
5.968,0.548,0.254,2.62,0.095,16,390,0.99551,3.292,0.59,11.104,6
7.743,0.598,0.441,3.56,0.107,32,88,0.99961,3.356,0.609,8.614,4
7.22,0.705,0.398,4.25,0.087,39,436,0.99716,3.306,0.671,10.984,6
10.236,0.571,0.263,4.1,0.108,6,157,0.99599,3.316,0.632,9.599,6
7.438,0.583,0.347,3.39,0.104,9,352,0.99634,3.306,0.481,10.362,5
7.975,0.709,0.042,3.4,0.101,44,176,1.00012,3.318,0.672,10.55,5
8.008,0.543,0.261,3.33,0.071,24,204,0.9986,3.317,0.532,11.126,5
7.988,0.382,0.371,2.6,0.093,16,330,0.99662,3.292,0.405,9.78,5
7.418,0.171,0.46,13.42,0.083,9,240,0.99384,3.32,0.652,11.261,6
7.228,0.485,0.131,3.35,0.086,18,316,0.99714,3.295,0.565,10.994,7
8.984,0.572,0.351,4.82,0.135,3,40,0.99295,3.319,0.606,12.43,7
6.403,0.479,0.445,3.22,0.058,12,367,0.99732,3.318,0.322,10.603,5
6.445,0.673,0.161,3.2,0.115,10,183,0.99881,3.304,0.539,9.116,6
6.377,0.558,0.356,3.09,0.074,6,348,0.99698,3.323,0.635,10.408,5
11.08,0.674,0.366,2.41,0.089,44,129,0.99719,3.289,0.607,11.394,6
7.856,0.463,0.536,3.43,0.137,36,264,0.99739,3.301,0.723,10.58,6
10.291,0.554,0.348,3.14,0.066,43,261,0.99688,3.288,0.839,11.289,7
7.156,0.594,0.324,6.73,0.075,13,66,0.99486,3.307,0.718,9.899,5
8.922,0.667,0.475,2.56,0.081,15,211,0.9953,3.309,0.814,11.231,6
6.553,0.258,0.25,2.98,0.066,15,281,0.99683,3.303,0.818,9.7,6
5.584,0.53,0.267,2.73,0.116,27,368,1.00199,3.308,0.505,9.06,7
7.726,0.639,0.296,8.04,0.079,10,390,0.99672,3.288,0.709,10.317,6
9.363,0.744,0.315,2.75,0.105,13,172,0.99873,3.32,0.76,9.953,5
6.838,0.605,0.387,4.73,0.07,44,285,1.00018,3.332,0.581,9.089,6
9.628,0.477,0.408,5.95,0.052,18,81,0.99653,3.292,0.583,10.237,6
8.93,0.597,0.292,3.45,0.081,36,394,0.99878,3.331,0.741,10.872,5
8.84,0.685,0.318,2.48,0.065,12,382,1.00078,3.341,0.467,9.718,5
8.145,0.442,0.525,2.48,0.114,42,439,0.999,3.283,0.57,10.863,7
10.785,0.571,0.259,5.57,0.059,32,217,0.99817,3.295,0.588,10.691,7
5.758,0.732,0.313,2.53,0.076,40,161,1.00326,3.322,0.675,9.51,4
7.489,0.718,0.37,4.35,0.09,25,334,0.99458,3.283,0.726,11.726,6
5.595,0.632,0.329,3.83,0.079,41,319,1.00169,3.337,0.77,9.734,6
11.571,0.49,0.216,4.32,0.053,18,98,0.99767,3.314,0.591,11.847,7
7.214,0.59,0.424,4.52,0.14,23,240,1.00169,3.334,0.505,10.0,5
7.951,0.551,0.306,2.71,0.063,5,285,0.99535,3.306,0.754,10.777,5
9.759,0.484,0.469,2.69,0.082,10,203,0.9982,3.316,0.594,10.548,6
7.709,0.587,0.25,5.14,0.09,36,167,1.00099,3.322,0.57,9.983,4
10.746,0.363,0.303,2.94,0.1,17,110,0.99436,3.308,0.477,10.981,6
4.191,0.751,0.417,2.14,0.107,7,184,0.99831,3.34,0.655,10.177,5
7.619,0.352,0.465,4.96,0.069,15,112,0.99226,3.31,0.851,10.01,5
7.549,0.434,0.395,2.65,0.078,18,136,0.99592,3.281,0.575,11.031,8
4.739,0.538,0.421,4.51,0.085,33,86,0.99554,3.295,0.776,9.308,6
8.806,0.793,0.308,7.78,0.106,6,169,0.99697,3.306,0.651,10.161,6
6.887,0.482,0.333,3.67,0.068,4,280,1.00332,3.298,0.461,10.94,6
9.104,0.41,0.302,6.04,0.126,34,169,0.99988,3.269,0.585,10.021,6
10.711,0.458,0.431,3.89,0.075,9,67,0.99441,3.323,0.555,9.505,5
7.547,0.714,0.298,8.88,0.085,21,353,0.99759,3.306,0.648,10.823,6
6.651,0.172,0.482,2.63,0.068,32,193,0.9991,3.286,0.7,10.891,5
7.735,0.391,0.316,3.64,0.063,25,259,0.99641,3.302,0.869,10.572,5
8.364,0.906,0.324,5.02,0.075,8,233,0.99819,3.313,0.488,9.079,5
7.857,0.544,0.469,3.39,0.062,34,225,0.99624,3.292,0.651,10.262,5
5.375,0.443,0.293,6.65,0.09,5,196,0.99607,3.308,0.521,9.615,5
9.135,0.512,0.321,3.12,0.069,12,333,0.99491,3.279,0.53,9.875,4
8.638,0.503,0.367,12.62,0.099,7,377,0.99673,3.308,0.696,10.823,5
4.617,0.636,0.433,13.13,0.074,25,398,0.9974,3.278,0.663,10.449,7
7.32,0.687,0.344,4.13,0.06,32,198,0.99378,3.277,0.519,11.106,6
10.745,0.518,0.381,4.71,0.073,30,153,0.99411,3.282,0.706,12.007,7
9.191,0.398,0.394,6.82,0.101,8,41,0.99554,3.286,0.571,11.385,7
6.197,0.639,0.421,2.57,0.095,17,198,0.99925,3.317,0.656,10.818,5
6.871,0.454,0.318,2.51,0.09,9,436,0.99752,3.347,0.789,10.573,5
7.518,0.391,0.525,7.11,0.061,17,118,1.00042,3.276,0.714,10.289,6
8.907,0.277,0.345,4.11,0.064,12,372,0.9953,3.319,0.697,10.509,6
6.612,0.271,0.364,3.34,0.056,34,334,0.99625,3.241,0.642,10.867,6
6.183,0.415,0.321,3.67,0.116,35,292,0.99664,3.339,0.666,10.615,5
7.439,0.394,0.194,2.19,0.103,38,251,0.99892,3.275,0.71,9.754,6
8.011,0.533,0.268,3.39,0.067,11,334,0.99477,3.346,0.738,11.645,6
9.397,0.314,0.338,2.84,0.07,3,48,0.99962,3.282,0.692,10.696,7
6.322,0.089,0.481,5.77,0.069,4,61,0.99309,3.325,0.707,10.821,6
8.601,0.359,0.367,6.04,0.067,39,90,0.99983,3.32,0.54,10.636,6
9.374,0.446,0.311,4.77,0.096,41,338,0.99691,3.294,0.595,10.361,7
7.727,0.469,0.447,4.35,0.087,12,193,0.99886,3.309,0.725,11.158,6
7.279,0.743,0.482,2.43,0.134,40,96,1.00038,3.299,0.741,9.877,6
6.466,0.49,0.431,4.81,0.121,25,25,1.00004,3.339,0.642,9.634,6
6.226,0.645,0.254,4.91,0.116,10,218,0.99585,3.302,0.823,9.965,5
7.478,0.519,0.298,7.06,0.102,16,179,0.99827,3.291,0.722,10.435,6
9.502,0.508,0.536,13.09,0.079,14,83,1.0006,3.315,0.646,10.467,7
5.217,0.522,0.278,2.36,0.116,35,16,0.99812,3.327,0.454,8.444,5
4.829,0.589,0.256,3.16,0.092,11,333,1.00324,3.326,0.771,9.236,4
7.263,0.403,0.435,2.85,0.119,10,344,0.99736,3.303,0.764,10.96,5
7.108,0.581,0.416,3.93,0.102,33,112,0.99717,3.307,0.837,10.445,5
8.105,0.438,0.335,3.67,0.086,15,220,0.99393,3.279,0.942,11.102,8
6.664,0.478,0.301,3.34,0.103,13,115,0.99867,3.365,0.468,9.42,4
9.269,0.602,0.481,6.16,0.117,37,183,0.99193,3.286,0.559,10.851,6
8.4,0.598,0.213,2.61,0.063,43,53,0.99678,3.307,0.336,9.891,5
9.807,0.451,0.359,2.65,0.124,26,416,0.99624,3.299,0.776,10.106,6
11.26,0.426,0.334,2.66,0.069,38,318,0.99198,3.277,0.82,11.107,8
7.278,0.46,0.292,3.19,0.053,39,397,0.99727,3.269,0.713,10.711,6
5.788,0.435,0.269,2.55,0.077,28,134,0.99731,3.324,0.513,10.529,5
7.151,0.546,0.382,3.58,0.058,38,384,0.99621,3.318,0.645,9.996,6
6.794,0.448,0.309,3.42,0.103,3,230,0.99662,3.274,0.681,10.144,6
6.359,0.38,0.299,2.81,0.065,4,91,0.9973,3.336,0.766,10.472,6
6.561,0.33,0.336,5.62,0.095,40,150,0.99773,3.343,0.682,10.781,5
6.718,0.484,0.225,3.56,0.113,9,358,0.99592,3.294,0.732,9.824,6
7.615,0.546,0.432,6.29,0.068,34,342,0.99607,3.268,0.688,11.181,6
7.117,0.432,0.46,3.38,0.084,21,318,0.99699,3.312,0.796,10.368,6
11.115,0.754,0.421,3.61,0.049,36,104,0.99237,3.246,0.803,11.661,7
7.582,0.65,0.316,2.99,0.083,31,287,0.99685,3.339,0.526,10.36,5
11.831,0.651,0.419,3.64,0.135,6,414,0.99721,3.284,0.847,10.953,5
8.095,0.611,0.157,5.13,0.102,17,27,0.99786,3.335,0.811,10.99,6
7.447,0.748,0.413,3.14,0.081,33,145,0.99626,3.286,0.727,10.576,5
6.795,0.458,0.624,4.63,0.082,42,40,0.99944,3.318,0.669,10.78,5
7.452,0.212,0.315,2.79,0.091,37,51,0.99573,3.341,0.831,10.125,6
8.145,0.465,0.334,5.26,0.092,41,439,0.99523,3.301,0.485,9.535,5
10.776,0.579,0.434,2.98,0.078,44,110,0.99619,3.307,0.813,10.921,5
6.858,0.518,0.532,5.55,0.096,41,83,0.99947,3.321,0.631,10.908,7
7.638,0.614,0.396,3.74,0.078,27,38,0.99887,3.315,0.746,9.696,5
7.065,0.733,0.098,8.48,0.075,17,431,0.99755,3.295,0.651,9.768,6
4.147,0.632,0.351,2.58,0.105,24,209,1.00174,3.299,0.486,8.566,5
7.981,0.659,0.576,2.44,0.07,37,349,0.99737,3.33,0.588,9.007,7
9.09,0.412,0.399,2.95,0.105,21,114,1.00188,3.319,0.769,11.069,5
7.525,0.321,0.281,2.47,0.08,38,284,0.99457,3.309,0.684,10.859,7
6.455,0.786,0.328,2.47,0.06,33,390,0.99648,3.321,0.558,10.183,3
3.406,0.622,0.144,4.88,0.103,12,297,0.999,3.308,0.535,8.484,5
4.978,0.482,0.435,3.64,0.061,42,230,0.99765,3.274,0.707,9.353,4
8.996,0.443,0.25,3.07,0.103,39,97,0.99552,3.365,0.857,10.722,6
7.913,0.387,0.397,3.16,0.077,28,107,1.001,3.301,0.466,10.999,5
5.161,0.472,0.225,2.96,0.132,11,265,0.99882,3.325,0.944,10.127,6
8.091,0.345,0.301,9.28,0.109,12,201,0.99775,3.309,0.696,10.531,7
8.744,0.231,0.578,2.85,0.054,39,26,0.99371,3.246,0.798,11.531,8
6.87,0.498,0.356,2.5,0.049,3,91,0.99598,3.292,0.617,10.043,5
9.021,0.424,0.309,5.38,0.071,23,193,0.9986,3.335,0.681,10.08,6
6.077,0.659,0.238,3.36,0.063,29,83,0.99356,3.318,0.692,11.196,6
6.571,0.546,0.172,12.33,0.123,12,246,0.99445,3.287,0.56,11.366,6
8.722,0.509,0.262,3.03,0.082,40,136,0.99538,3.267,0.611,10.492,7
8.093,0.467,0.323,5.53,0.113,25,132,1.00086,3.311,0.767,9.321,5
9.533,0.494,0.455,6.37,0.081,5,53,0.99604,3.297,0.503,10.383,5
5.835,0.609,0.257,3.03,0.091,16,224,0.99895,3.362,0.686,10.063,6
8.765,0.62,0.499,2.84,0.089,20,87,0.99729,3.305,0.621,10.243,5
7.031,0.481,0.299,5.21,0.107,12,279,0.99896,3.274,0.58,11.018,7
9.414,0.697,0.293,4.77,0.1,43,413,0.99483,3.318,0.858,9.927,5
5.644,0.539,0.225,2.46,0.07,18,401,0.99899,3.318,0.549,10.134,5
9.099,0.641,0.432,2.6,0.124,24,295,0.99711,3.287,0.53,11.403,6
6.037,0.489,0.531,2.17,0.087,26,356,0.99972,3.326,0.624,9.752,6
9.842,0.313,0.148,4.82,0.084,12,405,0.99615,3.341,0.562,10.878,5
7.763,0.588,0.285,3.3,0.037,27,301,0.99795,3.321,0.644,10.725,6
6.797,0.583,0.502,3.42,0.097,18,117,0.99604,3.28,0.706,11.079,7
5.79,0.649,0.158,2.36,0.098,3,223,0.99642,3.314,0.654,8.772,5
9.558,0.532,0.442,2.61,0.084,20,377,0.99337,3.259,0.684,11.0,7
8.36,0.51,0.44,3.07,0.086,28,295,0.9968,3.316,0.564,9.713,6
6.79,0.451,0.326,2.9,0.082,8,163,0.99822,3.325,0.713,9.982,5
7.3,0.61,0.388,3.83,0.084,36,79,0.996,3.295,0.642,9.664,6
9.143,0.551,0.545,4.79,0.094,31,68,0.99576,3.337,0.63,11.116,5
8.024,0.435,0.554,14.71,0.1,16,169,0.99296,3.318,0.838,11.075,6
5.687,0.669,0.338,3.62,0.085,28,355,0.99643,3.272,0.65,10.948,6
6.422,0.407,0.294,6.5,0.108,16,245,0.99914,3.272,0.786,10.212,5
6.248,0.528,0.185,2.78,0.099,30,31,1.00062,3.316,0.742,8.818,5
8.536,0.771,0.413,2.37,0.084,9,404,0.99785,3.351,0.781,10.112,4
11.537,0.549,0.283,3.2,0.081,29,181,0.99538,3.296,0.803,12.383,7
8.421,0.487,0.312,2.39,0.063,5,175,0.99573,3.344,0.657,10.289,5
7.691,0.573,0.346,3.67,0.095,3,361,1.00069,3.312,0.649,10.455,5
8.64,0.541,0.298,2.82,0.058,13,169,1.00119,3.303,0.64,10.306,5
7.262,0.133,0.402,2.28,0.064,10,273,0.99661,3.271,0.45,10.559,6
5.773,0.483,0.536,9.87,0.06,24,405,1.0043,3.341,0.689,9.721,5
5.417,0.565,0.292,3.02,0.092,10,230,0.99701,3.32,0.657,9.714,6
6.015,0.465,0.312,2.38,0.12,13,272,0.99433,3.299,0.764,10.735,6
7.648,0.573,0.432,5.7,0.089,7,159,0.99616,3.346,0.639,10.413,6
8.332,0.643,0.393,2.86,0.098,41,392,0.996,3.296,0.757,10.906,5
8.395,0.487,0.485,6.4,0.137,34,38,1.00188,3.336,0.51,10.6,6
7.177,0.442,0.314,2.85,0.105,12,125,0.99801,3.295,0.496,9.239,6
7.172,0.601,0.291,3.01,0.079,8,436,0.99631,3.373,0.367,9.478,6
6.678,0.563,0.097,4.25,0.088,39,216,0.99743,3.328,0.592,9.314,6
7.039,0.525,0.165,4.81,0.092,31,81,0.99997,3.329,0.564,10.097,5
8.09,0.486,0.161,5.29,0.077,41,185,0.99915,3.325,0.565,10.111,6
6.347,0.823,0.376,3.52,0.079,10,116,0.99638,3.301,0.696,10.397,6
9.213,0.174,0.259,4.65,0.1,18,233,0.99188,3.304,0.659,11.587,7
9.322,0.43,0.508,5.23,0.103,8,108,0.99378,3.311,0.538,11.528,6
6.201,0.543,0.332,3.97,0.059,21,179,1.00108,3.3,0.931,10.838,5
5.974,0.503,0.251,3.45,0.084,9,400,1.0006,3.322,0.602,8.679,5
6.762,0.635,0.266,2.45,0.079,3,41,0.99713,3.307,0.549,9.869,5
7.244,0.607,0.427,4.83,0.098,24,337,1.00029,3.298,0.607,10.529,6
6.251,0.502,0.278,3.71,0.11,45,39,1.00067,3.331,0.656,10.614,6
9.636,0.472,0.261,3.14,0.141,30,204,0.99663,3.316,0.657,10.479,5
8.004,0.56,0.421,7.21,0.087,35,296,0.99841,3.324,0.772,9.453,5
9.264,0.461,0.423,2.46,0.074,37,420,0.99471,3.303,0.691,10.862,5
9.403,0.558,0.284,9.24,0.107,44,114,0.99771,3.282,0.837,10.054,5
7.453,0.49,0.418,3.62,0.074,8,28,0.99392,3.292,0.624,9.84,5
11.197,0.585,0.322,4.19,0.09,13,331,0.99489,3.323,0.691,11.184,7
6.726,0.646,0.363,3.16,0.084,29,393,0.99431,3.338,0.76,10.082,6
8.559,0.33,0.293,2.37,0.032,38,251,0.99844,3.3,0.82,11.341,5
6.525,0.409,0.533,3.45,0.095,36,32,0.99459,3.345,0.793,9.805,5
8.681,0.265,0.315,4.23,0.081,34,223,1.00022,3.314,0.657,11.076,6
8.565,0.643,0.495,5.03,0.115,16,175,0.99585,3.3,0.659,10.347,5
7.79,0.535,0.345,3.38,0.086,18,201,1.00007,3.298,0.407,11.082,7
11.363,0.522,0.484,2.23,0.054,6,29,0.99467,3.293,0.691,11.149,7
7.817,0.34,0.417,2.41,0.084,16,143,0.99406,3.3,0.783,11.128,6
6.888,0.807,0.417,12.45,0.055,9,439,1.00101,3.356,0.727,8.981,6
5.852,0.465,0.244,2.62,0.068,43,25,1.00046,3.293,0.641,10.598,6
8.179,0.542,0.456,7.96,0.101,6,402,0.99524,3.313,0.854,10.484,5
7.308,0.636,0.529,2.71,0.084,18,230,0.99651,3.323,0.621,9.852,5
5.407,0.459,0.265,3.4,0.117,41,259,0.99696,3.323,0.54,10.542,5
5.703,0.489,0.317,4.89,0.055,44,411,0.99784,3.31,0.587,10.832,5
10.62,0.579,0.265,2.79,0.089,19,100,0.99818,3.317,0.518,8.928,5
7.032,0.901,0.305,8.91,0.08,23,433,0.9966,3.326,0.728,10.389,6
4.339,0.62,0.467,3.77,0.116,25,126,0.99497,3.318,0.655,9.997,5
5.873,0.766,0.216,4.5,0.107,38,157,0.99685,3.298,0.707,10.167,5
7.485,0.679,0.253,3.3,0.102,36,201,0.99851,3.33,0.62,11.159,7
8.497,0.561,0.515,4.98,0.118,25,267,0.99646,3.312,0.665,11.167,5
9.302,0.345,0.451,8.83,0.075,18,146,0.9952,3.311,0.461,11.156,7
8.486,0.661,0.558,3.46,0.116,19,350,0.99526,3.323,0.706,11.528,6
6.481,0.336,0.294,9.82,0.069,30,15,0.9961,3.354,0.67,10.758,6
8.581,0.703,0.383,2.95,0.063,38,295,0.99921,3.32,0.564,10.577,7
5.89,0.57,0.262,5.28,0.107,6,290,0.99538,3.3,0.638,9.842,6
5.656,0.229,0.317,4.56,0.066,36,237,0.99987,3.334,0.6,10.358,5
5.754,0.504,0.147,2.63,0.104,23,272,0.99786,3.305,0.841,9.671,6
5.567,0.623,0.401,4.0,0.093,9,330,0.99801,3.304,0.537,9.987,6
8.388,0.524,0.351,3.66,0.115,7,398,0.99648,3.29,0.679,9.858,6
8.697,0.606,0.349,2.77,0.086,17,100,0.99617,3.299,0.552,10.692,6
9.458,0.385,0.331,4.28,0.086,13,212,0.9964,3.309,0.623,10.647,6
6.686,0.399,0.218,3.88,0.106,7,249,0.99725,3.322,0.663,9.147,6
8.349,0.528,0.407,3.54,0.078,15,155,0.99814,3.29,0.632,10.792,5
4.642,0.549,0.21,3.55,0.078,38,428,0.99859,3.285,0.649,9.91,5
8.669,0.482,0.394,3.52,0.099,33,227,1.00157,3.351,0.699,11.349,5
7.871,0.678,0.557,3.18,0.088,11,263,0.99757,3.313,0.614,10.595,6
7.593,0.454,0.459,3.87,0.087,31,90,0.99436,3.305,0.733,10.493,6
6.983,0.618,0.149,2.92,0.095,22,186,1.00085,3.336,0.592,10.005,5
5.498,0.565,0.264,20.01,0.126,35,277,0.99756,3.363,0.631,10.623,4
5.797,0.303,0.403,2.46,0.078,13,191,1.00069,3.314,0.717,10.903,5
6.009,0.378,0.316,2.97,0.083,5,340,1.00075,3.261,0.671,10.164,8
8.255,0.528,0.203,3.05,0.055,16,65,0.99621,3.362,0.733,10.888,5
9.347,0.739,0.421,12.34,0.082,45,72,0.99748,3.256,0.73,12.173,6
5.234,0.618,0.328,2.5,0.105,26,153,0.99643,3.31,0.703,10.004,5
6.604,0.277,0.556,4.42,0.103,5,144,0.99656,3.277,0.645,11.069,6
6.176,0.136,0.306,4.06,0.094,44,359,0.99892,3.299,0.535,10.161,6
6.671,0.637,0.447,4.23,0.111,38,382,0.99982,3.32,0.495,10.406,5
4.318,0.576,0.163,7.02,0.113,26,210,1.0006,3.289,0.434,9.566,5
3.778,0.76,0.167,6.92,0.124,34,225,0.99955,3.336,0.796,8.173,5
6.689,0.394,0.431,3.1,0.107,10,133,1.0017,3.325,0.432,10.483,5
7.131,0.595,0.432,3.96,0.124,28,236,0.99707,3.3,0.777,10.549,6
5.691,0.643,0.242,2.31,0.087,42,312,0.99416,3.283,0.568,9.881,6
6.21,0.523,0.298,3.8,0.071,21,319,0.99579,3.325,0.754,10.1,5
7.84,0.527,0.157,2.81,0.111,4,426,1.00159,3.321,0.38,9.722,5
5.699,0.527,0.327,3.39,0.105,35,256,0.99699,3.296,0.638,10.282,6
6.882,0.612,0.414,2.36,0.123,34,153,0.99791,3.29,0.812,10.606,6
9.304,0.505,0.317,4.37,0.112,34,36,0.99561,3.312,0.755,10.942,6
6.946,0.65,0.321,2.36,0.128,30,304,0.99623,3.32,0.628,10.595,5
7.03,0.448,0.246,3.88,0.099,8,354,0.99517,3.281,0.462,11.086,6
9.795,0.319,0.308,2.55,0.089,7,245,0.99726,3.278,0.542,10.894,7
7.811,0.745,0.552,2.77,0.056,37,406,0.99603,3.298,0.843,10.018,5
8.505,0.473,0.328,6.66,0.099,39,143,0.99874,3.298,0.606,9.827,6
8.582,0.427,0.265,4.8,0.075,6,29,0.99723,3.304,0.673,9.772,7
8.635,0.436,0.382,6.64,0.082,27,280,0.99424,3.31,0.752,11.731,8
8.714,0.507,0.208,8.71,0.086,24,58,0.99356,3.298,0.54,11.161,5
7.184,0.513,0.21,2.82,0.104,18,42,0.99506,3.297,0.681,10.344,6
8.863,0.526,0.478,8.35,0.088,30,310,1.00331,3.317,0.615,10.567,6
7.334,0.49,0.356,2.44,0.104,42,194,0.99935,3.294,0.717,11.235,5
7.624,0.544,0.536,5.23,0.034,38,268,0.99977,3.304,0.602,9.618,5
7.668,0.206,0.346,3.06,0.091,9,330,0.9955,3.313,0.5,10.474,6
8.48,0.77,0.34,2.71,0.113,22,172,0.9972,3.322,0.616,9.653,6
5.569,0.531,0.387,4.87,0.13,43,271,0.99618,3.317,0.716,9.866,5
9.236,0.585,0.09,5.86,0.102,13,240,0.99415,3.302,0.718,11.373,6
7.74,0.366,0.347,5.76,0.126,39,257,0.99652,3.357,0.652,10.645,5
5.76,0.459,0.344,4.0,0.092,24,311,0.99969,3.331,0.766,10.762,6
8.987,0.448,0.484,3.86,0.091,25,171,0.99912,3.328,0.634,10.142,5
9.947,0.75,0.412,4.65,0.105,13,224,0.99611,3.323,0.645,9.43,5
8.984,0.445,0.234,4.17,0.089,42,262,0.99644,3.287,0.614,10.51,5
11.465,0.525,0.553,4.68,0.06,25,66,0.99614,3.297,0.839,12.184,6
6.246,0.509,0.259,3.98,0.089,27,97,0.9978,3.335,0.647,9.686,5
5.124,0.469,0.252,5.52,0.067,22,44,0.99739,3.298,0.601,9.539,5
4.185,0.53,0.333,2.38,0.105,6,91,0.99892,3.316,0.474,9.945,5
7.967,0.686,0.329,3.46,0.089,36,196,0.99781,3.287,0.789,9.478,5
6.447,0.291,0.489,2.47,0.084,17,412,0.99797,3.333,0.574,10.622,5
6.831,0.323,0.405,4.11,0.074,13,406,0.99508,3.311,0.693,10.411,6
7.899,0.248,0.386,9.23,0.096,36,337,0.99544,3.304,0.94,10.066,5
8.229,0.39,0.429,3.08,0.106,11,248,0.99507,3.31,0.747,10.688,5
5.54,0.416,0.457,3.85,0.066,32,93,0.99395,3.293,0.843,10.692,4
5.141,0.402,0.348,5.26,0.076,23,161,0.99917,3.295,0.543,9.368,5
11.132,0.354,0.551,2.26,0.098,37,338,0.99685,3.254,0.836,12.436,7
5.592,0.283,0.388,3.03,0.065,5,400,0.99493,3.3,0.652,10.423,4
9.143,0.371,0.379,4.29,0.097,36,423,0.99717,3.283,0.719,10.315,5
6.569,0.694,0.457,2.12,0.123,12,174,0.99907,3.318,0.877,10.462,7
7.872,0.597,0.318,2.68,0.124,40,217,0.994,3.331,0.619,9.969,6
8.489,0.577,0.324,6.44,0.108,18,226,0.99733,3.315,0.646,10.646,4
7.503,0.446,0.472,6.07,0.111,3,30,1.00179,3.354,0.527,9.84,3
9.082,0.31,0.52,4.31,0.132,23,56,0.99788,3.287,0.772,10.753,6
6.317,0.355,0.362,5.65,0.04,5,25,0.99288,3.298,0.617,9.919,5
8.078,0.568,0.257,4.0,0.087,14,326,0.99975,3.324,0.741,9.764,6
6.666,0.62,0.506,4.72,0.104,33,103,0.99521,3.324,0.495,10.567,5
8.0,0.635,0.43,3.24,0.082,27,309,0.99838,3.308,0.729,9.94,6
7.479,0.626,0.359,3.83,0.117,33,168,0.99628,3.318,0.579,10.008,5
7.383,0.469,0.278,2.93,0.094,40,350,0.99809,3.289,0.716,10.071,6
8.42,0.506,0.397,7.14,0.089,23,56,0.99552,3.283,0.678,10.65,6
5.314,0.533,0.299,8.48,0.091,26,147,0.99847,3.347,0.569,9.012,7
5.765,0.491,0.284,7.71,0.078,5,94,0.99584,3.264,0.627,10.327,5
7.527,0.85,0.306,3.14,0.087,15,195,0.99826,3.356,0.527,9.363,5
6.77,0.345,0.328,2.7,0.102,34,249,0.99609,3.335,0.72,9.824,3
9.165,0.492,0.309,7.2,0.073,5,79,0.99808,3.292,0.55,10.443,6
7.92,0.658,0.455,4.69,0.105,18,295,0.9969,3.283,0.651,10.469,5
5.166,0.353,0.457,4.22,0.105,8,424,0.99441,3.352,0.688,9.903,5
8.546,0.457,0.428,2.93,0.113,39,24,0.99955,3.342,0.83,10.201,6
6.793,0.466,0.309,4.42,0.068,27,43,0.99706,3.309,0.656,10.725,6
8.527,0.469,0.443,2.62,0.051,30,419,0.99679,3.302,0.656,10.856,5
6.677,0.313,0.356,4.92,0.089,32,287,0.99859,3.294,0.697,11.13,5
9.305,0.627,0.199,7.7,0.151,12,405,0.99847,3.32,0.418,10.611,5
5.87,0.632,0.394,9.16,0.117,5,312,1.00002,3.302,0.517,10.854,5
6.171,0.634,0.322,5.12,0.084,20,317,0.99769,3.321,0.592,10.498,6
7.641,0.412,0.603,2.48,0.098,10,74,0.99925,3.345,0.585,11.14,5
4.993,0.585,0.448,3.97,0.111,16,228,0.99867,3.323,0.453,9.159,6
8.952,0.359,0.458,13.31,0.055,16,164,0.99691,3.27,0.793,11.324,7
9.969,0.471,0.378,2.75,0.115,36,367,0.99771,3.277,0.7,11.11,6
8.833,0.704,0.447,3.56,0.072,16,24,0.99706,3.276,0.751,12.362,7
7.876,0.546,0.236,7.88,0.089,9,13,0.99884,3.296,0.581,9.865,7
2.947,0.406,0.14,4.87,0.095,44,247,0.99719,3.325,0.647,10.241,4
8.709,0.485,0.311,17.37,0.103,5,427,0.99426,3.254,0.765,11.214,6
7.943,0.305,0.377,2.85,0.068,11,437,0.99594,3.307,0.666,11.855,6
6.046,0.385,0.121,2.68,0.057,17,263,0.99605,3.292,0.701,9.473,6
8.901,0.395,0.285,6.96,0.097,5,192,0.99521,3.311,0.572,9.907,5
7.176,0.461,0.325,2.56,0.047,41,124,0.99275,3.299,0.679,9.544,6
7.175,0.651,0.319,3.38,0.084,18,435,0.99417,3.344,0.787,10.388,5
6.278,0.635,0.248,3.55,0.118,36,85,1.00203,3.324,0.774,11.05,5
4.506,0.609,0.297,6.19,0.103,8,60,0.99626,3.353,0.799,10.143,5
4.654,0.445,0.463,4.87,0.119,25,226,1.0026,3.341,0.65,9.604,5
8.677,0.463,0.403,4.49,0.103,8,176,0.99819,3.34,0.661,10.531,5
4.191,0.578,0.273,3.15,0.14,12,221,0.99753,3.31,0.602,10.078,4
6.03,0.463,0.32,6.92,0.08,20,397,0.99468,3.322,0.451,10.292,5
6.054,0.533,0.303,63.76,0.104,40,123,0.99832,3.348,0.484,9.991,6
9.925,0.583,0.267,5.07,0.081,16,386,1.00098,3.327,0.645,9.931,4
8.552,0.481,0.266,3.8,0.109,35,97,1.00032,3.319,0.651,10.302,5
6.779,0.551,0.448,2.51,0.088,6,146,0.99764,3.301,0.821,10.773,7
9.666,0.715,0.317,2.93,0.121,13,7,0.99444,3.299,0.82,11.047,7
5.264,0.563,0.183,3.36,0.087,28,300,0.9968,3.352,0.545,10.242,5
8.398,0.704,0.318,3.02,0.121,23,378,0.99613,3.344,0.735,10.201,6
5.39,0.608,0.347,3.63,0.103,24,390,0.99999,3.3,0.604,10.409,6
9.907,0.289,0.186,10.17,0.082,32,78,0.99927,3.278,0.771,11.321,6
6.275,0.415,0.312,7.07,0.105,6,338,0.99841,3.301,0.729,9.645,5
6.594,0.39,0.454,3.43,0.091,32,67,0.99588,3.316,0.819,10.39,6
6.988,0.424,0.38,2.56,0.098,40,278,1.00054,3.293,0.602,10.168,6
8.56,0.48,0.596,7.49,0.08,35,310,0.99435,3.313,0.799,10.159,7
6.849,0.603,0.471,3.58,0.075,15,72,0.99722,3.318,0.459,10.595,6
8.957,0.654,0.518,2.35,0.078,18,53,0.99722,3.286,0.83,11.327,6
6.478,0.575,0.615,5.13,0.057,44,37,0.99571,3.343,0.653,9.877,6
7.894,0.491,0.4,6.15,0.11,36,313,0.99651,3.287,0.646,10.277,7
7.764,0.272,0.345,2.19,0.067,43,272,0.9962,3.348,0.427,9.822,7
7.211,0.544,0.433,2.78,0.086,42,57,1.00027,3.318,0.614,9.725,6
5.841,0.58,0.244,3.49,0.11,21,223,1.00234,3.285,0.775,10.723,5
8.102,0.529,0.372,5.19,0.103,8,351,0.9969,3.333,0.631,10.114,6
7.723,0.826,0.256,3.04,0.058,12,109,0.99734,3.337,0.723,9.373,5
11.629,0.624,0.437,2.78,0.079,15,268,0.99437,3.278,0.712,11.27,5
7.466,0.694,0.221,5.17,0.108,38,133,0.99891,3.312,0.732,9.631,5
9.126,0.387,0.287,3.08,0.088,14,119,0.99574,3.272,0.694,10.865,6
11.244,0.487,0.361,4.69,0.12,18,176,0.99772,3.367,0.54,10.992,6
8.042,0.522,0.323,2.61,0.074,39,158,0.99823,3.293,0.663,9.86,6
8.399,0.413,0.161,2.49,0.047,10,221,0.99608,3.279,0.848,10.217,6
7.537,0.638,0.158,5.25,0.112,31,95,0.99801,3.33,0.684,10.559,7
6.753,0.538,0.258,4.07,0.074,26,175,0.99595,3.264,0.675,11.261,7
7.823,0.336,0.296,5.78,0.047,45,276,0.99532,3.272,0.945,11.372,5
6.637,0.688,0.379,3.02,0.087,24,174,0.99649,3.331,0.786,9.97,6
8.316,0.543,0.362,2.81,0.115,25,290,0.99881,3.319,0.75,10.869,5
8.033,0.261,0.484,7.61,0.058,39,56,0.99263,3.287,0.726,11.265,6
7.336,0.536,0.404,2.42,0.139,45,65,1.00078,3.315,0.731,10.229,5
8.787,0.573,0.441,7.09,0.074,34,381,0.99774,3.303,0.739,9.921,6
7.021,0.736,0.333,7.41,0.103,33,206,1.00056,3.336,0.363,9.333,5
8.193,0.435,0.405,5.58,0.058,40,270,0.99744,3.277,0.74,11.78,7
6.622,0.63,0.457,2.89,0.09,45,327,0.99568,3.296,0.648,9.856,6
8.197,0.594,0.398,2.79,0.093,34,69,0.99649,3.311,0.577,9.391,5
8.409,0.363,0.374,3.36,0.061,15,427,0.99533,3.297,0.636,9.938,5
4.63,0.372,0.445,2.51,0.15,30,189,0.99748,3.34,0.47,9.759,5
6.475,0.7,0.085,2.69,0.084,13,392,0.99932,3.334,0.444,9.979,5
7.86,0.674,0.321,4.95,0.078,24,186,0.99584,3.287,0.805,10.926,5
7.878,0.603,0.283,4.96,0.114,22,182,0.9993,3.297,0.689,10.137,6
9.565,0.68,0.493,2.64,0.12,45,266,0.99142,3.292,0.426,10.903,6
7.533,0.681,0.486,5.03,0.114,26,88,0.99687,3.358,0.587,10.268,7
8.033,0.628,0.187,4.48,0.067,44,270,0.99987,3.293,0.75,10.492,6
8.547,0.359,0.526,8.42,0.087,37,432,0.9956,3.289,0.667,10.139,5
7.013,0.727,0.247,4.75,0.048,39,286,0.99493,3.302,0.817,11.193,5
7.327,0.585,0.238,6.27,0.106,10,36,0.99561,3.303,0.786,10.075,6
7.065,0.498,0.301,4.53,0.06,36,308,0.99171,3.307,0.498,9.846,6
7.249,0.448,0.304,5.98,0.075,13,20,0.99541,3.335,0.641,10.404,6
4.652,0.569,0.18,2.52,0.091,27,50,0.99955,3.321,0.607,10.193,5
7.098,0.3,0.416,3.48,0.097,23,129,0.99581,3.323,0.516,10.707,6
7.267,0.632,0.399,3.59,0.086,14,138,0.99664,3.325,0.492,10.235,5
7.603,0.376,0.471,3.32,0.116,45,7,0.99187,3.318,0.593,10.539,7
7.15,0.573,0.301,4.46,0.104,40,13,0.99391,3.34,0.593,11.126,6
7.406,0.496,0.307,4.92,0.108,27,348,1.00055,3.348,0.667,10.219,6
5.795,0.5,0.333,4.35,0.066,3,203,0.99866,3.358,0.771,10.39,6
5.928,0.391,0.543,3.41,0.118,10,92,0.99367,3.321,0.745,11.165,6
5.897,0.56,0.013,2.85,0.081,12,192,0.99735,3.314,0.706,9.294,5
8.581,0.77,0.249,6.43,0.124,44,306,0.9971,3.325,0.635,11.459,6
9.092,0.744,0.312,4.26,0.135,20,324,0.99577,3.336,0.702,9.325,5
8.411,0.58,0.228,2.66,0.101,5,131,0.9934,3.35,0.641,10.303,5
4.946,0.547,0.297,3.38,0.113,28,78,0.99749,3.297,0.597,9.9,5
7.851,0.601,0.361,2.34,0.023,43,422,0.99745,3.308,0.896,10.637,5
8.309,0.649,0.298,3.7,0.082,27,280,0.99778,3.287,0.423,10.427,6
6.668,0.471,0.304,3.38,0.119,22,432,1.00031,3.337,0.419,9.284,5
8.809,0.487,0.431,2.98,0.104,10,139,0.99335,3.294,0.725,11.315,6
5.474,0.325,0.289,8.86,0.07,40,54,0.99824,3.331,0.608,9.285,5
7.358,0.683,0.289,2.58,0.085,7,171,0.99693,3.284,0.497,10.707,6
8.032,0.796,0.325,5.11,0.039,43,148,0.99707,3.325,0.546,10.652,5
8.092,0.564,0.319,13.8,0.102,12,318,0.99747,3.322,0.542,9.811,5
7.065,0.214,0.2,6.35,0.047,8,316,0.99496,3.299,0.786,11.076,6
6.275,0.641,0.359,3.6,0.117,17,37,0.99209,3.36,0.77,9.808,5
3.456,0.42,0.288,2.59,0.115,3,261,0.99983,3.305,0.835,9.647,6
5.962,0.472,0.442,2.48,0.085,3,154,0.99869,3.327,0.465,9.39,5
6.155,0.637,0.377,3.14,0.104,11,272,0.99499,3.321,0.491,10.3,5
6.896,0.517,0.497,2.89,0.079,32,175,0.99706,3.298,0.535,11.195,6
7.874,0.454,0.249,2.86,0.093,38,239,0.99609,3.35,0.81,10.577,5
8.245,0.399,0.342,3.23,0.06,13,316,0.99528,3.295,0.739,10.698,5
5.512,0.483,0.27,3.5,0.093,30,133,0.99412,3.277,0.714,11.024,5
6.898,0.517,0.235,4.55,0.063,18,92,0.99941,3.361,0.657,9.621,5
5.991,0.391,0.461,2.54,0.054,21,312,0.99584,3.306,0.65,9.356,5
7.185,0.532,0.45,2.89,0.094,17,417,0.99626,3.293,0.505,9.755,5
4.962,0.606,0.198,3.43,0.09,41,198,1.00039,3.306,0.693,10.147,5
7.661,0.496,0.304,3.38,0.094,25,439,0.99666,3.281,0.647,10.475,7
6.954,0.349,0.33,10.61,0.077,24,86,0.99707,3.275,0.526,11.152,7
7.008,0.699,0.364,4.03,0.134,39,361,0.99973,3.317,0.694,9.273,5
7.33,0.186,0.154,2.39,0.095,31,434,0.99628,3.313,0.604,9.812,5
6.892,0.479,0.173,4.4,0.096,9,136,0.99656,3.336,0.68,10.27,7
6.396,0.392,0.438,4.69,0.086,11,70,0.99644,3.303,0.687,11.159,7
4.985,0.567,0.13,3.47,0.113,17,294,0.99466,3.328,0.746,9.126,6
8.584,0.503,0.381,2.55,0.087,7,383,0.99517,3.258,0.756,11.888,6
7.72,0.66,0.37,10.02,0.096,32,42,0.99536,3.322,0.575,10.637,7
6.825,0.424,0.393,2.63,0.103,24,284,0.99866,3.333,0.705,9.418,6
8.075,0.616,0.317,4.99,0.055,4,384,0.99865,3.321,0.692,10.113,7
7.93,0.509,0.343,3.97,0.048,20,19,0.99695,3.303,0.749,10.488,5
6.985,0.261,0.465,4.83,0.082,38,229,0.99288,3.269,0.807,10.675,6
7.044,0.775,0.37,9.66,0.086,42,39,0.99705,3.331,0.593,9.652,5
7.484,0.355,0.265,4.73,0.103,44,82,0.99524,3.35,0.725,10.359,7
8.219,0.566,0.359,3.0,0.088,42,217,0.99676,3.31,0.483,11.415,6
9.169,0.624,0.341,6.46,0.108,29,148,0.99378,3.313,0.616,9.879,5
7.231,0.527,0.545,2.93,0.06,42,42,0.99323,3.294,0.657,9.714,5
8.038,0.429,0.45,3.91,0.084,44,353,0.99873,3.289,0.846,10.919,6
7.903,0.642,0.457,2.51,0.064,30,94,0.99816,3.304,0.639,10.142,5
6.063,0.392,0.223,2.65,0.107,20,383,0.99827,3.345,0.68,8.911,6
5.926,0.56,0.254,3.73,0.058,44,82,0.99648,3.329,0.439,9.98,5
5.895,0.423,0.345,4.3,0.092,20,231,0.99428,3.319,0.645,11.167,6
6.91,0.431,0.335,2.36,0.059,10,321,0.99741,3.314,0.575,10.11,4
6.442,0.558,0.263,4.58,0.078,7,214,0.99591,3.283,0.952,9.828,5
4.211,0.709,0.434,2.79,0.113,27,187,1.00139,3.313,0.559,8.798,6
6.707,0.464,0.446,7.22,0.092,4,331,0.99639,3.292,0.683,10.238,6
6.42,0.607,0.33,3.2,0.054,8,11,0.99679,3.298,0.691,10.535,5
7.404,0.577,0.369,2.6,0.082,13,364,0.99557,3.36,0.456,9.519,6
8.468,0.403,0.372,3.77,0.058,25,305,0.99629,3.345,0.61,10.104,6
6.153,0.496,0.413,2.72,0.056,23,337,0.99763,3.326,0.705,10.596,5
7.077,0.489,0.207,7.17,0.092,24,188,0.9965,3.312,0.671,10.558,6
2.708,0.544,0.236,3.65,0.116,24,172,0.99902,3.319,0.332,9.056,3
6.734,0.584,0.335,3.44,0.099,45,254,0.99792,3.314,0.599,10.725,6
7.983,0.559,0.403,4.81,0.102,12,284,1.0003,3.294,0.773,9.988,6
8.308,0.336,0.267,2.67,0.092,23,407,0.99791,3.347,0.716,9.594,5
6.278,0.322,0.085,2.52,0.085,29,378,0.99975,3.28,0.79,9.959,6
8.439,0.607,0.213,4.38,0.072,14,29,0.9991,3.325,0.536,9.726,5
5.484,0.414,0.343,2.61,0.08,10,71,0.9992,3.289,0.808,9.407,6
5.778,0.563,0.352,2.61,0.063,5,416,0.99592,3.308,0.66,10.107,5
7.663,0.668,0.477,5.5,0.078,17,174,0.99783,3.336,0.809,10.383,4
9.712,0.366,0.397,4.64,0.092,13,257,0.99693,3.331,0.659,10.683,6
7.995,0.351,0.344,2.53,0.088,11,30,0.99852,3.31,0.431,10.501,5
6.749,0.777,0.311,2.94,0.156,14,51,0.99965,3.335,0.732,9.984,7
4.473,0.568,0.457,2.73,0.062,32,183,0.99736,3.294,0.616,11.119,5
5.184,0.445,0.307,10.16,0.083,38,317,0.99826,3.304,0.641,10.166,7
7.452,0.415,0.32,5.73,0.062,25,341,0.99634,3.332,0.496,9.735,5
7.735,0.422,0.267,3.13,0.076,5,394,0.998,3.302,0.868,11.4,6
4.468,0.444,0.423,4.77,0.093,34,91,1.00111,3.323,0.553,9.424,5
6.094,0.715,0.319,2.49,0.117,9,93,1.00045,3.328,0.783,9.066,5
7.58,0.428,0.27,2.9,0.081,5,241,0.99754,3.33,0.613,10.588,5
8.564,0.68,0.322,3.81,0.087,27,243,0.99893,3.291,0.552,9.979,5
7.929,0.461,0.405,4.48,0.079,21,21,0.99508,3.285,0.817,10.099,6
8.675,0.417,0.296,3.51,0.065,16,200,0.99827,3.33,0.636,9.581,5
7.676,0.461,0.298,4.06,0.075,44,395,0.99756,3.297,0.662,10.631,5
7.672,0.167,0.293,3.77,0.079,6,77,0.99408,3.274,0.535,10.682,5
9.811,0.468,0.413,3.42,0.085,5,361,0.99707,3.321,0.643,11.65,7
5.712,0.524,0.291,3.26,0.103,28,200,0.99521,3.293,0.696,9.95,5
10.243,0.692,0.248,3.12,0.093,20,233,0.99785,3.325,0.478,9.441,6
8.641,0.249,0.237,4.03,0.08,37,284,0.99646,3.285,0.626,11.48,6
8.549,0.65,0.374,4.39,0.051,4,312,0.99505,3.293,0.636,11.189,5
8.772,0.605,0.349,3.97,0.096,21,282,0.99665,3.281,0.69,10.782,6
9.32,0.728,0.277,2.57,0.081,9,51,0.99834,3.336,0.797,9.064,5
8.78,0.51,0.371,2.67,0.103,4,134,0.99531,3.308,0.637,10.068,5
6.311,0.604,0.464,4.36,0.108,22,372,0.99695,3.31,0.625,10.517,7
10.578,0.278,0.462,8.2,0.078,34,23,0.99421,3.277,1.005,11.098,6
6.217,0.658,0.365,3.89,0.075,9,316,1.00278,3.365,0.587,9.592,5
7.253,0.445,0.303,3.14,0.092,39,231,0.99746,3.277,0.628,10.911,5
6.311,0.28,0.313,4.02,0.092,25,58,0.99406,3.266,0.646,9.965,6
8.404,0.371,0.247,2.59,0.082,23,59,0.99499,3.34,0.639,9.891,6
5.63,0.574,0.244,7.36,0.085,42,431,1.0007,3.334,0.638,9.871,5
8.032,0.398,0.363,3.95,0.098,17,19,0.99585,3.308,0.779,10.877,6
7.983,0.53,0.303,2.9,0.093,11,15,0.99331,3.302,0.739,9.637,7
9.996,0.3,0.345,3.42,0.084,36,13,0.99913,3.323,0.775,9.369,5
10.93,0.216,0.276,3.03,0.052,7,278,0.9955,3.303,0.802,10.653,7
8.688,0.647,0.226,7.37,0.09,40,408,0.99703,3.27,0.727,11.764,9
8.267,0.609,0.455,3.37,0.069,38,80,0.99817,3.313,0.729,11.744,5
6.156,0.43,0.262,3.9,0.099,45,351,0.99878,3.336,0.756,9.629,5
8.809,0.537,0.25,4.76,0.094,22,318,1.00227,3.341,0.533,10.125,6
7.562,0.631,0.257,2.85,0.048,29,105,0.99305,3.335,0.957,10.282,7
7.595,0.545,0.416,3.96,0.086,40,36,0.99466,3.303,0.632,11.121,6
7.673,0.604,0.43,4.11,0.108,8,217,0.9982,3.304,0.582,10.359,5
6.052,0.702,0.274,2.41,0.107,16,41,1.00259,3.356,0.505,10.546,6
6.679,0.468,0.29,4.07,0.097,23,55,1.00175,3.301,0.506,9.856,7
5.438,0.521,0.458,3.58,0.049,29,208,0.99955,3.312,0.776,10.042,6
7.142,0.59,0.106,3.85,0.124,32,359,0.99731,3.326,0.865,9.505,4
10.106,0.495,0.536,3.7,0.098,42,437,0.99596,3.302,0.597,10.983,6
9.442,0.428,0.629,4.08,0.059,24,278,0.99432,3.308,0.735,10.764,7
8.888,0.567,0.045,7.49,0.078,10,126,0.99645,3.324,0.664,9.033,5
6.207,0.535,0.33,2.57,0.095,11,148,1.0003,3.32,0.77,10.115,5
7.388,0.411,0.253,3.21,0.106,37,271,0.99725,3.3,0.892,9.94,5
6.734,0.602,0.342,5.0,0.076,22,81,0.99624,3.295,0.851,9.81,6
7.611,0.377,0.321,4.54,0.103,30,231,0.99817,3.286,0.653,10.757,6
8.276,0.512,0.412,4.49,0.056,27,339,0.99424,3.31,0.711,10.421,6
7.282,0.505,0.318,21.65,0.071,37,371,0.99774,3.312,0.72,11.063,5
5.926,0.551,0.27,4.87,0.045,12,31,0.99446,3.338,0.676,9.958,5
6.038,0.231,0.343,6.56,0.069,10,131,0.9961,3.297,0.557,10.973,6
4.432,0.698,0.347,3.25,0.128,34,116,0.99746,3.285,0.535,10.119,5
8.732,0.41,0.249,2.67,0.127,21,246,0.9952,3.327,0.809,10.974,6
10.222,0.692,0.172,3.24,0.095,38,86,0.99784,3.32,0.795,9.753,7
10.043,0.431,0.571,5.13,0.072,8,418,0.9968,3.295,0.663,10.241,5
5.237,0.499,0.297,4.38,0.082,14,404,0.99623,3.293,0.706,10.664,5
9.418,0.777,0.327,4.37,0.099,44,150,0.998,3.291,0.793,10.363,5
9.426,0.458,0.331,3.36,0.054,39,182,0.99464,3.337,0.498,10.48,7
5.336,0.686,0.399,3.18,0.078,5,196,0.99854,3.309,0.614,11.01,6
7.634,0.502,0.545,3.4,0.114,38,24,0.99604,3.264,0.905,10.523,6
8.546,0.603,0.381,5.16,0.072,5,391,0.99683,3.323,0.679,9.104,5
8.55,0.52,0.204,5.51,0.072,8,344,0.99522,3.328,0.549,10.432,6
5.963,0.62,0.219,2.67,0.087,41,150,0.99631,3.306,0.687,10.794,5
7.747,0.466,0.278,5.27,0.099,8,243,1.00169,3.301,0.754,10.144,5
3.865,0.429,0.29,2.92,0.081,15,171,0.99787,3.299,0.361,10.119,5
6.952,0.454,0.162,4.51,0.093,8,105,0.99519,3.294,0.675,10.959,7
8.169,0.584,0.387,3.39,0.108,28,137,1.0002,3.355,0.59,9.212,5
6.505,0.547,0.192,8.75,0.136,5,52,0.99754,3.324,0.446,9.496,6
7.007,0.607,0.502,3.13,0.085,15,357,0.99747,3.271,0.68,11.269,5
9.631,0.65,0.564,3.94,0.082,17,290,0.99482,3.301,0.68,9.95,5
9.894,0.347,0.364,4.85,0.112,30,409,0.99841,3.293,0.698,10.999,6
8.441,0.474,0.35,2.75,0.085,24,8,0.99714,3.315,0.593,10.404,6
8.927,0.328,0.23,3.54,0.061,11,279,0.99971,3.284,0.558,11.102,5
9.656,0.757,0.434,3.3,0.09,22,249,0.99425,3.276,0.526,11.107,5
8.754,0.553,0.304,3.04,0.109,22,276,0.99629,3.326,0.596,10.854,7
7.682,0.597,0.227,3.11,0.098,18,435,1.00022,3.316,0.751,9.722,5
6.491,0.407,0.267,6.49,0.095,25,175,0.99897,3.337,0.649,10.322,6
7.082,0.529,0.294,2.96,0.061,17,67,1.00182,3.315,0.653,9.709,5
4.879,0.637,0.272,4.74,0.095,17,11,0.99782,3.331,0.516,9.2,5
6.419,0.479,0.45,4.19,0.112,36,219,0.99736,3.295,0.632,10.723,6
5.868,0.727,0.213,2.47,0.073,13,81,1.00257,3.325,0.7,9.322,5
7.926,0.821,0.522,4.63,0.084,17,67,0.99403,3.33,0.722,10.524,5
9.909,0.382,0.229,2.46,0.079,9,69,0.99339,3.33,0.625,10.831,5
6.694,0.429,0.474,4.9,0.081,33,126,0.99654,3.297,0.35,10.773,5
8.32,0.44,0.218,3.04,0.098,33,56,0.99955,3.314,0.568,10.205,6
7.399,0.814,0.275,3.66,0.11,32,216,0.99602,3.353,0.553,9.019,5
7.139,0.662,0.294,2.51,0.098,10,289,0.99841,3.347,0.562,10.679,6
8.482,0.5,0.316,3.84,0.069,22,131,0.99803,3.341,0.623,10.045,7
5.928,0.591,0.372,5.8,0.065,15,65,1.00278,3.313,0.709,10.029,5
9.767,0.398,0.512,2.8,0.092,35,254,0.99873,3.327,0.674,10.664,6
8.238,0.648,0.457,2.95,0.08,17,43,0.9981,3.312,0.767,10.467,6
4.902,0.522,0.264,4.48,0.133,20,326,1.00109,3.345,0.464,8.875,5
7.123,0.521,0.337,4.54,0.131,22,172,0.99903,3.334,0.608,8.851,5
10.228,0.583,0.284,2.18,0.126,35,183,0.99571,3.276,0.465,9.884,5
7.372,0.494,0.251,12.11,0.07,33,114,0.99472,3.317,0.621,11.318,5
7.791,0.511,0.215,4.65,0.103,38,128,0.99646,3.334,0.537,9.574,5
9.17,0.481,0.339,5.09,0.1,21,69,0.99593,3.292,0.837,11.313,7
5.448,0.658,0.344,3.45,0.109,38,248,0.99829,3.314,0.687,9.657,6
7.981,0.751,0.143,2.31,0.084,40,69,0.9932,3.281,0.767,10.094,5
5.772,0.59,0.349,5.03,0.113,25,301,0.99644,3.318,0.624,10.486,6
6.844,0.618,0.505,2.99,0.088,32,117,0.99695,3.309,0.559,11.328,7
8.256,0.537,0.424,4.69,0.097,42,251,0.99923,3.303,0.521,10.175,3
7.254,0.47,0.254,3.35,0.064,39,238,1.00138,3.315,0.666,10.077,5
7.141,0.607,0.207,4.04,0.102,14,280,0.99746,3.31,0.865,11.056,5
8.604,0.523,0.411,2.82,0.081,33,335,0.99474,3.289,0.726,10.355,6
5.709,0.425,0.039,5.59,0.111,22,249,0.99573,3.338,0.561,9.801,6
8.014,0.458,0.477,2.57,0.09,9,376,0.99791,3.265,0.661,11.134,5
6.631,0.604,0.246,14.44,0.106,18,118,0.99773,3.366,0.596,9.659,6
5.84,0.491,0.5,14.36,0.093,45,332,0.99973,3.32,0.864,9.874,5
8.333,0.679,0.205,9.17,0.099,44,154,0.99897,3.273,0.827,10.645,6
6.994,0.591,0.433,7.2,0.086,36,278,0.99417,3.26,0.69,9.885,6
4.102,0.762,0.284,3.53,0.069,45,219,0.99979,3.349,0.634,9.204,5
5.653,0.587,0.287,6.71,0.105,27,399,1.00047,3.329,0.677,9.547,6
10.473,0.497,0.241,3.51,0.068,35,123,0.99821,3.299,0.746,11.048,6
6.959,0.457,0.358,2.41,0.071,10,231,0.99437,3.344,0.58,9.556,6
6.489,0.484,0.448,8.38,0.063,15,77,0.99438,3.311,0.601,11.121,6
5.44,0.522,0.527,6.55,0.094,10,280,0.99449,3.311,0.781,10.67,6
6.338,0.398,0.402,3.6,0.095,43,22,0.99951,3.32,0.63,9.188,5
8.679,0.505,0.242,2.55,0.054,29,184,0.99929,3.317,0.732,9.172,4
6.344,0.528,0.206,2.97,0.088,43,10,0.99293,3.332,0.813,9.675,5
10.007,0.545,0.236,2.32,0.108,20,148,0.9957,3.325,0.745,10.412,6
7.43,0.613,0.467,5.86,0.084,20,216,0.9995,3.316,0.683,9.562,3
7.208,0.497,0.226,2.39,0.093,32,149,0.99869,3.354,0.982,10.6,6
5.122,0.611,0.471,4.13,0.114,27,173,0.99812,3.324,0.668,9.271,5
8.015,0.541,0.363,2.77,0.111,19,70,0.99747,3.33,0.515,10.863,5
7.977,0.105,0.418,2.46,0.103,16,316,0.99384,3.34,0.666,11.117,6
7.604,0.517,0.266,4.04,0.042,25,351,0.99856,3.36,0.795,10.147,5
7.117,0.627,0.443,3.22,0.119,6,203,0.9963,3.329,0.548,11.285,5
8.243,0.282,0.364,5.51,0.098,11,30,0.99777,3.284,0.598,10.991,7
7.777,0.55,0.298,2.53,0.14,4,33,0.99884,3.356,0.778,11.056,7
6.989,0.746,0.401,2.83,0.076,9,298,0.99772,3.312,0.623,9.633,6
7.307,0.464,0.297,2.19,0.059,11,409,1.00034,3.317,0.624,9.798,5
6.455,0.559,0.236,2.23,0.094,6,381,0.99729,3.277,0.758,9.506,6
6.782,0.346,0.412,10.32,0.082,5,181,0.99404,3.312,0.592,9.639,6
9.105,0.769,0.31,12.75,0.107,38,221,0.99895,3.298,0.479,9.621,6
8.111,0.557,0.356,3.79,0.117,10,76,0.99853,3.331,0.48,10.749,7
5.942,0.556,0.278,2.79,0.091,26,36,0.9988,3.294,0.71,9.96,5
7.291,0.751,0.18,3.26,0.092,7,338,0.99593,3.361,0.656,10.71,6
6.502,0.609,0.52,5.62,0.099,43,191,1.0007,3.319,0.589,11.434,7
5.015,0.453,0.464,3.04,0.09,13,221,0.99966,3.368,0.507,11.33,5
8.144,0.481,0.398,4.04,0.088,35,154,0.99763,3.302,0.605,10.801,5
6.891,0.501,0.382,3.63,0.097,30,141,0.99302,3.309,0.85,12.685,7
8.579,0.455,0.305,2.99,0.116,36,433,0.99961,3.276,0.564,10.386,5
7.432,0.235,0.495,3.03,0.109,30,360,0.9946,3.308,0.601,10.662,6
6.216,0.567,0.267,4.15,0.093,24,306,1.00296,3.313,0.497,9.876,6
7.793,0.347,0.269,2.68,0.048,36,174,0.99631,3.304,0.613,10.184,6
8.195,0.741,0.526,4.48,0.087,38,319,1.00076,3.3,0.697,10.363,5
5.444,0.593,0.301,3.08,0.081,19,153,0.99796,3.305,0.864,10.162,5
9.208,0.372,0.551,3.85,0.082,43,229,0.99943,3.271,0.713,10.583,6
6.647,0.485,0.161,7.73,0.083,45,68,0.997,3.317,0.622,9.025,5
6.077,0.263,0.41,3.42,0.086,34,313,0.99678,3.305,0.77,10.762,7
7.024,0.394,0.541,5.77,0.07,42,32,0.99909,3.336,0.732,9.865,6
9.668,0.645,0.357,2.33,0.062,7,319,0.99819,3.31,0.608,10.22,6
8.805,0.867,0.273,3.08,0.121,26,267,1.00071,3.349,0.88,9.623,4
8.465,0.621,0.226,3.69,0.07,30,34,0.99625,3.279,0.659,10.153,6
5.431,0.533,0.435,11.31,0.092,42,225,0.99786,3.307,0.675,10.66,5
7.47,0.505,0.237,2.28,0.113,8,102,1.00059,3.335,0.699,9.82,5
8.743,0.398,0.337,3.51,0.107,37,212,0.99569,3.314,0.703,10.978,5
8.412,0.798,0.216,8.12,0.106,6,11,0.99845,3.293,0.828,10.401,5
8.289,0.516,0.487,2.81,0.098,18,319,0.99713,3.332,0.588,10.121,5
7.483,0.826,0.437,3.36,0.108,32,227,0.99826,3.307,0.731,10.106,5
7.646,0.694,0.352,4.22,0.115,15,163,0.99702,3.288,0.691,9.878,5
6.246,0.319,0.212,3.95,0.101,38,386,0.99611,3.325,0.757,10.275,5
4.396,0.461,0.479,8.75,0.056,43,285,0.99723,3.316,0.624,10.501,5
8.172,0.428,0.316,4.47,0.077,9,270,0.99721,3.294,0.632,10.986,6
8.96,0.455,0.285,7.45,0.095,14,69,0.99542,3.277,0.787,10.46,6
7.182,0.572,0.121,3.19,0.085,6,223,1.00173,3.306,0.664,8.899,5
6.243,0.884,0.306,2.85,0.117,33,310,0.9984,3.29,0.595,10.492,6
6.956,0.457,0.137,3.35,0.098,41,407,0.99961,3.355,0.76,10.127,5
11.029,0.522,0.31,2.58,0.086,28,268,0.99481,3.302,0.767,10.894,7
8.733,0.549,0.467,4.55,0.104,8,80,0.99408,3.308,0.696,10.699,6
7.853,0.503,0.326,3.16,0.082,10,300,1.00055,3.311,0.628,9.92,6
8.171,0.527,0.39,2.9,0.091,4,38,0.99485,3.292,0.712,10.176,6
9.738,0.42,0.246,4.58,0.112,24,141,0.99818,3.286,0.715,9.598,5
6.217,0.531,0.357,2.59,0.059,34,404,0.9977,3.287,0.494,10.929,6
7.372,0.612,0.519,5.3,0.087,9,353,0.99708,3.302,0.69,10.605,5
6.016,0.586,0.294,3.07,0.108,39,397,0.99564,3.3,0.722,9.605,6
6.683,0.602,0.381,6.68,0.091,13,158,0.99567,3.329,0.403,10.708,6
7.687,0.696,0.199,3.16,0.117,25,302,0.99575,3.323,0.694,10.854,6
9.419,0.645,0.498,4.91,0.058,31,309,0.99571,3.352,0.741,9.795,7
9.259,0.572,0.264,3.94,0.061,26,112,1.00081,3.306,0.7,9.833,5
7.401,0.409,0.418,5.22,0.11,23,415,0.99809,3.353,0.726,10.068,6
6.965,0.447,0.332,3.82,0.107,17,426,0.99613,3.34,0.627,10.441,5
11.849,0.453,0.442,2.37,0.079,21,53,0.99628,3.289,0.58,10.062,7
7.178,0.544,0.423,6.09,0.095,13,338,0.99815,3.313,0.475,10.608,6
7.439,0.426,0.331,3.52,0.099,15,200,0.99553,3.32,0.81,11.158,6
4.816,0.413,0.445,5.36,0.074,35,298,0.99923,3.311,0.734,11.026,5
9.832,0.352,0.285,5.07,0.072,40,246,0.99414,3.299,0.806,10.273,6
8.793,0.313,0.419,2.82,0.094,39,102,0.99959,3.297,0.582,10.051,5
10.573,0.51,0.292,2.72,0.11,17,47,0.99755,3.266,0.741,10.059,5
5.351,0.344,0.371,4.97,0.067,16,228,0.99734,3.313,0.491,10.379,6
11.067,0.319,0.363,3.25,0.074,5,369,0.99382,3.268,0.622,11.394,6
7.444,0.481,0.343,5.83,0.085,14,362,0.99491,3.289,0.672,10.568,6
8.34,0.366,0.224,3.4,0.1,28,125,0.99421,3.322,0.726,9.616,6
5.598,0.554,0.386,6.14,0.086,14,379,0.99513,3.272,0.863,10.823,6
9.46,0.626,0.345,4.41,0.079,34,160,0.99847,3.326,0.634,9.932,5
7.847,0.491,0.258,4.14,0.12,5,249,0.99622,3.331,0.541,9.808,6
7.899,0.446,0.358,3.18,0.075,20,146,0.99349,3.293,0.579,11.51,5
8.475,0.591,0.361,4.03,0.083,15,232,0.99526,3.306,0.59,9.711,6
5.859,0.461,0.258,6.82,0.062,24,235,0.99713,3.294,0.888,9.859,6
7.184,0.398,0.353,3.57,0.071,4,308,0.99584,3.315,0.765,10.045,5
7.761,0.635,0.283,4.66,0.093,21,210,0.99574,3.296,0.818,11.026,7
4.241,0.673,0.55,3.72,0.1,36,235,1.00009,3.325,0.614,10.46,6
9.572,0.56,0.487,3.84,0.095,39,288,0.99856,3.303,0.694,11.006,5
10.099,0.599,0.411,9.78,0.094,14,187,0.99999,3.279,0.774,10.904,7
6.258,0.281,0.45,6.86,0.133,21,233,0.99426,3.282,0.599,10.861,5
8.735,0.664,0.178,3.77,0.069,32,43,0.9945,3.315,0.658,11.01,5
6.975,0.584,0.082,4.0,0.058,22,383,0.99877,3.325,0.584,10.675,5
7.688,0.67,0.293,2.88,0.07,26,60,0.99661,3.302,0.605,10.547,5
7.491,0.532,0.244,3.41,0.069,17,384,0.99777,3.302,0.7,9.485,9
7.146,0.487,0.358,4.18,0.063,39,335,0.99645,3.318,0.605,10.893,7
9.019,0.487,0.367,5.55,0.091,30,417,1.00027,3.33,0.697,9.855,5
7.166,0.585,0.426,5.24,0.116,44,16,0.99957,3.301,0.686,9.792,5
9.964,0.503,0.215,2.61,0.123,36,100,0.99976,3.285,0.631,10.866,6
7.778,0.627,0.393,5.97,0.098,18,28,0.99607,3.278,0.58,10.314,6
6.291,0.314,0.349,3.52,0.131,17,187,0.99686,3.301,0.678,11.367,6
8.124,0.509,0.332,2.68,0.09,6,398,0.99797,3.356,0.569,8.957,5
7.202,0.85,0.242,7.49,0.065,29,338,0.99568,3.314,0.627,9.063,5
8.62,0.439,0.487,8.15,0.11,35,311,0.99998,3.295,0.788,10.811,5
7.274,0.589,0.253,4.09,0.066,18,374,1.0011,3.328,0.458,8.977,5
6.846,0.397,0.533,5.12,0.072,3,7,0.99615,3.293,0.912,10.685,6
6.767,0.596,0.241,5.29,0.104,38,347,1.00049,3.318,0.636,9.951,5
8.215,0.382,0.46,7.79,0.08,12,141,0.99468,3.266,0.743,10.907,6
5.128,0.529,0.314,5.17,0.09,28,305,0.99422,3.34,0.561,9.849,5
7.677,0.608,0.335,2.5,0.062,5,337,0.99848,3.296,0.809,10.805,6
9.252,0.44,0.402,12.06,0.09,5,303,0.99477,3.36,0.646,10.609,6
7.265,0.656,0.29,6.3,0.113,41,187,0.99751,3.295,0.6,10.807,4
5.826,0.621,0.087,3.04,0.088,31,271,0.99731,3.336,0.608,10.398,5
5.161,0.67,0.031,2.65,0.074,3,209,0.99815,3.339,0.628,10.064,6
10.205,0.525,0.488,4.6,0.062,7,278,0.99839,3.294,0.723,10.343,5
7.264,0.952,0.463,3.28,0.074,24,205,0.99847,3.302,0.679,11.028,7
7.68,0.608,0.58,4.22,0.089,32,177,0.99687,3.271,0.698,11.408,8
7.829,0.532,0.373,5.22,0.091,21,93,0.99467,3.278,0.611,9.873,6
6.364,0.365,0.255,2.99,0.067,40,174,0.99656,3.292,0.612,9.992,7
11.216,0.426,0.376,2.6,0.033,31,319,0.99194,3.279,0.674,11.057,7
6.215,0.747,0.314,4.33,0.103,29,383,1.00124,3.289,0.688,10.007,5
8.676,0.784,0.212,3.02,0.077,15,50,0.99531,3.367,0.71,9.873,6
7.077,0.742,0.488,3.88,0.107,32,85,0.99712,3.312,0.734,10.303,6
9.663,0.619,0.575,2.49,0.073,40,226,0.99433,3.307,0.669,10.381,5
7.919,0.359,0.395,3.31,0.069,5,310,0.99563,3.295,0.708,11.101,5
8.89,0.579,0.352,5.14,0.091,34,79,0.99695,3.3,0.652,10.876,6
7.545,0.412,0.174,4.84,0.143,40,146,0.99735,3.318,0.438,9.785,5
8.602,0.32,0.509,2.81,0.103,21,26,0.99917,3.304,0.648,11.084,5
7.732,0.569,0.341,2.58,0.094,35,28,0.99795,3.312,0.613,9.376,7
8.035,0.55,0.352,3.67,0.09,18,68,0.99514,3.31,0.58,10.875,6
11.728,0.565,0.459,4.73,0.043,11,322,0.99492,3.286,0.656,11.427,5
6.207,0.591,0.285,4.37,0.067,38,383,0.99964,3.323,0.678,10.65,5
8.004,0.569,0.38,3.04,0.036,16,222,0.99835,3.3,0.557,9.827,6
7.341,0.406,0.192,4.16,0.125,35,82,0.99512,3.316,0.579,10.119,6
6.669,0.581,0.393,8.37,0.13,16,405,0.9976,3.327,0.784,9.668,5
6.265,0.361,0.307,3.98,0.102,20,126,0.99894,3.339,0.465,10.195,5
8.153,0.254,0.469,2.38,0.09,32,73,0.9976,3.311,0.651,11.094,8
6.483,0.66,0.291,3.98,0.064,17,65,0.99607,3.319,0.507,10.243,6
6.501,0.366,0.383,12.38,0.076,37,159,0.99711,3.284,0.624,11.116,6
7.431,0.643,0.22,2.52,0.126,4,325,0.9955,3.308,0.639,10.649,5
5.944,0.67,0.42,3.69,0.092,3,178,0.9998,3.309,0.554,10.254,5
4.623,0.467,0.237,3.34,0.081,6,199,0.99881,3.315,0.711,10.149,5
6.944,0.639,0.264,3.8,0.059,14,153,0.99587,3.31,0.785,10.281,4
8.537,0.421,0.36,3.96,0.114,5,415,0.99566,3.318,0.769,10.569,5
7.963,0.299,0.345,6.6,0.09,19,302,0.99643,3.33,0.766,10.369,5
8.374,0.537,0.177,3.78,0.054,4,294,0.99739,3.343,0.515,10.897,5
4.417,0.483,0.305,7.2,0.073,35,195,0.99725,3.303,0.623,10.478,5
5.125,0.491,0.404,3.48,0.067,9,236,0.99548,3.33,0.698,10.679,5
9.508,0.82,0.274,3.2,0.092,44,390,0.99535,3.283,0.732,11.043,6
5.304,0.363,0.291,2.9,0.099,39,290,0.99921,3.337,0.83,10.246,7
8.321,0.576,0.359,2.32,0.079,32,359,0.99779,3.28,0.78,10.112,6
6.705,0.387,0.339,4.11,0.104,37,23,0.99717,3.286,0.768,10.727,6
6.547,0.696,0.196,12.47,0.098,36,379,0.99908,3.333,0.915,9.915,5
6.338,0.578,0.329,4.49,0.113,39,418,0.99629,3.301,0.664,10.494,5
8.066,0.585,0.434,5.06,0.084,26,295,0.99782,3.297,0.624,10.97,5
6.464,0.464,0.187,3.14,0.159,29,421,1.00383,3.32,0.639,8.733,6
6.042,0.467,0.271,3.32,0.084,23,252,1.00059,3.337,0.533,10.587,5
6.032,0.645,0.206,6.0,0.071,29,125,0.99659,3.29,0.671,11.291,5
7.865,0.756,0.438,12.05,0.069,19,269,0.99614,3.307,0.473,10.642,5
4.821,0.636,0.293,8.29,0.092,8,278,0.99271,3.318,0.57,10.03,5
8.329,0.397,0.269,5.4,0.053,43,68,0.99901,3.321,0.659,10.392,6
11.952,0.53,0.387,3.7,0.09,33,93,0.99775,3.312,0.796,10.866,6
10.396,0.79,0.267,3.99,0.044,33,132,0.99479,3.254,0.822,11.36,7
7.422,0.593,0.194,2.84,0.1,15,243,0.9957,3.348,0.519,9.984,3
6.831,0.742,0.175,2.45,0.066,36,70,0.99557,3.305,0.872,10.372,5
4.135,0.461,0.21,2.6,0.086,25,340,0.9989,3.324,0.657,10.259,5
6.075,0.498,0.498,3.72,0.098,6,53,0.99645,3.282,0.705,11.087,6
9.165,0.612,0.265,3.27,0.136,44,413,0.99872,3.318,0.481,10.673,5
6.537,0.57,0.397,2.44,0.067,45,299,0.99716,3.357,0.6,9.944,5
5.965,0.453,0.237,3.59,0.09,40,153,0.99982,3.32,0.759,10.423,4
7.53,0.407,0.431,3.24,0.073,23,167,0.99757,3.295,0.692,11.462,5
6.589,0.625,0.266,2.57,0.068,13,306,0.99809,3.294,0.696,10.721,7
6.793,0.629,0.392,3.18,0.068,3,44,0.99169,3.262,0.725,11.764,7
8.494,0.668,0.395,3.24,0.098,34,316,0.99333,3.319,0.543,10.59,7
5.876,0.778,0.561,2.95,0.082,41,245,0.99693,3.321,0.64,10.108,6
5.069,0.612,0.348,5.8,0.144,7,101,1.00112,3.311,0.769,9.148,5
6.74,0.468,0.299,2.3,0.095,32,395,1.0005,3.282,0.795,11.268,4
8.139,0.705,0.409,2.28,0.07,4,278,0.99696,3.31,0.647,11.125,5
6.226,0.665,0.517,3.65,0.089,36,77,0.99717,3.343,0.802,9.705,6
6.931,0.413,0.168,3.8,0.076,4,290,0.99367,3.291,0.514,10.745,6
8.568,0.379,0.27,4.37,0.104,44,184,0.9986,3.327,0.565,11.339,5
6.871,0.61,0.302,3.02,0.06,10,337,0.99662,3.314,0.853,10.071,5
6.919,0.512,0.294,2.72,0.064,20,219,1.00333,3.293,0.72,10.306,6
9.172,0.471,0.354,3.64,0.07,32,439,0.99439,3.282,0.668,11.383,6
7.907,0.691,0.191,3.11,0.107,39,408,1.00206,3.352,0.639,9.603,6
6.537,0.662,0.452,8.66,0.119,18,23,0.99964,3.293,0.548,9.933,5
7.107,0.723,0.18,3.23,0.121,45,184,0.99577,3.302,0.676,11.111,4
6.397,0.274,0.324,3.57,0.1,3,93,0.99765,3.327,0.685,10.109,5
6.739,0.536,0.468,17.3,0.084,23,201,0.99814,3.305,0.682,11.076,6
9.282,0.58,0.371,3.38,0.1,45,68,0.99581,3.28,0.561,11.079,6
7.994,0.333,0.241,4.72,0.067,14,238,0.99901,3.33,0.688,10.2,5
8.577,0.418,0.228,4.95,0.049,25,73,0.99824,3.321,0.621,10.758,6
7.476,0.437,0.303,5.18,0.101,22,276,0.9989,3.322,0.54,10.972,5
7.35,0.539,0.259,4.14,0.071,19,203,0.99741,3.3,0.795,10.503,5
8.289,0.746,0.357,3.96,0.089,36,436,0.99506,3.302,0.896,10.599,5
8.691,0.794,0.199,3.8,0.093,25,387,0.99717,3.316,0.873,11.089,5
9.393,0.388,0.452,2.98,0.09,33,266,0.99673,3.271,0.757,10.617,6
8.61,0.531,0.409,4.21,0.099,25,200,0.99181,3.313,0.679,10.645,8
8.831,0.628,0.337,12.23,0.11,45,316,0.9983,3.353,0.634,10.856,4
7.441,0.594,0.472,6.9,0.096,23,296,0.99746,3.31,0.695,10.189,6
8.944,0.549,0.324,4.17,0.076,37,66,0.99386,3.306,0.637,11.17,7
8.008,0.559,0.277,5.56,0.091,29,169,0.99636,3.33,0.813,10.056,6
8.099,0.732,0.3,2.75,0.076,37,436,0.99622,3.343,0.449,10.721,6
7.991,0.592,0.39,3.3,0.074,41,144,0.99908,3.313,0.685,10.794,6
8.283,0.397,0.327,5.87,0.143,12,11,0.99787,3.277,0.745,10.268,6
11.88,0.609,0.278,8.29,0.09,15,368,0.99873,3.295,0.585,10.296,6
7.779,0.601,0.176,2.82,0.093,15,410,0.9959,3.305,0.666,10.442,6
7.792,0.556,0.296,3.07,0.074,23,290,0.99318,3.295,0.736,10.337,6
8.479,0.592,0.449,13.74,0.098,24,281,0.99645,3.316,0.888,10.249,6
6.325,0.574,0.337,3.8,0.108,3,158,0.99649,3.349,0.504,9.468,5
9.997,0.534,0.479,10.51,0.102,41,161,0.99607,3.286,0.525,10.971,6
5.801,0.579,0.507,3.99,0.099,39,402,0.99604,3.318,0.532,10.051,5
7.131,0.248,0.433,4.06,0.108,28,378,0.99694,3.288,0.505,10.017,7
5.95,0.481,0.511,3.25,0.11,16,222,0.99844,3.293,0.526,11.071,7
7.104,0.405,0.449,5.85,0.09,38,141,0.99818,3.292,0.58,10.352,6
5.44,0.354,0.53,7.6,0.085,14,87,0.99992,3.322,0.811,10.939,6
8.924,0.684,0.552,2.65,0.103,16,10,0.99993,3.281,0.649,10.653,5
11.491,0.587,0.442,3.2,0.071,45,215,0.99299,3.255,0.67,10.247,6
7.678,0.487,0.445,5.76,0.07,42,246,0.99389,3.264,0.583,10.763,8
7.386,0.341,0.419,3.47,0.072,28,298,0.9907,3.25,0.813,13.071,7
9.139,0.545,0.356,3.06,0.052,10,355,0.99795,3.289,0.883,10.229,6
5.39,0.709,0.264,6.09,0.114,8,165,0.99719,3.331,0.527,9.775,4
9.013,0.433,0.393,6.45,0.072,44,78,0.99659,3.292,0.842,10.558,6
6.257,0.567,0.236,3.1,0.086,14,372,0.99783,3.299,0.673,9.338,5
7.336,0.602,0.356,4.0,0.08,32,336,0.99701,3.277,0.691,10.031,6
8.307,0.22,0.154,2.56,0.083,18,237,0.99284,3.268,0.745,10.743,9
8.387,0.526,0.509,2.74,0.084,24,22,0.99488,3.3,0.7,10.632,5
7.658,0.445,0.343,3.84,0.085,45,209,0.99656,3.288,0.885,10.499,7
7.011,0.497,0.399,3.7,0.087,28,274,0.9993,3.319,0.728,10.382,5
7.204,0.461,0.489,2.69,0.08,21,378,0.99714,3.289,0.722,10.808,7
5.173,0.57,0.351,2.87,0.078,20,226,0.99629,3.311,0.598,9.61,6
8.328,0.761,0.5,2.63,0.109,12,206,0.99252,3.293,0.766,10.495,6
5.508,0.457,0.242,4.48,0.044,26,170,0.99842,3.316,0.577,9.935,6
6.834,0.565,0.582,2.28,0.085,27,185,0.99576,3.306,0.674,10.496,5
8.184,0.803,0.437,2.66,0.083,7,13,0.99536,3.336,0.967,10.235,6
8.097,0.445,0.373,2.31,0.096,20,51,0.99352,3.282,0.394,10.873,5
7.989,0.778,0.472,4.4,0.063,30,334,0.99473,3.313,0.677,9.575,6
7.211,0.536,0.219,2.33,0.081,5,163,0.9955,3.3,0.686,10.141,6
8.289,0.799,0.279,3.7,0.093,44,375,0.99778,3.298,0.608,9.179,5
9.745,0.575,0.529,9.21,0.104,40,178,0.99353,3.291,0.675,10.852,6
8.655,0.538,0.18,9.43,0.092,30,438,0.99686,3.334,0.693,11.446,6
8.926,0.51,0.406,2.32,0.065,3,84,0.99652,3.289,0.64,10.286,5
9.082,0.417,0.42,4.16,0.076,25,87,1.00093,3.297,0.707,10.023,5
9.173,0.42,0.639,2.68,0.091,41,261,0.99082,3.243,0.692,11.495,7
4.673,0.689,0.145,2.56,0.072,3,354,0.99871,3.295,0.852,8.951,6
7.754,0.54,0.491,3.49,0.09,37,68,0.99795,3.298,0.624,9.502,6
8.392,0.477,0.294,6.98,0.088,39,224,0.99495,3.297,0.731,10.782,7
8.237,0.532,0.266,4.83,0.087,6,103,0.99838,3.314,0.562,9.133,5
5.256,0.701,0.182,2.87,0.15,12,325,0.99991,3.32,0.733,9.921,5
6.173,0.687,0.233,5.11,0.081,34,249,0.99744,3.276,0.742,10.34,6
7.508,0.47,0.357,2.22,0.103,42,289,1.00076,3.307,0.687,9.69,6
7.357,0.44,0.231,2.84,0.074,36,122,0.99287,3.319,0.549,10.45,5
5.409,0.547,0.442,2.79,0.096,25,131,0.99478,3.272,0.6,10.248,7
8.459,0.702,0.297,3.77,0.104,28,283,0.99956,3.294,0.865,11.064,6
4.972,0.671,0.226,3.37,0.077,25,159,0.99891,3.313,0.582,10.057,5
6.688,0.337,0.313,3.45,0.085,27,305,0.9976,3.284,0.752,10.5,6
9.288,0.496,0.373,3.41,0.072,36,72,0.99977,3.317,0.556,10.045,6
11.522,0.331,0.379,3.68,0.056,5,136,0.99145,3.253,0.827,11.652,6
6.847,0.438,0.393,4.68,0.103,12,50,0.99741,3.308,0.626,11.311,8
5.996,0.786,0.369,3.89,0.086,5,43,1.00064,3.333,0.52,8.383,6
6.674,0.384,0.415,3.28,0.047,37,119,0.99699,3.325,0.554,9.922,5
9.028,0.363,0.272,4.37,0.131,34,218,1.00367,3.347,0.568,8.871,6
6.567,0.429,0.229,5.47,0.075,5,68,0.99788,3.306,0.699,10.037,5
7.272,0.54,0.371,3.0,0.081,7,46,0.99222,3.288,0.687,10.593,7
9.504,0.614,0.384,3.56,0.123,14,386,0.99814,3.339,0.537,10.083,6
7.988,0.531,0.242,6.69,0.079,13,229,0.99443,3.328,0.697,11.266,5
9.373,0.635,0.292,2.61,0.08,25,316,0.99839,3.28,0.569,11.278,7
6.79,0.228,0.331,10.37,0.055,24,321,0.99652,3.283,0.783,10.851,8
7.19,0.683,0.32,2.49,0.057,18,50,0.99607,3.33,0.752,9.914,7
4.293,0.529,0.23,3.21,0.092,10,275,1.00131,3.322,0.629,9.778,5
6.177,0.612,0.422,2.7,0.095,30,379,0.99885,3.318,0.699,9.692,6
8.53,0.36,0.178,13.81,0.096,36,200,0.9957,3.326,0.851,10.033,5
6.007,0.597,0.125,3.05,0.09,30,380,0.9987,3.321,0.595,10.123,5
6.686,0.574,0.295,3.05,0.092,37,416,0.99868,3.323,0.547,9.375,5
6.207,0.688,0.316,3.18,0.054,42,243,0.99676,3.312,0.719,10.037,5
6.802,0.338,0.182,3.8,0.101,39,50,0.997,3.291,0.525,9.818,5
7.155,0.567,0.251,3.23,0.098,31,273,0.99823,3.302,0.613,10.874,5
8.667,0.394,0.295,3.46,0.13,5,387,0.99531,3.299,0.59,9.961,6
3.459,0.609,0.289,2.07,0.092,17,257,0.99318,3.333,0.573,9.889,5
5.754,0.655,0.335,3.74,0.075,21,353,0.9984,3.337,0.615,9.475,4
8.235,0.667,0.3,3.68,0.085,33,238,0.99254,3.315,0.781,10.698,6
8.174,0.415,0.527,6.2,0.077,39,188,0.99414,3.303,0.814,11.021,6
7.625,0.668,0.374,7.36,0.101,30,416,0.99419,3.324,0.75,9.639,5
7.718,0.71,0.257,3.39,0.091,18,72,0.99408,3.317,0.695,10.758,6
7.095,0.31,0.355,5.44,0.064,36,200,0.998,3.316,0.636,10.514,5
6.893,0.598,0.362,2.61,0.056,32,73,0.99656,3.316,0.409,10.874,5
7.399,0.637,0.476,5.29,0.093,37,290,0.99634,3.276,0.713,10.356,7
9.737,0.46,0.311,2.98,0.112,28,406,0.99373,3.282,0.435,10.89,6
7.223,0.33,0.453,2.57,0.086,30,439,0.9949,3.275,0.479,10.739,6
8.357,0.6,0.389,3.4,0.099,17,107,0.99671,3.314,0.68,11.7,6
9.008,0.306,0.547,7.81,0.101,20,321,0.99546,3.32,0.737,11.227,6
9.27,0.523,0.456,3.94,0.098,14,385,0.99935,3.272,0.599,10.102,6
7.219,0.513,0.37,8.34,0.072,14,367,0.99892,3.337,0.837,10.225,6
8.595,0.63,0.307,2.84,0.095,31,224,0.99698,3.314,0.706,9.948,5
9.294,0.44,0.398,6.23,0.113,19,81,0.99338,3.327,0.639,10.528,6
6.748,0.469,0.298,2.92,0.105,8,206,0.99651,3.33,0.792,10.348,5
6.785,0.559,0.494,4.02,0.107,4,342,0.99752,3.344,0.821,9.752,7
6.459,0.685,0.327,4.0,0.084,39,274,0.99636,3.322,0.699,10.054,4
6.789,0.84,0.289,4.99,0.088,21,174,0.99552,3.287,0.566,10.229,6
8.496,0.339,0.29,4.07,0.088,27,99,0.99757,3.31,0.596,10.415,5
7.454,0.584,0.207,2.85,0.091,41,288,1.00251,3.325,0.491,9.273,6
7.653,0.393,0.392,5.64,0.114,7,191,0.99642,3.307,0.653,9.788,7
6.203,0.644,0.274,9.83,0.04,43,210,0.99681,3.317,0.558,9.86,6
5.987,0.411,0.447,2.97,0.091,33,413,0.99475,3.31,0.622,10.279,5
10.612,0.432,0.22,2.32,0.087,30,9,0.99952,3.294,0.696,9.985,5
8.374,0.392,0.405,4.58,0.054,21,109,0.99748,3.267,0.485,10.838,5
6.721,0.5,0.472,3.22,0.101,33,405,0.99839,3.295,0.535,9.964,6
9.94,0.545,0.148,3.47,0.072,11,405,0.99933,3.305,0.623,10.443,6
7.732,0.596,0.539,4.72,0.083,15,137,0.99653,3.272,0.652,9.698,7
7.63,0.558,0.273,3.09,0.131,44,437,0.99744,3.304,0.585,10.306,6
8.05,0.315,0.39,3.29,0.104,14,97,0.99964,3.256,0.66,11.082,5
6.603,0.642,0.382,3.51,0.104,33,28,0.99902,3.304,0.57,10.15,6
6.351,0.564,0.378,8.19,0.103,43,139,0.99391,3.348,0.472,9.627,5
5.286,0.69,0.36,3.69,0.088,28,236,0.99844,3.289,0.595,9.166,5
7.066,0.449,0.431,2.54,0.131,15,8,0.99641,3.328,0.629,9.935,5
7.477,0.339,0.377,2.56,0.108,39,80,0.99953,3.373,0.614,9.702,6
10.415,0.504,0.534,3.87,0.072,38,349,0.99757,3.332,0.687,10.696,7
8.141,0.667,0.419,2.6,0.058,26,275,0.99302,3.302,0.728,11.009,5
4.24,0.546,0.541,2.4,0.101,7,268,0.9977,3.325,0.739,10.532,7
6.236,0.556,0.386,4.92,0.096,21,435,0.99905,3.3,0.553,10.268,5
12.06,0.376,0.195,5.05,0.056,21,105,0.99697,3.264,0.516,10.546,6
8.769,0.751,0.608,3.18,0.097,11,395,0.99825,3.308,0.805,10.095,5
5.72,0.423,0.259,4.15,0.089,20,160,1.00099,3.327,0.683,10.469,5
7.847,0.455,0.473,3.95,0.103,9,407,0.99862,3.338,0.541,10.138,7
6.123,0.616,0.332,4.84,0.101,32,345,0.99765,3.303,0.682,10.023,6
5.701,0.279,0.455,4.84,0.076,21,98,0.99934,3.31,0.784,11.35,6
7.493,0.667,0.296,2.16,0.099,34,96,1.00104,3.303,0.871,10.962,5
6.721,0.651,0.368,3.33,0.086,22,241,1.00017,3.321,0.659,9.686,5
4.572,0.657,0.306,4.63,0.083,33,224,0.99798,3.312,0.769,9.824,5
6.833,0.55,0.543,3.14,0.072,34,107,0.99683,3.275,0.564,11.633,7
4.99,0.63,0.28,3.7,0.13,9,119,1.00093,3.357,0.569,8.845,3
7.711,0.348,0.471,5.24,0.078,22,396,0.9962,3.299,0.655,10.879,6
7.439,0.537,0.102,3.77,0.121,35,333,1.00229,3.31,0.679,10.308,6
6.14,0.381,0.35,8.41,0.123,28,88,0.99524,3.316,0.853,11.023,6
8.786,0.574,0.398,6.55,0.072,12,320,0.99911,3.324,0.701,10.823,6
7.042,0.57,0.418,3.48,0.022,38,72,0.99538,3.301,0.603,11.577,7
9.893,0.712,0.444,3.38,0.11,11,199,0.99409,3.286,0.528,10.65,5
3.731,0.642,0.249,2.13,0.092,45,11,0.99855,3.334,0.796,9.763,6
5.222,0.683,0.317,3.23,0.077,33,287,0.99704,3.303,0.693,9.517,5
7.917,0.495,0.455,2.49,0.079,16,84,0.99854,3.313,0.707,11.162,5
9.838,0.462,0.117,4.01,0.081,11,108,0.99734,3.29,0.626,9.753,6
7.988,0.584,0.405,3.89,0.115,41,88,0.99507,3.333,0.695,10.549,5
8.916,0.443,0.338,5.08,0.088,25,85,0.99931,3.313,0.577,10.1,6
8.039,0.534,0.275,7.8,0.111,37,39,0.99869,3.323,0.725,10.646,6
6.059,0.387,0.378,3.61,0.099,38,246,1.00035,3.329,0.534,10.076,6
5.397,0.481,0.406,14.84,0.093,5,382,0.99947,3.327,0.573,9.521,5
5.262,0.635,0.425,4.03,0.085,32,136,0.9978,3.309,0.574,10.187,5
6.103,0.621,0.348,2.51,0.098,17,344,0.99807,3.336,0.319,10.139,6
7.506,0.425,0.408,2.99,0.11,42,241,0.99673,3.315,0.606,9.992,6
6.071,0.605,0.437,3.18,0.108,12,116,0.99725,3.279,0.57,11.154,5
8.266,0.44,0.349,4.81,0.082,4,32,0.99641,3.323,0.652,9.913,5
5.503,0.536,0.268,2.7,0.094,31,345,0.99447,3.314,0.658,9.825,5
6.116,0.799,0.204,3.26,0.114,26,15,0.99974,3.369,0.794,9.638,6
6.912,0.625,0.432,3.43,0.081,26,189,0.99617,3.312,0.701,10.465,8
10.789,0.562,0.397,3.1,0.057,14,20,0.99499,3.285,0.747,11.288,6
7.74,0.784,0.231,5.42,0.075,24,342,0.99817,3.342,0.71,10.738,6
8.111,0.489,0.128,4.94,0.092,44,435,1.00116,3.297,0.72,9.248,6
6.966,0.371,0.45,6.71,0.099,35,146,0.9948,3.288,0.732,10.442,5
8.103,0.405,0.312,3.22,0.111,45,142,0.99582,3.282,0.713,10.38,7
6.954,0.451,0.413,6.87,0.056,17,251,0.99458,3.25,0.771,10.722,6
7.611,0.184,0.498,2.48,0.072,40,223,0.99462,3.314,0.421,11.478,7
7.938,0.458,0.248,2.47,0.076,19,171,0.99495,3.283,0.922,10.031,7
6.458,0.455,0.339,2.55,0.105,43,164,0.99681,3.327,0.838,9.751,5
6.754,0.579,0.368,3.66,0.072,40,87,0.99711,3.3,0.722,10.296,7
6.702,0.512,0.433,6.87,0.072,10,114,0.99629,3.3,0.55,11.824,5
4.582,0.429,0.484,2.96,0.058,44,260,0.9946,3.293,0.809,10.287,5
5.157,0.645,0.174,3.07,0.105,29,324,1.00087,3.308,0.556,9.645,6
9.176,0.579,0.435,3.36,0.08,36,331,0.99804,3.296,0.751,10.07,7
6.112,0.383,0.484,4.76,0.07,27,230,0.99428,3.312,0.553,10.78,6
5.703,0.455,0.331,3.07,0.083,12,332,0.99947,3.305,0.913,10.874,4
9.484,0.262,0.308,3.02,0.116,45,262,0.9985,3.303,0.486,10.155,5
7.474,0.34,0.423,2.49,0.063,7,160,0.99575,3.269,0.702,10.866,6
8.28,0.412,0.393,2.99,0.07,37,159,0.99746,3.307,0.442,9.794,5
9.766,0.466,0.461,6.76,0.105,11,231,0.99536,3.274,0.708,11.079,5
8.471,0.4,0.402,3.79,0.09,36,139,0.99821,3.306,0.618,10.466,7
4.795,0.487,0.222,2.85,0.107,21,337,0.99828,3.313,0.768,9.5,5
7.115,0.369,0.441,7.02,0.098,13,86,0.99658,3.3,0.615,10.652,6
4.672,0.575,0.437,2.97,0.093,13,29,0.99384,3.324,0.769,10.445,5
10.11,0.621,0.328,7.92,0.088,16,219,0.99927,3.333,0.522,9.576,5
3.273,0.677,0.109,7.83,0.12,41,37,0.99899,3.382,0.561,9.445,5
5.89,0.534,0.327,3.73,0.114,36,89,0.99891,3.326,0.63,10.218,6
6.022,0.326,0.363,2.43,0.111,31,169,0.99816,3.341,0.717,10.924,5
5.225,0.453,0.222,14.94,0.067,30,7,0.99671,3.295,0.698,11.266,6
10.359,0.424,0.35,4.34,0.108,20,102,0.99798,3.26,0.777,10.438,5
11.416,0.446,0.226,3.23,0.078,41,242,0.99691,3.299,0.712,11.086,7
7.393,0.507,0.429,5.9,0.07,14,168,0.99678,3.316,0.756,11.376,5
5.947,0.696,0.374,5.1,0.084,43,395,0.99652,3.317,0.575,10.069,6
4.635,0.617,0.191,7.36,0.104,19,46,1.0002,3.328,0.716,10.248,5
7.85,0.362,0.409,2.91,0.095,17,318,0.99486,3.246,0.865,10.516,7
8.05,0.564,0.381,4.2,0.077,23,262,0.99525,3.316,0.514,10.936,6
6.369,0.619,0.387,2.57,0.108,35,285,0.99498,3.319,0.71,10.045,5
8.638,0.379,0.341,5.0,0.086,33,297,0.99756,3.263,0.768,10.798,7
8.415,0.617,0.28,3.62,0.075,35,28,0.99554,3.317,0.837,11.016,6
7.902,0.507,0.265,4.12,0.075,6,349,0.9963,3.313,0.742,9.384,6
7.444,0.322,0.307,3.45,0.095,9,149,0.99564,3.309,0.688,10.126,6
7.111,0.526,0.396,3.32,0.079,39,288,0.99581,3.308,0.752,11.441,5
8.393,0.555,0.357,2.75,0.062,45,133,0.99472,3.318,0.581,10.615,6
7.528,0.495,0.326,5.36,0.106,8,178,0.99267,3.279,0.621,9.842,5
9.282,0.493,0.325,8.3,0.076,41,309,0.99739,3.296,0.536,10.99,5
9.07,0.408,0.329,3.0,0.118,14,411,0.99235,3.268,0.844,11.326,5
5.648,0.597,0.601,4.71,0.06,45,387,0.9987,3.319,0.718,10.429,6
4.507,0.569,0.225,4.43,0.093,45,321,1.00156,3.353,0.528,9.227,7
6.514,0.543,0.292,3.66,0.075,30,239,0.99675,3.282,0.696,10.848,5
5.524,0.596,0.652,2.42,0.073,11,235,1.00041,3.303,0.773,10.906,8
9.614,0.322,0.432,2.51,0.072,36,425,0.99576,3.273,0.811,10.601,6
7.845,0.416,0.2,2.82,0.126,7,95,1.00056,3.302,0.556,10.289,5
9.8,0.2,0.461,2.24,0.087,17,420,0.99528,3.303,0.346,11.398,6
7.233,0.64,0.218,7.85,0.079,30,287,0.9935,3.314,0.678,9.893,5
6.945,0.41,0.399,4.3,0.059,5,273,0.9981,3.336,0.536,8.946,6
9.09,0.547,0.319,3.6,0.055,19,262,1.0007,3.331,0.729,10.528,5
8.267,0.568,0.305,2.23,0.078,37,358,0.9981,3.328,0.772,9.945,6
7.417,0.612,0.498,2.32,0.078,6,302,0.99637,3.289,0.78,9.614,6
10.142,0.34,0.425,3.65,0.081,18,47,0.9971,3.326,0.876,9.866,7
9.151,0.442,0.505,11.71,0.033,3,345,0.9972,3.312,0.853,11.917,5
7.346,0.729,0.399,2.88,0.086,31,322,0.99665,3.335,0.866,10.122,5
7.119,0.708,0.334,5.59,0.104,6,403,1.00141,3.292,0.844,11.04,6
9.147,0.62,0.434,3.07,0.117,15,412,0.99528,3.282,0.849,11.08,6
9.91,0.535,0.494,3.73,0.047,25,417,0.9983,3.277,0.683,10.881,5
7.44,0.394,0.358,6.92,0.073,12,24,0.99868,3.286,0.522,10.52,6
7.783,0.696,0.458,3.21,0.083,12,279,0.99776,3.335,0.881,9.559,5
4.369,0.523,0.413,2.89,0.095,38,411,0.9968,3.332,0.657,10.194,5
8.45,0.546,0.41,7.91,0.058,36,425,0.99789,3.317,0.835,10.645,7
6.579,0.486,0.332,3.72,0.129,6,244,0.99857,3.313,0.572,9.384,5
6.887,0.482,0.375,6.4,0.087,39,401,0.99733,3.301,0.784,10.572,7
9.763,0.6,0.173,2.89,0.095,23,388,0.99528,3.325,0.356,9.61,4
8.485,0.503,0.381,7.85,0.113,9,7,0.9971,3.277,0.657,11.271,6
7.917,0.54,0.409,4.11,0.082,41,390,0.99648,3.306,0.688,11.55,7
7.693,0.442,0.309,4.44,0.096,17,282,0.99684,3.313,0.72,10.637,5
5.219,0.324,0.4,3.86,0.071,17,254,0.99722,3.302,0.8,10.295,6
6.544,0.731,0.351,3.05,0.061,9,83,0.99621,3.314,0.547,9.343,6
8.747,0.855,0.416,3.65,0.078,41,404,0.99615,3.323,0.732,9.897,5
6.004,0.614,0.384,3.11,0.137,15,134,0.99748,3.331,0.777,9.296,6
4.708,0.434,0.291,5.91,0.114,28,187,0.99834,3.319,0.863,8.95,5
9.174,0.432,0.201,3.37,0.096,13,135,1.00174,3.329,0.736,10.383,5
9.326,0.594,0.521,2.43,0.07,41,426,0.99906,3.314,0.611,10.374,5
9.117,0.655,0.368,2.36,0.101,36,215,0.99409,3.284,0.556,11.867,6
7.599,0.331,0.368,2.35,0.057,24,55,1.0003,3.3,0.891,11.079,5
7.9,0.472,0.342,4.88,0.053,17,10,0.99536,3.303,0.771,11.791,5
5.876,0.575,0.274,2.58,0.082,31,431,0.99787,3.338,0.643,10.402,6
5.631,0.661,0.478,4.16,0.132,24,108,0.99958,3.296,0.468,10.601,5
6.086,0.478,0.485,3.86,0.127,43,340,0.99317,3.334,0.563,10.216,5
8.746,0.216,0.479,3.56,0.065,31,18,0.99398,3.273,0.808,11.184,7
6.73,0.572,0.363,4.45,0.071,4,395,0.99515,3.287,0.727,10.576,5
6.532,0.61,0.459,3.9,0.048,38,288,0.99601,3.277,0.493,11.143,7
7.309,0.539,0.33,2.14,0.094,11,103,0.99855,3.297,0.715,9.73,5
7.018,0.618,0.291,3.23,0.098,15,391,0.99806,3.287,0.462,9.343,5
10.124,0.451,0.389,4.42,0.103,21,135,0.99661,3.318,0.821,10.729,5
6.387,0.424,0.293,9.22,0.109,11,439,0.99953,3.351,0.68,9.748,7
7.895,0.659,0.369,9.52,0.085,43,266,0.9978,3.276,0.612,9.585,6
7.996,0.572,0.367,2.48,0.1,45,200,0.99718,3.288,0.775,9.841,6
7.894,0.551,0.437,3.2,0.07,9,31,0.9965,3.31,0.729,10.729,5
8.45,0.725,0.278,2.4,0.101,16,118,1.00096,3.309,0.806,9.809,6
6.795,0.477,0.339,8.47,0.092,18,31,0.99982,3.356,0.608,9.099,5
8.407,0.431,0.273,6.1,0.095,31,376,0.99557,3.299,0.695,10.953,6
6.833,0.561,0.274,4.26,0.099,28,49,0.99375,3.302,0.621,10.453,6
6.772,0.463,0.282,3.91,0.092,32,55,0.9946,3.308,0.684,9.888,5
5.277,0.642,0.224,7.71,0.107,4,60,0.99663,3.266,0.839,9.514,5
6.33,0.503,0.444,6.9,0.058,25,428,0.99701,3.286,0.607,10.05,6
7.258,0.365,0.274,6.68,0.063,12,427,0.99525,3.316,0.757,11.096,6
4.707,0.595,0.222,4.49,0.093,12,316,0.99944,3.353,0.523,10.025,5
7.921,0.557,0.461,3.2,0.062,36,38,0.99628,3.34,0.429,10.416,6
10.122,0.599,0.328,5.29,0.074,9,224,0.99412,3.301,0.72,11.574,7
5.973,0.589,0.315,5.44,0.084,4,417,0.99873,3.268,0.695,11.064,6
6.629,0.648,0.189,3.39,0.125,23,47,1.00154,3.317,0.606,9.308,5
6.989,0.52,0.468,3.2,0.085,34,350,0.99375,3.319,0.532,11.71,7
7.527,0.478,0.448,6.57,0.107,24,13,0.99708,3.333,0.713,10.526,5
6.251,0.446,0.406,9.37,0.097,9,354,0.99372,3.34,0.683,10.693,5
7.238,0.618,0.351,2.84,0.086,36,242,0.99564,3.322,0.526,10.009,6
7.125,0.453,0.376,3.3,0.088,19,391,0.99525,3.272,0.535,9.746,6
8.002,0.79,0.253,4.26,0.11,33,185,1.00062,3.323,0.603,9.293,6
7.097,0.702,0.26,4.55,0.114,11,346,0.99569,3.31,0.733,9.715,5
6.162,0.629,0.455,3.03,0.09,42,371,0.99609,3.347,0.694,9.198,6
5.146,0.604,0.395,10.98,0.061,15,147,0.99801,3.323,0.545,10.418,6
7.707,0.521,0.269,4.41,0.056,44,284,0.99744,3.311,0.673,11.304,6
8.769,0.36,0.349,4.66,0.083,19,206,0.99558,3.309,0.762,10.245,6
7.223,0.53,0.286,10.03,0.047,34,193,1.00199,3.328,0.511,10.367,5
12.291,0.455,0.302,3.1,0.113,24,353,0.99451,3.292,0.73,12.172,9
9.737,0.543,0.372,3.52,0.1,6,104,0.9971,3.29,0.819,10.62,7
7.818,0.549,0.335,2.53,0.071,7,57,0.99541,3.274,0.55,10.833,6
7.363,0.629,0.262,3.41,0.065,20,214,0.99766,3.33,0.802,10.44,6
7.464,0.47,0.167,2.43,0.115,11,362,1.00053,3.287,0.817,10.187,5
5.527,0.476,0.154,5.23,0.073,29,76,1.00153,3.355,0.611,10.288,5
7.841,0.778,0.252,4.41,0.078,8,153,0.99731,3.292,0.58,9.765,5
7.55,0.648,0.316,3.28,0.077,28,295,0.99996,3.304,0.761,10.285,4
7.767,0.479,0.253,3.51,0.092,11,212,0.99839,3.329,0.64,10.279,6
6.328,0.618,0.318,5.27,0.117,10,268,1.00186,3.345,0.329,8.196,4
9.705,0.522,0.329,2.59,0.115,18,235,0.99725,3.285,0.645,10.68,6
6.918,0.57,0.367,3.98,0.116,28,357,0.99785,3.331,0.686,9.194,5
8.08,0.55,0.358,5.09,0.084,20,385,0.99809,3.297,0.771,11.149,5
8.67,0.902,0.225,2.33,0.116,18,201,1.00029,3.32,0.533,10.137,6
7.308,0.627,0.289,5.05,0.087,17,193,1.00229,3.322,0.579,8.8,4
7.881,0.57,0.254,2.37,0.047,17,126,0.9965,3.293,0.801,10.594,6
8.493,0.256,0.44,3.48,0.069,20,198,0.99569,3.28,0.692,12.059,6
7.05,0.498,0.22,2.58,0.078,38,368,0.99318,3.369,0.47,9.86,5
7.739,0.698,0.425,7.98,0.079,27,223,0.99429,3.308,0.79,9.582,6
6.12,0.551,0.333,2.58,0.066,21,305,0.99572,3.292,0.659,11.099,6
4.005,0.021,0.393,2.37,0.09,35,187,0.99669,3.32,0.736,9.12,6
4.831,0.684,0.171,3.86,0.112,25,312,1.00063,3.368,0.459,8.487,5
5.719,0.796,0.258,3.14,0.127,43,315,0.99511,3.283,0.635,10.347,5
7.706,0.21,0.43,2.43,0.047,27,235,0.99474,3.296,0.759,10.618,6
7.86,0.749,0.439,4.65,0.067,12,411,0.99693,3.313,0.635,10.185,5
7.073,0.174,0.503,2.27,0.075,27,386,0.99983,3.283,0.527,9.836,5
8.62,0.605,0.385,2.65,0.099,36,74,0.99487,3.277,0.431,11.261,6
7.244,0.451,0.591,2.98,0.075,12,104,0.9962,3.29,0.883,11.394,6
6.621,0.231,0.305,5.39,0.076,11,420,0.99786,3.295,0.683,8.92,6
8.058,0.596,0.443,7.29,0.106,28,180,0.99932,3.318,0.782,10.385,5
9.612,0.611,0.305,6.45,0.099,41,140,0.99723,3.321,0.811,11.042,6
5.658,0.614,0.351,3.44,0.095,17,351,0.99817,3.326,0.7,10.54,6
8.505,0.562,0.143,2.19,0.067,24,267,0.99278,3.266,0.656,11.062,6
9.683,0.516,0.194,4.34,0.101,31,63,0.99786,3.307,0.685,10.167,5
7.286,0.292,0.383,8.19,0.086,31,45,0.99738,3.306,0.814,9.887,5
6.508,0.616,0.212,7.0,0.085,9,356,0.99777,3.302,0.672,9.955,6
7.169,0.757,0.383,4.5,0.08,19,337,0.99581,3.313,0.87,10.295,7
7.141,0.696,0.414,2.57,0.111,45,159,1.00008,3.323,0.481,9.87,6
7.594,0.251,0.307,3.03,0.092,41,380,0.99681,3.338,0.498,11.229,6
7.829,0.309,0.263,11.4,0.107,36,60,0.99485,3.302,0.786,10.528,5
5.143,0.432,0.282,2.46,0.118,4,383,0.99669,3.291,0.562,9.536,5
6.327,0.309,0.255,2.59,0.097,20,40,1.0008,3.328,0.895,10.063,6
7.782,0.506,0.355,5.85,0.076,5,282,0.99787,3.325,0.828,11.162,6
6.788,0.6,0.334,3.12,0.114,15,371,0.99989,3.321,0.821,9.971,6
6.919,0.328,0.323,2.57,0.097,40,274,0.99482,3.3,0.768,10.39,5
7.514,0.613,0.523,8.52,0.139,19,343,0.99546,3.316,0.572,11.063,5
9.357,0.515,0.348,4.5,0.083,10,155,0.99353,3.274,0.544,11.046,6
8.639,0.459,0.479,3.17,0.104,34,131,0.99768,3.269,0.824,9.179,6
7.589,0.491,0.25,2.59,0.093,35,121,0.99653,3.316,0.507,10.084,7
8.674,0.241,0.378,12.41,0.083,31,56,0.9954,3.316,0.86,10.881,6
7.004,0.469,0.474,3.61,0.082,37,126,0.99611,3.333,0.747,10.408,5
7.71,0.556,0.432,7.8,0.099,33,113,0.99634,3.304,0.634,9.204,5
7.903,0.553,0.297,5.68,0.101,30,334,0.99697,3.315,0.708,10.793,6
8.799,0.57,0.404,3.03,0.112,41,98,0.99929,3.312,0.718,10.502,5
8.108,0.576,0.37,3.04,0.098,16,78,0.99465,3.317,0.627,10.308,6
7.812,0.516,0.268,8.06,0.084,22,324,0.99852,3.319,0.802,10.245,5
7.55,0.553,0.414,8.15,0.081,27,239,0.99969,3.306,0.823,9.836,6
8.601,0.617,0.563,2.3,0.057,31,99,0.99583,3.3,0.708,11.003,6
8.739,0.525,0.381,4.7,0.124,23,312,0.99643,3.327,0.589,10.657,6
5.172,0.637,0.34,3.48,0.089,21,99,1.00084,3.357,0.757,10.025,5
5.159,0.574,0.349,2.65,0.119,10,346,0.99708,3.318,0.389,9.785,5
7.477,0.455,0.186,4.09,0.097,30,20,0.99748,3.31,0.702,10.443,7
7.0,0.647,0.344,2.49,0.103,8,262,0.99648,3.318,0.706,8.8,5
6.38,0.451,0.244,3.08,0.087,23,265,0.99339,3.296,0.574,10.378,6
6.392,0.625,0.242,2.8,0.081,20,167,0.99816,3.293,0.735,9.241,5
7.442,0.525,0.564,3.05,0.069,36,305,0.99455,3.308,0.663,11.052,7
4.042,0.503,0.304,3.55,0.126,23,170,0.99761,3.324,0.591,10.7,6
7.046,0.49,0.264,2.66,0.093,3,289,0.99959,3.308,0.764,9.795,6
8.244,0.411,0.501,8.79,0.105,24,103,0.99964,3.292,0.579,10.961,6
7.824,0.284,0.273,4.57,0.113,12,252,0.99665,3.307,0.779,10.841,6
9.623,0.568,0.306,10.29,0.08,19,334,0.99903,3.334,0.451,10.905,6
5.253,0.582,0.446,3.43,0.102,15,425,0.99867,3.309,0.676,9.176,5
5.819,0.662,0.326,3.01,0.094,10,162,0.99708,3.294,0.65,8.921,5
3.795,0.458,0.186,10.03,0.066,43,211,0.99338,3.307,0.603,10.353,5
7.326,0.746,0.42,2.98,0.082,13,212,0.99978,3.337,0.724,9.419,6
6.12,0.517,0.269,3.4,0.107,24,379,0.99613,3.299,0.625,9.913,5
6.555,0.423,0.488,5.15,0.081,38,423,1.00023,3.325,0.771,10.512,5
7.517,0.473,0.218,2.54,0.094,18,286,1.00022,3.358,0.67,9.996,5
8.969,0.286,0.461,5.13,0.084,43,362,0.99488,3.256,0.723,10.223,6
8.22,0.694,0.548,4.79,0.127,20,42,0.99701,3.306,0.718,10.838,6
6.551,0.725,0.241,7.17,0.056,43,335,1.00199,3.328,0.596,10.413,5
9.827,0.559,0.363,5.67,0.093,22,357,0.9991,3.288,0.662,10.349,5
7.048,0.43,0.365,7.31,0.087,3,316,0.99669,3.303,0.676,10.549,6
7.007,0.728,0.287,3.49,0.072,40,259,0.99491,3.285,0.668,10.921,7
5.206,0.474,0.376,2.76,0.083,40,396,0.99723,3.3,0.79,10.131,6
6.95,0.487,0.325,13.01,0.102,44,289,0.99675,3.301,0.676,10.479,6
7.845,0.747,0.289,2.42,0.109,8,373,1.00049,3.311,0.68,9.838,4
10.501,0.62,0.341,2.46,0.094,39,84,0.99889,3.305,0.503,10.634,5
8.251,0.778,0.38,4.74,0.106,17,294,0.99293,3.321,0.791,10.612,6
7.042,0.527,0.387,9.12,0.11,39,195,0.9973,3.273,0.622,10.873,5
5.971,0.467,0.29,3.96,0.105,44,382,0.99665,3.271,0.554,10.137,6
8.917,0.413,0.316,6.05,0.074,11,388,0.99642,3.321,0.868,10.31,6
4.718,0.3,0.319,2.27,0.101,18,372,0.99807,3.31,0.729,10.25,6
8.114,0.497,0.333,3.05,0.1,14,99,0.99977,3.303,0.765,9.815,4
8.296,0.691,0.285,2.31,0.075,16,219,0.99958,3.312,0.701,10.54,6
8.544,0.581,0.395,5.33,0.055,28,6,0.99512,3.305,0.669,10.939,5
8.716,0.451,0.228,2.41,0.038,20,431,0.9951,3.272,0.687,10.961,6
8.345,0.393,0.274,2.52,0.09,31,117,0.9962,3.317,0.751,10.506,6
6.104,0.636,0.246,4.62,0.107,31,277,0.99591,3.317,0.73,8.928,5
6.196,0.667,0.249,6.29,0.067,11,217,0.99723,3.306,0.648,9.424,6
10.613,0.555,0.53,3.43,0.106,4,398,1.00019,3.255,0.91,10.401,5
7.102,0.542,0.35,4.75,0.092,35,362,0.99363,3.33,0.645,10.4,5
8.874,0.407,0.374,4.68,0.114,10,343,0.99675,3.3,0.521,10.81,6
4.88,0.599,0.329,3.36,0.091,11,285,0.99607,3.309,0.502,10.932,6
9.723,0.096,0.361,2.62,0.065,28,57,0.99719,3.31,0.493,11.099,6
10.454,0.53,0.261,4.74,0.092,14,404,0.99409,3.304,0.65,10.451,6
7.867,0.843,0.341,4.86,0.1,11,33,0.9939,3.303,0.65,10.385,5
9.372,0.274,0.297,5.69,0.071,16,203,0.99301,3.297,0.778,11.887,6
8.639,0.476,0.332,4.18,0.058,25,170,0.99937,3.283,0.673,9.628,6
6.916,0.508,0.102,2.58,0.089,39,175,0.9948,3.279,0.768,10.342,5
8.203,0.468,0.229,5.07,0.07,45,430,0.99625,3.307,0.666,9.788,6
6.12,0.672,0.48,3.65,0.113,34,106,1.0017,3.299,0.656,10.107,6
7.469,0.545,0.463,3.07,0.075,41,257,0.99465,3.323,0.629,10.675,5
8.96,0.551,0.471,3.26,0.125,25,100,0.99801,3.318,0.816,10.59,5
9.503,0.597,0.51,2.89,0.042,20,401,0.99848,3.283,0.518,10.902,6
6.72,0.517,0.421,5.67,0.09,38,325,0.99893,3.299,0.704,9.846,6
6.619,0.931,0.305,2.46,0.117,16,186,0.99432,3.308,0.649,10.164,7
6.734,0.538,0.246,2.67,0.07,37,40,0.99557,3.305,0.754,10.453,6
9.561,0.499,0.503,3.23,0.079,45,72,0.99644,3.296,0.698,11.4,6
6.581,0.279,0.371,9.05,0.078,19,111,1.00041,3.301,0.682,11.89,6
7.052,0.502,0.553,6.26,0.082,30,182,0.99687,3.297,0.6,10.107,6
8.156,0.694,0.291,2.38,0.097,36,390,0.99669,3.272,0.803,9.608,5
8.63,0.289,0.595,7.56,0.054,36,57,0.9964,3.279,0.709,11.123,6
8.91,0.245,0.328,7.55,0.087,11,256,0.99842,3.32,0.88,10.452,6
5.686,0.599,0.418,2.57,0.11,44,156,1.00032,3.325,0.644,9.212,5
8.524,0.637,0.571,2.17,0.076,24,26,0.99378,3.31,0.713,11.45,6
6.693,0.502,0.266,3.54,0.065,4,274,0.99539,3.298,0.668,9.589,6
9.011,0.477,0.3,6.53,0.109,8,311,0.99749,3.334,0.729,10.697,6
5.939,0.308,0.22,8.9,0.107,34,422,1.00032,3.34,0.581,9.812,5
8.418,0.562,0.24,2.75,0.065,21,225,0.99614,3.322,0.695,10.584,5
7.19,0.621,0.402,9.98,0.065,7,147,0.9974,3.288,0.657,10.962,6
6.496,0.27,0.345,2.22,0.067,25,376,0.99452,3.301,0.716,10.035,5
7.12,0.649,0.37,3.18,0.097,28,113,1.00029,3.325,0.719,10.804,6
9.336,0.63,0.396,3.13,0.096,6,302,0.99761,3.315,0.704,10.697,5
8.005,0.661,0.168,6.65,0.103,18,415,0.99904,3.316,0.682,10.593,6
5.723,0.619,0.457,7.3,0.085,22,7,0.9977,3.287,0.823,9.323,5
8.332,0.59,0.327,5.89,0.068,36,407,0.99682,3.34,0.725,11.3,5
6.881,0.613,0.38,2.49,0.111,31,95,0.9947,3.3,0.935,9.992,6
11.445,0.682,0.368,5.58,0.085,6,215,0.99402,3.284,0.637,9.528,6
8.032,0.282,0.487,4.61,0.092,29,117,0.9995,3.299,0.774,10.295,5
7.111,0.323,0.34,2.37,0.057,41,68,0.99714,3.257,0.589,10.266,5
9.537,0.427,0.134,2.26,0.078,5,310,0.99752,3.286,0.819,9.8,5
5.31,0.489,0.367,6.2,0.107,45,215,0.99417,3.353,0.6,10.696,6
7.176,0.598,0.345,3.4,0.078,7,227,0.99595,3.309,0.697,9.773,5
10.534,0.555,0.251,2.52,0.104,29,215,0.99898,3.276,0.643,10.855,5
7.44,0.665,0.363,3.37,0.042,18,330,1.00052,3.307,0.717,10.689,6
5.282,0.664,0.317,4.29,0.077,34,425,0.99566,3.287,0.645,11.312,7
6.495,0.434,0.191,3.53,0.089,39,228,0.99909,3.333,0.561,9.969,5
11.325,0.467,0.488,2.41,0.111,39,73,0.99525,3.26,0.698,11.113,7
7.449,0.444,0.263,11.0,0.07,40,148,0.99767,3.324,0.813,9.258,7
6.771,0.478,0.323,6.07,0.1,38,221,1.0003,3.278,0.731,11.748,6
5.614,0.613,0.258,3.22,0.117,16,50,0.99746,3.376,0.489,10.1,6
6.779,0.079,0.471,3.26,0.074,23,105,0.99957,3.317,0.786,10.058,6
7.478,0.865,0.318,4.28,0.086,33,93,0.99861,3.314,0.547,10.872,5
7.806,0.677,0.285,2.6,0.103,10,428,0.99915,3.329,0.689,10.035,5
8.964,0.448,0.3,4.2,0.06,27,179,0.99993,3.297,0.724,9.683,5
7.645,0.8,0.369,2.5,0.084,25,387,0.99839,3.302,0.714,9.67,5
4.444,0.539,0.428,3.55,0.123,45,245,0.99851,3.313,0.825,9.532,6
6.686,0.49,0.454,2.58,0.092,5,225,0.99859,3.324,0.61,10.501,7
9.282,0.41,0.457,2.6,0.079,7,413,0.99834,3.279,0.768,10.981,6
6.686,0.686,0.451,9.25,0.084,4,306,0.9982,3.247,0.84,11.408,6
7.541,0.493,0.222,3.74,0.098,26,110,0.98894,3.279,0.606,9.907,6
8.086,0.536,0.264,3.99,0.104,26,128,0.99785,3.324,0.587,10.614,6
7.26,0.614,0.382,2.27,0.068,28,295,0.99586,3.28,0.68,11.818,7
7.642,0.522,0.339,2.96,0.109,13,6,0.99508,3.279,0.756,11.577,7
7.828,0.495,0.258,4.5,0.112,16,72,0.9978,3.324,0.525,10.622,5
6.973,0.731,0.104,3.96,0.112,20,38,0.99928,3.314,0.68,9.238,4
9.629,0.823,0.237,2.24,0.068,5,315,0.9977,3.31,0.532,11.193,7
8.373,0.565,0.32,3.99,0.069,35,197,0.99661,3.295,0.807,9.791,5
6.209,0.61,0.278,4.29,0.093,5,10,1.00196,3.344,0.67,9.59,5
6.497,0.545,0.267,7.24,0.09,31,327,0.99868,3.3,0.876,10.404,5
7.179,0.636,0.403,2.91,0.046,22,290,0.99674,3.283,0.779,11.684,5
7.319,0.42,0.324,2.22,0.095,45,317,0.99747,3.316,0.649,10.416,6
9.518,0.417,0.515,2.67,0.105,32,76,0.99763,3.298,0.627,11.044,7
7.833,0.332,0.322,2.61,0.102,23,385,0.99939,3.307,0.685,9.654,5
4.26,0.386,0.401,5.2,0.078,33,84,0.99733,3.304,0.65,10.39,5
6.386,0.458,0.364,2.14,0.073,8,253,0.99917,3.341,0.794,10.144,5
8.418,0.556,0.171,3.1,0.101,10,248,0.99851,3.333,0.534,9.44,5
7.52,0.76,0.331,7.95,0.087,24,100,1.00112,3.302,0.883,9.922,7
6.445,0.548,0.261,3.66,0.092,39,168,0.99817,3.279,0.837,11.23,6
12.179,0.337,0.393,5.69,0.091,38,28,0.99415,3.305,0.69,10.7,7
7.351,0.436,0.265,2.38,0.112,19,210,1.00197,3.312,0.857,9.788,7
8.394,0.686,0.398,2.39,0.064,15,299,0.99251,3.299,0.59,11.041,5
8.136,0.668,0.213,8.01,0.093,44,140,0.99835,3.309,0.689,10.33,6
6.945,0.531,0.344,3.81,0.082,27,239,0.99583,3.316,0.522,10.816,5
6.902,0.446,0.42,3.81,0.084,8,419,1.00039,3.3,0.882,10.455,6
11.228,0.633,0.468,2.6,0.101,12,107,0.9967,3.319,0.509,10.851,6
9.088,0.387,0.276,3.81,0.107,38,132,0.99535,3.33,0.512,10.56,6
9.285,0.544,0.373,2.59,0.113,41,58,0.99582,3.308,0.616,11.466,5
8.248,0.823,0.36,6.8,0.098,42,241,0.99582,3.337,0.807,10.979,5
6.62,0.525,0.521,21.2,0.083,3,94,0.99589,3.299,0.787,11.278,6
8.895,0.444,0.179,4.55,0.087,38,376,0.99702,3.329,0.663,9.797,6
8.196,0.485,0.334,2.93,0.041,7,132,0.99326,3.296,0.843,11.077,7
7.939,0.462,0.627,2.17,0.116,37,294,0.99766,3.328,0.652,10.772,5
5.4,0.334,0.325,2.36,0.081,40,88,0.9977,3.323,0.717,11.178,5
4.146,0.641,0.134,8.68,0.103,18,146,0.99582,3.329,0.828,10.626,7
7.173,0.709,0.253,2.65,0.108,11,80,0.99485,3.361,0.609,9.874,5
6.893,0.458,0.09,3.18,0.061,33,245,0.99712,3.288,0.598,11.066,5
5.027,0.46,0.382,4.97,0.069,5,18,0.99783,3.3,0.726,10.937,6
7.182,0.454,0.379,8.26,0.128,27,42,1.00001,3.322,0.707,9.748,6
11.638,0.447,0.303,3.38,0.087,17,223,0.99677,3.281,0.718,11.213,7
9.234,0.462,0.288,3.15,0.079,21,242,1.00059,3.272,0.766,10.277,6
8.545,0.323,0.497,3.76,0.077,38,149,0.99736,3.312,0.692,10.874,7
6.818,0.806,0.14,2.94,0.116,45,193,1.00342,3.3,0.653,9.575,4
8.618,0.592,0.207,2.98,0.109,20,186,1.00353,3.314,0.7,9.933,5
9.945,0.556,0.359,4.39,0.054,15,334,0.99253,3.265,0.726,10.126,6
6.585,0.662,0.25,3.95,0.125,38,199,0.99334,3.328,0.826,10.156,6
7.438,0.631,0.31,13.23,0.109,20,373,0.9973,3.294,0.7,10.274,7
7.543,0.49,0.202,4.45,0.089,11,100,0.99867,3.292,0.617,10.502,5
8.543,0.547,0.377,6.65,0.064,41,92,0.99668,3.308,0.731,11.166,5
6.606,0.525,0.299,2.63,0.115,45,181,0.99949,3.306,0.749,10.572,6
6.027,0.647,0.343,4.64,0.108,15,41,0.99831,3.319,0.702,10.235,5
8.927,0.595,0.343,2.86,0.064,9,297,0.99643,3.32,0.725,9.661,3
9.329,0.468,0.371,4.35,0.084,9,175,0.99591,3.322,0.504,9.736,7
7.667,0.377,0.178,5.06,0.155,28,165,0.99742,3.301,0.371,10.508,5
8.868,0.596,0.349,3.72,0.097,16,237,1.00019,3.306,0.767,10.388,6
6.662,0.513,0.298,16.39,0.077,29,41,0.99658,3.314,0.701,10.952,6
10.283,0.254,0.35,7.96,0.065,35,169,0.99594,3.31,0.679,10.935,7
8.977,0.555,0.48,6.76,0.12,3,427,0.99739,3.325,0.766,9.827,6
12.11,0.649,0.274,5.28,0.106,39,278,0.99674,3.286,0.877,10.566,7
7.006,0.795,0.53,10.06,0.109,4,255,0.99789,3.282,0.861,11.397,6
6.62,0.47,0.492,2.45,0.094,7,225,0.99522,3.33,0.772,11.045,7
7.787,0.47,0.407,7.66,0.117,34,209,0.99528,3.353,0.555,10.887,6
9.156,0.326,0.293,2.68,0.064,29,412,0.99637,3.27,0.62,11.526,6
10.494,0.539,0.137,2.99,0.091,45,409,0.99764,3.289,0.411,10.241,6
6.347,0.562,0.443,4.73,0.097,27,183,0.99572,3.32,0.726,9.71,6
8.8,0.418,0.357,7.0,0.117,20,407,0.99982,3.296,0.787,10.653,6
9.726,0.472,0.295,2.58,0.091,31,41,1.00025,3.283,0.816,10.353,5
9.926,0.196,0.523,3.04,0.066,35,144,0.99406,3.288,0.789,12.027,7
5.386,0.684,0.225,3.8,0.096,31,137,1.00113,3.352,0.619,9.018,5
9.575,0.42,0.306,3.39,0.055,18,308,0.99227,3.28,0.605,10.715,6
9.409,0.511,0.405,5.56,0.042,44,268,0.99908,3.335,0.579,10.645,6
7.464,0.383,0.195,38.32,0.112,15,211,0.99658,3.312,0.614,9.698,5
7.882,0.444,0.337,4.4,0.081,17,117,0.999,3.314,0.559,9.963,6
8.336,0.463,0.475,2.85,0.08,14,225,0.99458,3.331,0.875,9.667,7
8.624,0.462,0.418,2.51,0.097,15,122,0.99545,3.294,0.564,10.892,7
8.904,0.562,0.491,3.23,0.114,12,221,0.9949,3.294,0.66,10.433,5
7.082,0.735,0.438,2.71,0.103,27,153,0.99734,3.331,0.434,10.624,5
5.923,0.64,0.328,4.51,0.131,34,391,1.00133,3.311,0.682,9.723,5
6.581,0.623,0.134,4.48,0.095,21,329,0.99625,3.309,0.683,10.944,6
5.824,0.744,0.207,3.09,0.1,42,82,1.00219,3.315,0.602,9.318,5
8.698,0.555,0.459,11.84,0.088,23,414,0.99526,3.31,0.593,11.175,7
7.538,0.516,0.193,2.85,0.063,23,291,1.00006,3.279,0.667,9.294,6
6.937,0.699,0.275,3.48,0.115,5,158,0.99503,3.303,0.573,10.856,5
8.499,0.65,0.391,4.93,0.038,41,236,0.99622,3.275,0.659,10.485,8
7.664,0.557,0.536,5.68,0.07,9,90,0.99476,3.289,0.916,9.637,6
9.199,0.354,0.272,7.21,0.092,10,26,1.0007,3.284,0.67,9.779,5
7.905,0.377,0.313,4.42,0.068,43,188,0.99654,3.281,0.75,10.428,5
6.316,0.518,0.314,6.25,0.084,25,345,0.99374,3.296,0.592,9.665,5
8.105,0.63,0.376,2.91,0.127,5,158,0.99464,3.339,0.575,10.137,5
6.182,0.46,0.383,5.77,0.102,21,172,0.99353,3.267,0.706,10.839,5
5.473,0.719,0.41,5.72,0.082,28,435,1.00022,3.298,0.906,9.365,5
7.809,0.749,0.219,8.43,0.087,3,434,1.00015,3.332,0.594,9.101,6
5.624,0.653,0.38,2.37,0.06,35,207,0.99586,3.332,0.723,11.133,5
8.675,0.701,0.372,2.73,0.106,31,25,0.99658,3.313,0.559,10.714,6
9.349,0.404,0.293,5.46,0.086,3,300,0.99895,3.312,0.351,10.065,5
6.36,0.619,0.402,2.15,0.054,29,316,0.99571,3.345,0.554,9.955,5
7.823,0.45,0.356,4.57,0.092,12,402,0.9982,3.327,0.922,9.746,5
8.599,0.334,0.403,6.28,0.101,34,417,0.99852,3.325,0.712,10.099,6
7.249,0.467,0.381,2.98,0.106,19,279,0.9961,3.29,0.858,10.738,7
9.129,0.676,0.4,3.12,0.085,11,52,0.99743,3.31,0.64,10.521,6
5.286,0.649,0.226,2.63,0.091,24,114,0.99901,3.303,0.359,9.743,4
6.136,0.822,0.251,3.03,0.134,22,317,0.99906,3.308,0.517,10.072,5
6.293,0.552,0.463,3.06,0.09,17,269,0.99462,3.338,0.704,9.781,6
7.211,0.882,0.375,2.89,0.109,40,195,0.99939,3.348,0.662,10.466,6
8.601,0.574,0.22,2.85,0.082,30,180,0.99989,3.326,0.644,9.926,5
7.063,0.537,0.355,3.29,0.104,23,313,0.99804,3.273,0.599,11.087,5
5.985,0.345,0.118,3.28,0.058,12,189,0.99803,3.28,0.776,10.744,7
5.559,0.691,0.269,10.91,0.083,27,73,0.9975,3.302,0.593,11.077,5
7.786,0.473,0.429,3.16,0.067,4,431,0.9993,3.309,0.688,10.781,5
9.415,0.474,0.303,4.25,0.082,41,157,0.99816,3.295,0.661,10.049,5
8.233,0.682,0.364,2.98,0.113,3,126,0.99464,3.3,0.63,10.119,5
7.609,0.643,0.071,2.97,0.072,33,36,0.99798,3.332,0.59,10.432,5
8.411,0.68,0.298,2.36,0.105,17,209,0.99411,3.319,0.611,10.527,6
7.601,0.456,0.397,2.4,0.117,33,434,0.99718,3.305,0.885,10.717,6
6.95,0.519,0.39,2.56,0.089,18,75,0.99643,3.288,0.785,10.057,6
6.134,0.518,0.44,3.95,0.109,4,112,0.99631,3.276,0.775,10.766,5
10.589,0.571,0.371,6.34,0.092,43,83,0.99608,3.265,0.617,11.102,6
4.012,0.724,0.331,2.33,0.091,35,46,0.99567,3.274,0.508,10.827,5
7.631,0.622,0.169,3.01,0.111,4,267,0.99946,3.327,0.749,9.243,6
6.883,0.78,0.325,2.48,0.126,4,135,0.99724,3.315,0.764,10.885,5
7.448,0.616,0.241,3.3,0.073,25,331,0.99526,3.28,0.697,10.951,5
9.861,0.495,0.159,6.34,0.07,44,179,0.99986,3.311,0.623,10.958,6
6.873,0.614,0.252,3.1,0.066,27,282,0.9971,3.331,0.516,11.093,5
6.244,0.762,0.482,3.58,0.111,3,44,0.99882,3.353,0.748,10.127,6
6.513,0.825,0.283,8.11,0.118,33,148,1.00104,3.337,0.765,9.764,6
7.914,0.688,0.359,4.49,0.08,21,185,1.00018,3.308,0.583,11.15,5
6.291,0.558,0.268,2.83,0.051,30,31,0.99909,3.333,0.559,9.839,7
5.277,0.498,0.164,3.9,0.076,18,187,0.99659,3.336,0.799,10.726,6
6.845,0.572,0.462,2.78,0.096,3,210,0.9936,3.259,0.613,10.531,5
8.222,0.796,0.081,4.41,0.096,3,181,0.99896,3.356,0.821,8.744,6
6.545,0.634,0.243,4.62,0.1,30,224,1.00072,3.316,0.614,9.069,5
7.227,0.629,0.3,2.48,0.085,30,351,0.99904,3.313,0.589,9.986,5
7.225,0.527,0.371,3.93,0.109,16,340,0.99017,3.3,0.672,10.773,6
6.092,0.507,0.251,3.48,0.1,6,12,0.99953,3.323,0.604,10.257,5
10.476,0.473,0.187,4.69,0.097,36,283,0.99823,3.275,0.81,11.341,5
7.969,0.506,0.296,5.48,0.087,9,398,0.99563,3.29,0.787,11.031,6
6.937,0.745,0.272,4.53,0.099,11,384,0.99907,3.318,0.785,10.014,5
9.257,0.483,0.277,3.25,0.097,22,146,0.99814,3.309,0.692,10.805,6
6.867,0.513,0.458,5.82,0.068,33,345,0.99531,3.309,0.627,10.693,6
5.485,0.472,0.172,2.75,0.105,45,353,1.00123,3.322,0.62,9.317,4
7.8,0.604,0.387,2.5,0.103,29,164,0.99427,3.317,0.627,10.784,5
6.546,0.75,0.319,2.09,0.119,44,383,0.99828,3.346,0.791,9.79,5
8.906,0.684,0.485,3.55,0.09,31,280,0.99552,3.31,0.811,10.732,7
10.922,0.527,0.352,2.79,0.066,39,331,0.99489,3.308,0.671,10.592,5
7.85,0.606,0.418,4.36,0.074,10,330,0.99793,3.329,0.557,10.993,5
3.421,0.543,0.295,2.28,0.086,5,345,1.00076,3.339,0.806,10.573,4
8.725,0.555,0.421,2.92,0.088,31,421,0.99868,3.349,0.706,10.952,7
5.496,0.669,0.106,4.52,0.102,44,378,1.00126,3.368,0.576,9.071,5
7.497,0.536,0.078,2.65,0.067,34,189,0.99386,3.308,0.832,9.607,5
7.134,0.578,0.352,4.38,0.072,17,249,0.99541,3.302,0.582,10.767,4
7.944,0.56,0.408,3.0,0.044,24,287,0.99688,3.295,0.646,11.194,7
8.387,0.439,0.433,3.6,0.02,7,377,0.99587,3.285,0.673,11.358,7
8.827,0.47,0.312,4.82,0.083,17,176,0.99557,3.31,0.535,9.528,7
5.769,0.796,0.452,5.89,0.143,32,141,1.00223,3.311,0.664,9.76,5
5.83,0.895,0.284,3.79,0.128,10,326,0.99782,3.338,0.567,10.08,5
11.907,0.36,0.394,2.79,0.068,23,420,0.99803,3.278,0.607,10.817,6
6.701,0.351,0.412,3.09,0.091,15,401,0.99889,3.272,0.593,10.27,6
7.873,0.389,0.526,4.92,0.058,24,70,0.99698,3.302,0.607,10.398,6
6.192,0.472,0.346,2.66,0.057,35,404,1.00134,3.278,0.599,11.179,6
6.725,0.688,0.239,3.4,0.072,41,348,0.9965,3.299,0.657,9.374,5
6.05,0.609,0.188,3.16,0.086,20,74,0.99614,3.298,0.641,9.985,5
8.209,0.481,0.556,3.5,0.076,38,8,0.99358,3.27,0.716,11.315,7
7.616,0.661,0.329,2.66,0.104,33,94,1.00203,3.332,0.874,10.168,5
8.02,0.442,0.384,2.31,0.104,42,409,0.99896,3.298,0.641,10.678,5
8.443,0.486,0.662,4.63,0.081,34,333,0.99589,3.295,0.735,10.997,7
4.918,0.528,0.372,5.93,0.091,26,255,0.99558,3.31,0.739,10.33,6
