fixed_acidity;volatile_acidity;citric_acid;residual_sugar;chlorides;free_sulfur_dioxide;total_sulfur_dioxide;density;pH;sulphates;alcohol;quality
6.952;0.347;0.153;3.14;0.096;36;88;0.99638;3.323;0.539;10.974;7
4.004;0.457;0.321;9.61;0.08;26;373;1.00076;3.376;0.513;10.589;6
5.406;0.437;0.225;3.31;0.068;44;108;0.99789;3.322;0.524;10.837;6
7.98;0.337;0.341;2.83;0.096;37;330;0.99846;3.365;0.321;9.479;6
8.842;0.35;0.43;4.27;0.083;4;316;0.99675;3.295;0.592;10.471;7
6.513;0.421;0.31;8.56;0.057;18;413;0.99237;3.308;0.61;10.493;5
6.931;0.481;0.109;5.11;0.104;6;361;0.99544;3.28;0.516;10.589;5
6.837;0.402;0.225;3.75;0.045;10;393;0.9965;3.33;0.42;10.974;6
6.646;0.582;0.437;14.94;0.065;6;257;0.99837;3.308;0.55;10.21;6
4.814;0.38;0.346;14.3;0.086;6;358;0.99523;3.355;0.642;9.812;6
7.721;0.47;0.439;2.45;0.08;19;118;0.99668;3.302;0.514;9.895;5
6.496;0.334;0.108;2.73;0.093;3;282;0.99452;3.335;0.439;10.374;7
7.639;0.267;0.322;2.95;0.088;3;14;0.99614;3.333;0.542;12.301;8
3.079;0.412;0.277;4.07;0.035;3;388;0.99598;3.32;0.411;10.874;6
7.014;0.438;0.142;5.18;0.108;39;114;0.99877;3.33;0.325;10.468;5
9.114;0.398;0.265;4.42;0.067;40;33;0.99509;3.367;0.57;10.635;8
3.975;0.396;0.412;4.86;0.079;23;420;0.99514;3.318;0.423;11.252;7
9.533;0.328;0.39;6.34;0.061;38;283;0.99639;3.34;0.341;10.927;7
8.303;0.275;0.289;2.64;0.053;36;316;0.99869;3.334;0.554;10.184;6
5.755;0.362;0.338;2.24;0.094;9;413;0.99724;3.338;0.488;9.966;6
4.623;0.435;0.425;5.66;0.09;4;33;0.99706;3.292;0.509;10.472;6
7.443;0.516;0.164;12.47;0.091;15;209;0.99912;3.333;0.546;9.775;6
6.991;0.079;0.331;5.27;0.068;17;420;0.99738;3.339;0.452;10.207;5
7.497;0.45;0.409;3.67;0.113;14;282;0.99875;3.353;0.515;9.83;6
5.365;0.535;0.196;6.91;0.094;37;265;0.99953;3.331;0.509;9.577;5
5.965;0.5;0.448;3.85;0.091;33;204;0.99707;3.287;0.581;11.113;6
8.33;0.41;0.314;2.63;0.08;23;116;0.99364;3.289;0.419;10.942;6
5.493;0.454;0.418;3.74;0.087;9;424;0.9978;3.33;0.422;10.988;7
7.737;0.356;0.39;8.16;0.105;4;331;0.99864;3.316;0.587;9.861;5
4.231;0.393;0.321;5.8;0.104;37;219;0.99964;3.349;0.67;10.223;6
5.806;0.429;0.289;7.64;0.101;27;123;0.99559;3.336;0.53;10.475;5
3.676;0.33;0.195;3.53;0.09;13;246;0.99644;3.341;0.483;9.88;3
8.511;0.314;0.324;6.91;0.084;41;33;0.99768;3.299;0.325;11.193;6
5.636;0.36;0.377;14.86;0.05;44;183;0.99617;3.311;0.657;11.17;7
5.199;0.263;0.446;3.85;0.077;31;315;0.99747;3.338;0.524;10.576;5
7.994;0.381;0.312;3.54;0.067;38;428;0.99584;3.325;0.439;9.99;6
6.94;0.253;0.337;12.37;0.065;43;410;0.99718;3.346;0.551;10.745;5
9.504;0.416;0.468;4.98;0.082;31;219;0.99722;3.32;0.443;10.395;7
9.349;0.387;0.344;2.73;0.082;45;318;0.99251;3.342;0.478;10.902;6
7.909;0.323;0.366;3.69;0.065;17;53;0.99897;3.339;0.507;10.899;6
7.163;0.32;0.447;13.37;0.05;13;27;0.99666;3.337;0.538;10.599;5
4.611;0.329;0.328;5.99;0.074;31;81;0.99347;3.324;0.696;11.085;6
6.08;0.155;0.367;22.92;0.078;25;359;0.99353;3.308;0.523;10.364;5
6.742;0.335;0.399;7.41;0.084;9;61;0.99666;3.315;0.424;10.901;5
6.35;0.408;0.288;5.57;0.064;11;154;0.99404;3.316;0.523;10.585;8
4.62;0.517;0.184;10.59;0.056;40;306;0.99658;3.359;0.422;10.977;6
4.727;0.372;0.129;3.37;0.048;32;394;0.99557;3.346;0.371;9.503;5
6.248;0.348;0.312;10.72;0.077;37;197;0.99579;3.295;0.409;11.022;6
8.797;0.498;0.444;4.45;0.065;44;137;0.9956;3.316;0.458;11.073;7
7.786;0.538;0.425;4.04;0.09;44;73;1.00022;3.35;0.292;10.798;6
6.26;0.345;0.468;6.17;0.052;41;204;0.99785;3.364;0.503;10.052;7
6.006;0.506;0.382;3.61;0.109;11;250;0.99998;3.362;0.411;9.713;6
7.124;0.503;0.241;2.78;0.077;9;411;0.99455;3.304;0.592;11.041;5
5.611;0.448;0.153;3.0;0.077;3;161;0.99675;3.349;0.359;10.189;4
5.963;0.313;0.238;6.78;0.086;30;224;0.99534;3.31;0.45;9.622;5
4.658;0.291;0.289;5.75;0.093;38;280;0.99801;3.365;0.373;10.444;6
8.087;0.428;0.25;4.96;0.094;15;135;0.9997;3.365;0.49;10.066;6
8.489;0.596;0.417;7.98;0.041;22;193;0.99691;3.297;0.464;10.511;7
6.917;0.386;0.215;3.01;0.071;21;105;0.99403;3.341;0.56;10.107;6
6.788;0.564;0.34;3.72;0.093;43;189;0.99723;3.313;0.5;9.894;7
7.272;0.57;0.386;18.24;0.092;13;184;0.99908;3.334;0.533;10.061;6
9.707;0.261;0.141;2.95;0.084;32;301;0.99984;3.313;0.42;10.702;6
7.055;0.331;0.265;13.07;0.063;31;56;0.99632;3.308;0.473;10.301;6
5.135;0.529;0.438;4.02;0.088;44;435;0.99685;3.348;0.415;10.532;7
4.984;0.498;0.376;6.84;0.079;3;293;0.99526;3.339;0.405;10.07;5
8.374;0.416;0.346;5.52;0.076;5;359;0.9932;3.34;0.415;10.712;7
8.304;0.384;0.201;4.05;0.104;3;373;0.99612;3.339;0.436;10.809;6
7.987;0.442;0.244;5.07;0.077;9;382;0.99939;3.305;0.47;10.904;6
7.387;0.349;0.296;9.79;0.093;17;75;0.99596;3.324;0.306;10.217;5
7.07;0.627;0.435;3.26;0.109;3;66;0.99796;3.351;0.517;10.014;7
4.778;0.279;0.357;2.96;0.1;38;182;0.99753;3.353;0.453;10.927;5
5.496;0.23;0.286;9.0;0.057;20;133;0.9964;3.327;0.465;9.396;6
3.706;0.429;0.305;3.76;0.063;42;91;0.99617;3.385;0.62;10.818;5
6.231;0.529;0.384;4.26;0.041;35;45;0.99383;3.343;0.806;10.731;6
5.41;0.323;0.151;4.22;0.099;34;374;0.99604;3.358;0.308;11.48;5
7.312;0.368;0.225;3.71;0.074;6;222;0.99767;3.336;0.436;11.52;7
7.525;0.252;0.35;2.38;0.064;3;125;0.99768;3.343;0.489;10.027;7
4.224;0.379;0.431;4.45;0.078;30;101;0.99729;3.318;0.397;10.284;6
7.739;0.292;0.415;3.64;0.057;37;432;0.99725;3.33;0.517;10.996;6
7.09;0.321;0.201;2.62;0.096;25;353;0.99454;3.308;0.458;10.682;5
4.77;0.253;0.304;3.47;0.063;26;200;0.99464;3.337;0.512;9.716;6
7.735;0.306;0.264;5.53;0.094;21;284;0.99511;3.292;0.558;10.752;6
7.804;0.565;0.271;20.15;0.085;24;94;0.99611;3.336;0.567;11.125;5
6.834;0.365;0.34;3.5;0.076;23;74;0.99388;3.313;0.543;10.65;6
8.36;0.39;0.289;13.83;0.089;11;307;0.99537;3.302;0.526;10.952;6
6.942;0.607;0.248;3.65;0.076;31;212;0.99652;3.323;0.442;10.516;5
8.442;0.319;0.2;6.53;0.078;20;106;0.99708;3.315;0.528;11.203;7
7.595;0.27;0.172;4.06;0.101;32;396;0.99658;3.297;0.592;11.294;8
6.772;0.43;0.297;8.19;0.113;45;378;0.99423;3.359;0.472;11.051;5
7.784;0.258;0.34;5.18;0.089;42;26;0.99499;3.304;0.507;10.962;6
7.965;0.415;0.375;3.78;0.107;20;273;0.99875;3.352;0.512;10.577;5
7.094;0.5;0.225;2.5;0.049;17;60;0.99513;3.359;0.518;11.38;5
5.939;0.294;0.226;10.06;0.085;13;119;0.99769;3.353;0.341;10.086;6
5.509;0.347;0.426;2.53;0.081;17;85;1.00002;3.324;0.487;9.681;5
5.762;0.572;0.329;3.4;0.074;21;357;1.00042;3.322;0.496;9.558;5
6.368;0.272;0.411;20.94;0.089;16;234;0.99399;3.297;0.359;11.472;5
6.216;0.356;0.217;5.55;0.124;42;73;0.99756;3.317;0.466;9.336;6
7.216;0.403;0.245;5.0;0.09;3;238;0.99594;3.299;0.516;11.151;7
7.845;0.311;0.24;5.14;0.096;41;353;0.99454;3.299;0.353;10.651;6
6.528;0.316;0.397;5.58;0.11;33;206;0.99888;3.337;0.677;10.522;5
6.605;0.558;0.178;3.88;0.109;23;120;0.99763;3.354;0.514;10.333;6
8.584;0.344;0.123;5.98;0.084;37;36;0.99977;3.308;0.605;10.061;4
9.084;0.393;0.261;4.29;0.065;32;83;0.99398;3.337;0.488;11.096;6
6.034;0.347;0.436;3.9;0.103;45;383;0.9923;3.309;0.513;11.532;6
7.926;0.343;0.334;6.58;0.095;44;22;0.99615;3.371;0.417;11.468;7
6.484;0.25;0.337;7.48;0.071;30;164;0.99683;3.354;0.469;11.559;6
6.582;0.48;0.317;6.03;0.113;16;428;0.99958;3.373;0.473;11.014;6
7.97;0.286;0.364;9.75;0.055;7;51;0.99504;3.313;0.593;12.288;6
6.27;0.497;0.305;23.18;0.055;15;203;0.99769;3.306;0.653;11.303;7
4.804;0.282;0.162;20.0;0.081;28;213;0.99951;3.3;0.316;10.298;6
3.54;0.338;0.477;5.08;0.054;3;114;0.99186;3.331;0.472;10.936;7
7.321;0.423;0.304;2.83;0.076;9;296;0.99647;3.293;0.617;11.548;6
8.458;0.395;0.432;11.63;0.079;29;121;0.99583;3.342;0.473;10.749;5
6.004;0.307;0.17;5.13;0.067;12;318;0.99443;3.336;0.373;11.072;6
7.624;0.368;0.369;8.43;0.081;36;407;0.99573;3.309;0.639;10.954;6
5.712;0.285;0.168;3.88;0.059;16;377;0.99698;3.362;0.641;10.952;6
7.693;0.372;0.201;9.05;0.033;16;223;1.00066;3.323;0.596;10.386;7
5.45;0.143;0.325;2.82;0.098;26;58;0.99523;3.34;0.515;11.278;5
6.635;0.398;0.418;5.34;0.098;23;365;0.99603;3.34;0.507;10.337;7
5.659;0.557;0.406;2.64;0.104;42;7;0.99979;3.328;0.437;9.81;4
3.208;0.488;0.426;27.18;0.075;43;395;1.00218;3.334;0.558;10.744;5
6.839;0.479;0.272;4.11;0.091;22;298;0.99453;3.312;0.586;10.049;6
6.673;0.344;0.39;2.28;0.074;30;53;0.99808;3.339;0.378;11.193;6
2.87;0.457;0.226;13.24;0.108;23;267;0.99605;3.322;0.604;10.392;6
7.974;0.336;0.267;10.08;0.056;25;219;0.99981;3.352;0.467;11.207;7
6.684;0.381;0.331;14.51;0.087;17;129;0.9985;3.352;0.522;10.319;5
6.645;0.395;0.28;2.82;0.074;26;150;0.99803;3.322;0.47;9.905;6
7.079;0.071;0.385;6.24;0.096;14;52;0.9994;3.33;0.527;10.547;6
6.323;0.472;0.13;13.82;0.082;38;184;0.99731;3.326;0.512;10.334;8
5.826;0.411;0.442;4.31;0.043;4;328;0.9965;3.35;0.663;11.023;6
5.131;0.511;0.209;6.31;0.081;28;303;0.99875;3.356;0.418;11.021;6
6.338;0.291;0.461;4.24;0.061;9;255;0.99379;3.332;0.539;11.086;7
9.324;0.473;0.404;4.02;0.093;5;98;0.99731;3.384;0.584;10.292;7
9.168;0.438;0.189;14.65;0.098;6;351;0.9992;3.334;0.621;10.639;6
6.59;0.154;0.322;3.22;0.054;6;362;0.99129;3.327;0.35;11.549;6
6.225;0.218;0.376;4.95;0.089;34;189;0.9935;3.329;0.649;10.086;7
7.166;0.395;0.228;7.32;0.061;30;347;0.9983;3.339;0.608;9.302;5
7.452;0.327;0.231;4.98;0.071;44;214;0.99827;3.308;0.575;10.331;7
7.003;0.34;0.325;9.1;0.077;7;140;0.99616;3.341;0.474;11.461;7
5.922;0.306;0.403;2.33;0.102;27;367;0.99783;3.301;0.327;11.069;6
9.992;0.508;0.423;11.83;0.087;30;171;0.99614;3.289;0.522;10.973;6
8.098;0.209;0.262;2.79;0.094;25;81;0.99974;3.351;0.529;9.929;8
3.865;0.289;0.359;4.26;0.076;34;166;0.99549;3.369;0.303;10.059;4
4.759;0.279;0.471;3.96;0.076;3;124;0.99982;3.326;0.481;11.938;5
5.657;0.256;0.4;6.75;0.093;32;199;0.99678;3.315;0.469;10.451;6
6.846;0.341;0.227;4.33;0.085;22;213;0.99566;3.288;0.48;10.73;5
7.756;0.375;0.235;3.79;0.083;37;352;0.99823;3.343;0.63;10.226;6
5.636;0.286;0.31;8.01;0.093;5;188;0.99676;3.321;0.302;9.914;5
5.019;0.405;0.408;28.68;0.111;22;196;1.00021;3.33;0.481;10.829;6
6.968;0.518;0.347;3.47;0.109;43;56;0.99625;3.32;0.42;10.914;5
7.694;0.489;0.275;3.39;0.108;6;279;0.99447;3.346;0.575;10.782;5
6.558;0.589;0.208;3.51;0.09;40;180;0.99316;3.319;0.639;10.358;6
6.419;0.484;0.448;2.76;0.064;40;198;0.99718;3.332;0.664;11.031;6
7.324;0.394;0.285;2.76;0.059;12;75;1.00163;3.324;0.466;10.147;6
7.213;0.539;0.515;3.7;0.081;30;7;0.99816;3.315;0.74;11.834;6
5.646;0.44;0.211;8.14;0.059;35;24;0.99665;3.304;0.537;10.978;5
7.598;0.54;0.304;3.63;0.039;24;294;0.99174;3.343;0.756;11.126;7
5.732;0.341;0.274;3.16;0.071;16;332;0.99372;3.279;0.403;10.822;8
8.654;0.163;0.516;4.52;0.122;37;255;0.99744;3.335;0.419;11.268;7
6.279;0.321;0.387;3.2;0.088;34;18;0.99686;3.327;0.446;9.919;6
5.88;0.387;0.279;55.02;0.081;35;116;0.9966;3.313;0.464;10.586;6
6.824;0.45;0.108;16.97;0.081;43;356;0.99717;3.354;0.289;10.277;5
8.403;0.371;0.421;4.92;0.085;28;292;0.99825;3.302;0.502;9.068;5
3.813;0.486;0.321;2.45;0.055;36;397;0.99581;3.351;0.27;10.472;6
6.042;0.299;0.176;3.53;0.09;39;278;0.99871;3.328;0.407;10.168;6
8.857;0.327;0.154;3.05;0.098;5;310;0.99938;3.35;0.524;9.601;6
5.041;0.468;0.365;3.08;0.084;9;287;0.99645;3.341;0.373;10.552;6
7.268;0.364;0.318;2.27;0.083;34;247;0.9976;3.339;0.507;11.755;6
4.436;0.413;0.308;3.59;0.084;8;274;0.99698;3.328;0.435;10.019;5
6.159;0.545;0.328;3.47;0.099;12;256;0.99635;3.344;0.416;10.864;5
4.437;0.456;0.31;3.35;0.053;26;263;0.99669;3.301;0.585;10.313;7
4.248;0.324;0.27;2.69;0.044;12;76;0.99668;3.337;0.379;10.519;6
7.458;0.351;0.432;6.14;0.063;11;418;0.99435;3.299;0.638;11.11;8
7.069;0.22;0.303;3.1;0.08;11;338;0.99657;3.345;0.356;10.149;6
6.777;0.408;0.262;2.24;0.096;20;402;0.9969;3.397;0.524;10.455;5
8.081;0.397;0.402;2.91;0.062;36;363;0.99825;3.338;0.47;11.377;7
9.388;0.18;0.155;8.61;0.078;45;296;0.99866;3.291;0.53;10.48;7
7.566;0.545;0.427;12.12;0.081;34;106;0.99377;3.331;0.385;9.736;8
8.768;0.542;0.394;2.81;0.09;33;379;0.99249;3.31;0.477;11.591;7
5.593;0.43;0.24;4.31;0.071;44;241;0.99534;3.297;0.461;10.509;7
6.913;0.464;0.307;7.04;0.091;8;199;0.99892;3.301;0.495;11.282;4
11.041;0.537;0.429;9.44;0.096;20;8;0.99461;3.341;0.475;10.637;6
8.65;0.421;0.316;3.67;0.083;37;132;0.99564;3.32;0.627;10.342;3
8.418;0.469;0.154;5.77;0.075;42;84;0.99268;3.366;0.524;11.53;7
8.287;0.406;0.229;3.72;0.069;20;305;0.99491;3.286;0.376;10.437;6
8.755;0.217;0.353;2.39;0.063;29;357;0.99589;3.316;0.62;11.382;4
7.081;0.268;0.522;9.39;0.064;40;9;0.99827;3.35;0.6;11.259;6
9.655;0.327;0.394;4.55;0.059;30;346;1.00053;3.336;0.335;10.788;5
6.036;0.501;0.282;6.31;0.097;3;289;0.99727;3.352;0.65;10.663;5
6.311;0.413;0.354;4.19;0.091;37;328;0.99815;3.293;0.484;10.693;5
9.91;0.478;0.318;3.06;0.078;20;372;0.99803;3.318;0.522;9.54;7
3.63;0.355;0.269;3.61;0.085;3;363;0.99753;3.303;0.446;10.636;6
7.231;0.268;0.347;5.94;0.082;5;24;0.99794;3.315;0.465;10.404;6
3.349;0.631;0.056;2.69;0.117;23;250;0.99451;3.35;0.457;10.464;6
6.042;0.645;0.417;16.43;0.097;19;267;0.99806;3.307;0.532;11.731;6
6.719;0.424;0.367;34.0;0.074;31;292;0.99856;3.347;0.631;10.646;6
7.729;0.313;0.324;2.23;0.086;37;207;0.99273;3.284;0.615;11.529;7
7.238;0.495;0.235;9.37;0.047;9;414;0.99487;3.327;0.551;10.955;5
5.387;0.296;0.178;3.71;0.073;31;240;0.99778;3.324;0.478;10.103;5
6.97;0.356;0.351;7.29;0.064;9;257;0.99757;3.302;0.402;11.472;6
4.674;0.27;0.307;5.35;0.09;10;10;0.99857;3.311;0.422;10.583;6
5.854;0.451;0.313;4.25;0.073;22;116;1.00038;3.322;0.574;10.226;5
4.108;0.444;0.45;9.24;0.07;18;219;0.99908;3.369;0.513;9.483;6
8.408;0.322;0.121;5.04;0.062;21;176;1.00113;3.29;0.448;11.694;6
5.542;0.305;0.261;15.61;0.049;37;184;0.99586;3.328;0.508;11.162;7
7.484;0.253;0.224;5.91;0.056;7;250;0.99537;3.285;0.645;11.074;7
6.461;0.3;0.415;2.58;0.06;34;48;0.99404;3.337;0.565;9.904;7
6.867;0.488;0.306;4.31;0.085;25;217;0.99818;3.303;0.556;11.327;6
8.908;0.335;0.237;4.77;0.083;15;13;0.99933;3.312;0.648;10.844;7
7.179;0.501;0.341;3.49;0.094;39;105;0.99529;3.332;0.517;10.528;6
3.658;0.326;0.331;2.74;0.117;18;79;0.99744;3.334;0.359;10.502;5
7.261;0.39;0.462;24.9;0.1;25;313;0.99456;3.34;0.475;11.33;6
2.897;0.34;0.341;4.56;0.044;24;255;1.00014;3.323;0.47;10.504;6
7.841;0.337;0.295;4.67;0.064;7;407;0.99692;3.321;0.583;11.069;7
5.732;0.483;0.241;2.48;0.113;28;225;0.99938;3.307;0.458;9.609;5
4.421;0.209;0.213;7.05;0.086;10;258;0.9956;3.325;0.456;10.492;6
7.482;0.437;0.383;4.44;0.084;41;288;0.99709;3.311;0.509;10.653;6
6.014;0.47;0.378;11.03;0.087;44;133;0.99978;3.302;0.416;10.521;6
10.116;0.367;0.311;19.2;0.05;13;9;0.99715;3.326;0.418;11.501;6
6.361;0.389;0.305;3.39;0.088;40;296;0.99376;3.33;0.348;11.143;6
10.141;0.341;0.475;3.27;0.074;5;148;0.99489;3.294;0.571;11.456;7
9.357;0.429;0.347;11.7;0.057;13;240;0.99586;3.315;0.52;12.35;5
6.123;0.387;0.368;10.89;0.087;44;66;0.99801;3.333;0.477;10.446;5
6.077;0.291;0.22;5.91;0.112;28;393;0.9974;3.31;0.554;10.436;6
8.274;0.417;0.238;8.1;0.079;36;326;0.99926;3.343;0.521;10.835;6
6.157;0.499;0.082;3.99;0.058;38;266;0.99721;3.347;0.261;10.404;5
7.369;0.41;0.19;4.72;0.076;35;23;0.99422;3.297;0.471;10.116;6
6.996;0.369;0.37;4.78;0.059;26;111;0.99871;3.336;0.314;11.32;5
5.807;0.381;0.463;2.28;0.029;21;383;0.99732;3.345;0.679;12.057;6
7.384;0.297;0.329;8.18;0.064;22;29;0.99299;3.293;0.417;10.591;6
5.467;0.344;0.193;8.46;0.088;15;355;0.99681;3.34;0.623;10.726;5
5.226;0.185;0.343;3.03;0.058;25;374;0.99418;3.28;0.439;10.512;8
6.704;0.358;0.438;3.55;0.076;42;23;1.00158;3.273;0.453;11.536;5
9.543;0.473;0.306;5.85;0.076;40;274;0.9964;3.322;0.401;11.253;7
8.874;0.358;0.396;8.06;0.072;3;274;0.99727;3.307;0.297;10.659;5
6.301;0.318;0.289;4.83;0.075;28;110;0.99938;3.351;0.614;10.828;6
7.293;0.463;0.202;3.71;0.072;29;401;0.99425;3.358;0.337;10.33;5
6.888;0.429;0.197;6.39;0.078;30;428;0.99894;3.33;0.434;10.287;5
9.178;0.383;0.306;5.19;0.074;18;90;0.99643;3.305;0.454;10.767;7
6.662;0.457;0.515;2.96;0.093;39;336;0.99839;3.349;0.466;9.646;6
6.288;0.45;0.376;3.97;0.069;14;437;0.99406;3.338;0.617;11.654;4
5.851;0.401;0.272;3.88;0.066;15;188;0.9984;3.345;0.302;10.045;6
8.814;0.291;0.358;7.7;0.087;16;362;0.99372;3.301;0.513;10.64;6
9.764;0.582;0.307;2.68;0.071;4;187;0.99776;3.348;0.406;9.764;6
5.79;0.4;0.262;3.17;0.122;27;431;0.99798;3.332;0.511;10.885;6
4.735;0.283;0.333;3.84;0.07;7;117;0.99758;3.284;0.498;10.953;7
7.624;0.419;0.274;4.87;0.12;23;190;0.99913;3.32;0.411;10.735;6
6.782;0.499;0.389;37.66;0.084;18;86;0.99369;3.344;0.622;10.588;6
7.037;0.251;0.468;4.31;0.086;44;217;1.00056;3.314;0.505;10.256;7
7.741;0.545;0.412;10.65;0.102;27;373;0.99737;3.303;0.442;9.38;7
6.892;0.376;0.28;8.43;0.088;17;349;0.9973;3.339;0.48;9.992;5
5.206;0.57;0.377;13.16;0.076;6;103;0.99891;3.339;0.46;9.352;6
3.626;0.47;0.222;19.89;0.076;18;121;1.00107;3.323;0.527;9.972;6
7.051;0.366;0.216;7.17;0.06;43;130;0.99522;3.318;0.517;11.153;6
5.088;0.513;0.315;2.99;0.062;22;46;0.99722;3.333;0.456;10.927;7
6.811;0.526;0.357;3.91;0.099;3;151;0.99781;3.312;0.423;10.804;6
5.086;0.353;0.308;15.96;0.032;28;56;0.99981;3.329;0.298;10.204;6
6.261;0.413;0.392;30.14;0.114;19;39;0.9979;3.355;0.387;9.793;7
5.641;0.304;0.43;13.02;0.093;43;139;1.00085;3.327;0.533;11.334;5
5.654;0.502;0.361;38.79;0.078;13;90;0.99917;3.338;0.487;9.997;6
6.369;0.247;0.304;7.86;0.113;31;161;0.9958;3.314;0.425;11.031;5
8.134;0.352;0.197;3.14;0.113;14;309;0.99548;3.365;0.66;10.939;6
8.042;0.21;0.465;5.11;0.105;16;304;0.99733;3.299;0.575;10.34;7
5.624;0.482;0.228;5.84;0.038;36;193;0.99782;3.338;0.398;9.528;5
5.71;0.171;0.389;9.55;0.04;26;122;0.9957;3.309;0.579;10.919;5
9.372;0.294;0.354;9.04;0.093;43;87;0.99776;3.309;0.37;9.972;6
7.339;0.413;0.279;3.09;0.056;16;109;0.99898;3.321;0.535;11.572;5
8.226;0.332;0.516;11.94;0.084;17;46;0.99602;3.31;0.497;10.897;6
7.543;0.351;0.374;3.53;0.072;16;118;0.99929;3.357;0.313;10.418;6
8.612;0.305;0.302;5.77;0.088;28;364;0.9987;3.364;0.605;9.983;7
7.042;0.391;0.224;7.64;0.08;21;184;0.99887;3.37;0.279;9.345;6
7.7;0.223;0.214;7.94;0.08;19;350;1.00013;3.34;0.525;10.724;5
7.314;0.442;0.164;6.88;0.05;21;206;1.00048;3.326;0.461;10.955;5
5.804;0.458;0.377;3.56;0.077;43;62;0.99465;3.313;0.596;10.832;6
6.117;0.455;0.275;4.42;0.061;21;218;0.99755;3.357;0.589;10.644;6
6.091;0.408;0.244;9.64;0.103;4;101;0.99872;3.348;0.499;9.839;6
7.569;0.48;0.387;3.7;0.062;26;291;0.99441;3.277;0.206;10.931;5
7.376;0.411;0.299;2.79;0.085;3;279;0.99362;3.307;0.396;11.916;6
7.476;0.471;0.386;2.18;0.089;4;146;0.99669;3.292;0.753;10.384;5
6.567;0.437;0.238;4.84;0.078;32;402;0.99542;3.333;0.557;10.486;7
6.283;0.389;0.263;3.06;0.062;12;436;0.99665;3.346;0.403;10.612;7
4.15;0.332;0.387;4.79;0.084;39;169;0.99494;3.36;0.599;10.602;5
7.845;0.143;0.239;2.88;0.077;38;300;0.99859;3.326;0.621;10.236;6
7.379;0.46;0.363;3.73;0.095;15;284;0.99501;3.331;0.475;9.626;7
5.832;0.368;0.372;3.86;0.059;26;253;0.99408;3.318;0.549;10.49;6
7.862;0.564;0.327;9.71;0.054;6;62;0.9962;3.287;0.595;10.497;7
7.38;0.199;0.149;3.07;0.092;45;368;0.99722;3.314;0.686;10.388;5
6.538;0.484;0.167;2.77;0.086;18;436;0.99526;3.329;0.404;9.481;5
5.076;0.265;0.237;5.12;0.097;9;235;0.99716;3.319;0.549;11.329;7
5.264;0.383;0.19;8.72;0.104;29;266;0.99462;3.334;0.353;9.938;6
4.993;0.343;0.358;3.03;0.048;13;413;1.00138;3.339;0.543;10.715;7
8.831;0.431;0.217;6.79;0.085;33;177;0.99811;3.34;0.449;10.969;6
5.839;0.377;0.198;4.8;0.08;20;205;0.99787;3.289;0.27;11.154;7
6.814;0.453;0.281;6.73;0.077;28;116;0.99691;3.321;0.592;11.157;6
4.977;0.414;0.291;2.37;0.098;41;368;0.99752;3.329;0.583;10.334;5
6.064;0.437;0.145;5.05;0.117;41;411;0.99401;3.365;0.684;11.344;6
7.044;0.52;0.362;4.09;0.076;7;56;0.99793;3.317;0.518;10.583;6
4.066;0.432;0.39;5.44;0.075;39;71;0.99833;3.348;0.33;10.874;5
2.099;0.406;0.223;3.32;0.096;14;416;0.99595;3.335;0.326;9.969;3
7.718;0.507;0.391;4.42;0.093;39;121;0.99749;3.33;0.625;10.211;7
6.579;0.389;0.147;2.26;0.078;43;432;0.99508;3.337;0.493;10.424;6
6.069;0.423;0.262;4.69;0.095;29;264;0.9988;3.342;0.379;9.864;5
7.978;0.366;0.288;13.96;0.106;16;139;0.99737;3.297;0.464;9.477;6
7.466;0.354;0.291;5.39;0.072;35;62;1.00083;3.296;0.42;9.978;6
3.814;0.106;0.423;4.96;0.103;31;216;0.99889;3.354;0.616;9.953;4
6.314;0.465;0.269;5.98;0.065;9;213;0.99627;3.347;0.572;10.289;6
8.373;0.278;0.213;14.62;0.103;43;347;0.99756;3.351;0.387;10.171;5
6.097;0.45;0.342;3.32;0.059;24;147;1.00072;3.316;0.538;11.567;6
6.767;0.545;0.343;2.56;0.059;42;98;0.9995;3.348;0.614;10.336;5
8.667;0.242;0.377;2.82;0.048;15;261;0.99573;3.278;0.456;11.101;6
6.43;0.473;0.279;3.32;0.072;26;376;0.99511;3.281;0.48;11.063;7
5.115;0.38;0.328;5.03;0.077;42;190;0.99593;3.276;0.387;9.48;6
5.123;0.461;0.226;8.66;0.079;7;222;0.99596;3.362;0.534;10.649;5
5.565;0.251;0.392;3.23;0.067;44;164;0.99562;3.32;0.361;10.985;5
7.637;0.39;0.249;2.91;0.073;37;325;1.00296;3.336;0.46;10.996;5
5.08;0.376;0.278;9.17;0.064;17;386;0.99749;3.305;0.506;11.605;6
7.921;0.537;0.415;10.72;0.072;29;99;1.00036;3.31;0.449;9.946;5
3.64;0.628;0.202;3.18;0.086;37;357;0.9958;3.35;0.518;9.668;6
7.616;0.389;0.342;8.21;0.062;14;90;0.99745;3.292;0.526;11.782;6
4.854;0.35;0.371;4.24;0.08;45;336;0.99884;3.32;0.559;10.75;6
6.681;0.587;0.293;3.6;0.055;8;22;0.99336;3.321;0.613;10.479;7
8.118;0.384;0.396;4.37;0.052;30;301;0.99577;3.362;0.602;11.196;5
8.523;0.378;0.26;3.07;0.092;38;287;0.99374;3.347;0.756;10.464;5
9.128;0.379;0.432;2.43;0.059;17;60;0.99385;3.325;0.456;11.632;7
5.823;0.468;0.124;2.58;0.085;30;232;0.99606;3.346;0.592;10.747;5
7.302;0.443;0.192;3.19;0.056;10;415;0.99831;3.283;0.43;11.102;5
7.15;0.334;0.319;5.74;0.048;16;288;0.99902;3.344;0.432;11.406;7
7.315;0.393;0.438;6.15;0.053;25;221;0.99635;3.341;0.417;10.498;5
7.082;0.535;0.504;8.87;0.055;15;95;0.99438;3.325;0.576;10.987;6
8.617;0.531;0.238;3.15;0.101;17;306;0.99993;3.319;0.44;10.637;5
7.166;0.436;0.305;4.62;0.064;36;106;0.99713;3.325;0.445;10.547;6
7.628;0.447;0.232;2.56;0.087;32;178;0.99722;3.354;0.447;10.189;6
7.604;0.362;0.106;2.93;0.069;3;206;1.0006;3.32;0.487;10.717;6
7.854;0.483;0.387;10.22;0.079;18;41;0.99655;3.31;0.698;11.672;5
5.805;0.34;0.275;4.32;0.053;32;152;0.99448;3.329;0.492;10.376;6
5.52;0.43;0.418;22.87;0.103;16;436;0.99974;3.338;0.438;9.968;5
4.7;0.358;0.327;7.65;0.083;32;47;0.99629;3.319;0.489;10.849;6
5.684;0.359;0.231;3.61;0.073;33;312;0.99461;3.307;0.393;9.895;5
6.514;0.395;0.242;3.26;0.093;10;367;0.9991;3.35;0.405;11.076;5
8.402;0.373;0.31;2.28;0.045;39;339;0.99493;3.283;0.513;11.502;6
5.562;0.314;0.377;13.2;0.06;16;412;0.99547;3.347;0.568;10.547;6
11.061;0.394;0.252;9.93;0.086;9;238;0.99855;3.332;0.441;10.052;6
6.598;0.398;0.586;136.84;0.108;26;428;0.99949;3.327;0.437;10.557;5
8.873;0.333;0.344;27.73;0.066;18;395;0.99275;3.316;0.597;10.984;6
7.888;0.342;0.185;5.87;0.115;6;395;0.99812;3.325;0.316;10.086;5
3.468;0.369;0.327;2.86;0.099;25;30;0.99886;3.306;0.369;10.337;7
7.652;0.408;0.473;2.39;0.053;11;133;0.99881;3.301;0.529;10.596;7
9.018;0.489;0.36;3.77;0.087;33;63;0.99684;3.31;0.698;10.609;6
3.866;0.389;0.297;4.61;0.097;5;313;0.99509;3.335;0.466;11.318;6
7.343;0.386;0.225;2.54;0.062;19;284;0.99843;3.3;0.633;10.443;4
5.4;0.392;0.229;7.76;0.107;13;295;0.99416;3.313;0.477;10.365;5
5.838;0.584;0.182;9.78;0.049;45;272;1.00014;3.318;0.269;11.236;8
7.565;0.459;0.279;2.92;0.102;31;262;0.99579;3.355;0.665;10.635;8
5.187;0.26;0.377;4.04;0.094;14;200;0.99342;3.322;0.606;11.666;8
7.881;0.353;0.288;2.58;0.105;33;112;0.99707;3.32;0.454;11.385;5
6.496;0.316;0.495;10.13;0.091;21;370;0.9989;3.344;0.464;10.913;6
6.122;0.341;0.363;3.01;0.081;41;239;0.99799;3.308;0.635;11.595;6
7.668;0.235;0.263;2.78;0.047;40;85;0.99475;3.308;0.495;10.729;5
11.502;0.401;0.3;2.31;0.114;45;19;1.00029;3.345;0.594;10.575;6
7.27;0.261;0.455;2.87;0.091;23;261;0.998;3.321;0.574;10.649;6
7.512;0.337;0.141;2.4;0.095;44;321;0.99715;3.348;0.464;11.103;4
6.637;0.538;0.331;10.56;0.067;21;433;0.9969;3.375;0.464;11.005;7
5.869;0.482;0.578;7.36;0.034;25;8;0.9992;3.332;0.582;11.046;4
6.78;0.323;0.395;2.7;0.09;4;32;0.99834;3.354;0.697;10.506;6
7.986;0.329;0.185;3.01;0.066;40;284;0.99792;3.34;0.489;10.841;5
6.47;0.327;0.3;4.46;0.081;6;349;0.99798;3.333;0.339;10.58;5
7.358;0.238;0.261;5.02;0.093;17;410;0.99808;3.344;0.502;9.79;6
5.725;0.327;0.555;2.84;0.057;26;80;0.99788;3.373;0.34;9.908;5
10.698;0.35;0.26;13.74;0.085;16;116;0.99672;3.327;0.505;11.376;5
4.661;0.284;0.291;7.37;0.062;42;13;0.99733;3.355;0.536;10.685;7
7.777;0.456;0.285;26.51;0.066;10;116;0.99982;3.323;0.456;11.145;6
8.139;0.362;0.194;2.13;0.089;21;93;0.99451;3.305;0.454;11.369;6
7.798;0.315;0.012;2.47;0.045;43;217;0.99303;3.307;0.457;10.463;6
5.268;0.555;0.289;7.9;0.066;36;252;0.99545;3.334;0.538;11.225;7
5.862;0.431;0.388;5.41;0.069;38;404;0.99735;3.312;0.572;11.576;6
7.101;0.372;0.294;3.96;0.094;6;140;0.99572;3.303;0.506;11.074;8
7.197;0.556;0.37;2.75;0.075;28;60;0.99689;3.328;0.465;11.186;7
5.157;0.513;0.388;6.66;0.091;25;6;0.9984;3.323;0.332;10.603;5
4.522;0.354;0.349;3.52;0.061;27;132;0.9984;3.364;0.26;10.714;5
7.286;0.433;0.133;13.94;0.05;4;25;0.99825;3.318;0.454;9.866;6
8.051;0.356;0.452;11.05;0.076;10;83;0.99882;3.363;0.563;10.581;5
6.143;0.248;0.401;9.36;0.108;41;151;0.99799;3.347;0.315;10.482;5
5.708;0.575;0.386;2.35;0.089;8;38;0.99625;3.354;0.509;10.373;6
5.578;0.541;0.304;5.82;0.07;33;343;0.99637;3.347;0.51;11.348;5
10.759;0.249;0.331;20.61;0.062;21;101;0.99642;3.356;0.584;11.597;6
7.773;0.425;0.27;22.41;0.102;3;286;0.99469;3.328;0.594;10.83;4
6.905;0.226;0.361;12.62;0.089;37;359;0.99606;3.314;0.502;10.539;5
8.831;0.467;0.427;11.46;0.046;38;249;0.99442;3.284;0.674;11.513;6
9.884;0.39;0.25;3.16;0.04;37;181;0.99578;3.35;0.509;10.089;6
8.353;0.366;0.389;15.59;0.116;15;396;0.99359;3.351;0.36;10.208;6
4.794;0.51;0.266;23.45;0.081;20;190;0.99422;3.338;0.466;10.196;5
6.395;0.402;0.359;6.31;0.08;29;434;0.99979;3.332;0.49;10.574;5
6.455;0.356;0.306;6.76;0.083;21;376;0.99385;3.338;0.601;10.833;8
7.112;0.445;0.428;4.3;0.071;9;304;0.99713;3.324;0.535;10.589;6
5.053;0.363;0.5;5.33;0.075;34;176;0.99813;3.309;0.517;10.305;6
6.065;0.481;0.327;3.93;0.078;5;330;0.99914;3.359;0.372;10.57;7
5.348;0.387;0.266;6.57;0.038;36;399;0.99616;3.326;0.462;10.757;5
8.149;0.434;0.305;4.23;0.066;15;351;0.99681;3.311;0.572;11.662;6
6.547;0.462;0.361;2.5;0.07;10;213;0.99693;3.342;0.306;10.409;4
5.619;0.433;0.295;3.36;0.094;28;310;0.99682;3.351;0.587;11.303;7
4.656;0.284;0.418;6.24;0.095;35;62;0.99746;3.313;0.562;10.611;8
6.353;0.561;0.35;5.4;0.069;36;17;0.99857;3.322;0.444;10.725;8
7.449;0.385;0.391;15.5;0.077;40;350;0.99713;3.324;0.532;11.154;6
7.475;0.559;0.257;9.82;0.079;27;161;0.99593;3.31;0.578;10.872;6
7.779;0.29;0.261;13.3;0.11;11;65;0.99468;3.274;0.606;11.741;7
1.691;0.383;0.22;4.56;0.102;23;322;0.99522;3.35;0.583;10.046;6
7.288;0.317;0.399;10.82;0.057;7;422;0.99606;3.296;0.459;10.617;8
5.353;0.517;0.218;3.24;0.109;14;84;0.99855;3.344;0.438;9.937;6
6.269;0.351;0.378;3.28;0.06;11;327;0.9963;3.364;0.389;10.476;6
5.509;0.413;0.126;9.25;0.097;30;322;0.99766;3.325;0.316;11.478;6
6.521;0.226;0.26;5.53;0.078;41;82;0.99916;3.324;0.572;10.993;6
5.838;0.345;0.295;3.13;0.055;45;331;0.9956;3.314;0.524;10.46;5
9.712;0.447;0.096;9.75;0.074;20;145;0.99994;3.345;0.331;10.089;5
7.995;0.371;0.26;15.52;0.073;30;205;0.99732;3.3;0.567;11.003;6
5.913;0.235;0.14;8.32;0.103;35;85;0.99565;3.306;0.524;10.41;5
7.533;0.406;0.337;13.55;0.099;17;119;0.99468;3.298;0.479;11.702;4
6.981;0.283;0.302;9.54;0.041;41;350;0.99726;3.323;0.148;11.059;8
7.193;0.571;0.391;9.5;0.067;6;312;0.99671;3.317;0.475;10.352;6
5.759;0.39;0.211;3.11;0.102;30;158;0.99869;3.331;0.436;9.645;6
6.404;0.621;0.137;2.34;0.09;39;251;0.99352;3.318;0.57;9.925;5
7.504;0.483;0.229;3.85;0.092;24;253;0.99986;3.321;0.46;10.589;5
8.253;0.423;0.337;2.07;0.089;9;434;0.99905;3.335;0.437;11.6;5
7.36;0.339;0.327;3.46;0.092;7;251;0.99465;3.344;0.563;10.472;7
8.967;0.367;0.341;2.78;0.102;40;51;0.99541;3.345;0.584;11.722;6
6.851;0.444;0.422;5.05;0.072;39;324;1.00111;3.348;0.613;10.619;6
5.04;0.218;0.262;3.22;0.036;9;173;0.99892;3.332;0.57;10.398;5
4.77;0.468;0.309;4.68;0.085;43;396;0.99633;3.266;0.356;11.055;5
5.43;0.293;0.214;3.0;0.067;18;135;0.99667;3.33;0.458;10.632;6
5.745;0.404;0.215;4.02;0.051;14;103;0.99784;3.362;0.514;9.722;5
7.386;0.125;0.416;15.99;0.079;24;136;0.99854;3.295;0.344;10.708;5
7.843;0.452;0.329;2.86;0.066;22;321;0.99681;3.297;0.389;10.275;6
5.64;0.476;0.041;2.39;0.078;12;355;0.99824;3.336;0.383;9.165;5
6.123;0.399;0.45;14.77;0.034;43;425;0.99549;3.308;0.548;10.824;6
7.758;0.426;0.112;8.29;0.089;15;251;0.99311;3.317;0.379;11.308;7
8.892;0.336;0.29;4.57;0.074;29;90;0.99691;3.34;0.615;11.329;6
5.867;0.415;0.398;3.71;0.083;36;151;0.99614;3.335;0.539;10.2;6
7.788;0.486;0.346;5.76;0.06;36;274;0.99901;3.311;0.631;11.087;5
9.371;0.323;0.393;3.78;0.058;26;92;0.99709;3.303;0.505;11.411;6
6.882;0.453;0.384;9.8;0.098;18;278;0.99867;3.32;0.547;10.176;5
6.671;0.462;0.34;3.92;0.09;3;216;0.99449;3.345;0.387;10.931;6
3.551;0.38;0.176;3.33;0.074;45;84;0.99884;3.333;0.412;10.313;6
8.795;0.407;0.354;6.93;0.053;23;371;0.99344;3.35;0.531;10.128;6
8.465;0.38;0.275;3.1;0.083;31;414;0.9983;3.276;0.526;11.129;7
6.369;0.366;0.05;6.93;0.071;38;354;0.99793;3.351;0.544;9.263;6
6.604;0.606;0.302;2.72;0.091;31;433;0.99858;3.32;0.557;10.785;6
4.498;0.37;0.345;3.47;0.067;4;204;1.00061;3.336;0.508;9.645;6
6.717;0.553;0.327;5.27;0.081;19;326;0.99932;3.342;0.271;11.216;8
5.889;0.523;0.283;3.23;0.089;8;182;0.99576;3.318;0.632;9.239;6
9.332;0.153;0.524;9.94;0.061;19;292;0.99411;3.307;0.443;11.406;6
4.969;0.419;0.335;4.42;0.089;10;36;0.99771;3.328;0.591;10.926;5
8.978;0.483;0.409;5.37;0.05;6;371;0.99743;3.338;0.396;11.053;6
6.389;0.487;0.327;2.3;0.106;19;321;0.99809;3.336;0.56;9.708;5
8.79;0.289;0.488;6.97;0.067;9;287;0.99483;3.322;0.597;10.106;5
4.536;0.451;0.241;4.94;0.075;4;236;0.99548;3.307;0.422;10.493;6
7.142;0.279;0.424;2.3;0.075;13;258;0.99724;3.324;0.446;10.364;5
9.55;0.248;0.534;5.52;0.064;16;403;0.99928;3.308;0.399;11.146;6
7.033;0.364;0.279;5.86;0.063;18;323;0.99502;3.335;0.446;10.8;7
4.788;0.406;0.418;3.21;0.081;18;187;0.99774;3.291;0.476;10.536;6
6.683;0.531;0.194;2.8;0.063;6;245;0.99765;3.331;0.427;10.8;6
7.43;0.429;0.34;2.56;0.072;6;305;0.99647;3.35;0.372;10.318;7
4.69;0.498;0.38;4.74;0.081;17;50;0.99165;3.342;0.262;10.384;5
5.649;0.238;0.267;4.76;0.068;16;283;0.99746;3.32;0.463;10.058;8
7.062;0.28;0.134;4.1;0.062;16;112;0.99301;3.334;0.494;10.287;5
5.677;0.334;0.327;26.85;0.092;36;168;0.99655;3.318;0.656;10.935;6
7.642;0.564;0.277;4.59;0.116;43;381;0.99406;3.296;0.391;10.181;6
5.536;0.244;0.347;5.17;0.063;42;217;0.99511;3.31;0.361;10.702;7
4.093;0.241;0.337;2.46;0.095;7;74;0.99902;3.332;0.477;10.968;5
6.409;0.354;0.424;5.73;0.059;17;102;0.9923;3.303;0.505;10.732;6
9.064;0.498;0.475;9.42;0.071;10;85;0.99416;3.338;0.643;11.122;5
5.323;0.242;0.346;2.99;0.058;8;403;0.99575;3.345;0.585;10.871;5
5.335;0.423;0.105;28.92;0.075;30;347;0.99633;3.318;0.473;10.013;4
7.512;0.243;0.395;3.43;0.06;4;250;0.99674;3.333;0.533;11.214;6
5.852;0.515;0.368;5.12;0.073;4;320;0.99632;3.357;0.503;10.466;6
7.963;0.471;0.314;3.76;0.073;10;283;0.99757;3.316;0.542;9.845;6
6.194;0.45;0.436;3.73;0.125;6;25;0.99769;3.352;0.592;10.511;6
6.956;0.403;0.321;2.11;0.063;32;100;0.99741;3.355;0.215;10.393;6
4.502;0.364;0.281;8.86;0.089;3;213;1.00029;3.302;0.456;11.719;4
3.911;0.42;0.343;2.24;0.096;7;9;0.99531;3.341;0.563;10.936;6
2.974;0.325;0.158;12.48;0.043;18;323;0.99745;3.345;0.376;10.973;7
6.679;0.298;0.414;2.78;0.043;9;372;0.99663;3.314;0.332;10.854;6
7.075;0.258;0.344;3.48;0.091;37;60;0.998;3.328;0.571;11.02;6
7.452;0.405;0.466;44.45;0.057;12;18;0.99152;3.34;0.369;10.477;4
8.884;0.312;0.382;2.91;0.071;40;410;0.99529;3.346;0.424;10.517;6
6.444;0.474;0.352;4.07;0.026;19;146;0.99777;3.311;0.52;10.626;7
7.204;0.154;0.364;2.66;0.052;27;63;0.9962;3.327;0.648;11.476;6
7.758;0.431;0.211;4.15;0.071;3;272;0.9992;3.361;0.375;11.08;5
9.348;0.425;0.323;6.16;0.097;19;162;0.99337;3.29;0.583;11.07;8
4.864;0.539;0.313;16.96;0.122;21;227;1.0023;3.354;0.463;9.425;5
7.369;0.377;0.4;2.15;0.068;23;122;0.99813;3.371;0.399;9.747;6
6.762;0.231;0.37;4.44;0.104;19;197;0.99602;3.336;0.539;10.426;6
6.054;0.311;0.372;7.12;0.08;32;235;0.9956;3.347;0.433;9.526;6
8.192;0.489;0.393;9.12;0.072;28;70;0.9948;3.337;0.474;10.264;5
5.702;0.359;0.264;3.13;0.074;28;14;0.99563;3.313;0.7;10.31;5
5.282;0.35;0.344;4.9;0.074;29;190;0.99708;3.298;0.529;9.916;5
8.075;0.319;0.308;22.9;0.046;16;259;0.99491;3.304;0.53;10.602;6
6.837;0.38;0.195;5.99;0.076;41;389;0.99771;3.326;0.605;10.361;5
6.294;0.372;0.161;29.5;0.057;37;324;0.99612;3.339;0.297;9.767;7
6.715;0.234;0.401;2.7;0.084;10;65;0.9981;3.315;0.643;10.657;7
8.598;0.287;0.501;3.21;0.124;9;344;0.99437;3.33;0.563;10.798;6
5.787;0.507;0.436;4.75;0.056;3;155;0.99764;3.359;0.49;10.316;6
7.108;0.561;0.201;2.85;0.115;45;170;0.99596;3.33;0.388;9.445;3
8.109;0.348;0.492;7.43;0.052;33;90;0.99866;3.312;0.602;10.841;7
8.854;0.34;0.468;2.77;0.072;13;423;0.99692;3.28;0.444;10.938;6
8.058;0.542;0.22;5.86;0.101;4;280;0.99796;3.334;0.4;9.794;5
7.255;0.402;0.334;2.5;0.093;20;328;1.00106;3.343;0.318;10.392;5
6.607;0.271;0.487;3.04;0.101;19;94;0.99735;3.37;0.616;11.523;5
7.675;0.348;0.353;5.52;0.1;45;83;0.99494;3.305;0.437;11.615;7
6.449;0.437;0.452;7.14;0.07;14;98;0.99628;3.348;0.456;10.334;5
10.27;0.562;0.234;2.92;0.071;30;99;0.99649;3.354;0.514;10.862;3
6.81;0.329;0.295;2.5;0.089;29;26;0.99811;3.335;0.558;11.676;5
7.565;0.442;0.402;6.92;0.088;36;386;1.00075;3.346;0.646;10.794;8
8.831;0.352;0.305;2.88;0.111;44;179;1.00048;3.347;0.438;11.546;6
4.437;0.518;0.31;6.13;0.039;17;37;0.99715;3.338;0.356;11.107;5
5.773;0.409;0.33;13.19;0.098;10;291;0.99701;3.348;0.455;9.945;6
6.636;0.399;0.231;7.44;0.086;33;174;0.99899;3.281;0.415;11.201;6
5.94;0.272;0.484;2.5;0.069;20;6;0.99808;3.324;0.428;11.257;6
4.83;0.366;0.295;12.48;0.064;24;150;0.99248;3.337;0.382;10.384;7
6.499;0.341;0.3;11.17;0.06;20;44;0.99498;3.355;0.54;10.799;5
8.25;0.053;0.257;3.38;0.065;44;164;0.9964;3.349;0.571;10.695;5
7.206;0.497;0.298;3.67;0.114;3;68;0.99614;3.333;0.529;11.502;5
6.626;0.397;0.215;14.93;0.08;34;45;0.99735;3.322;0.274;10.409;5
6.035;0.401;0.369;5.8;0.078;6;265;0.99869;3.328;0.275;10.632;5
4.329;0.36;0.276;6.29;0.08;7;87;0.99476;3.353;0.592;10.177;5
7.96;0.384;0.401;10.97;0.088;29;82;0.99861;3.314;0.351;11.102;6
7.161;0.422;0.22;6.87;0.095;28;87;0.99724;3.333;0.57;10.892;5
5.58;0.25;0.227;62.73;0.077;23;118;0.9982;3.287;0.405;10.254;6
7.203;0.397;0.229;14.51;0.074;35;257;1.00068;3.309;0.458;10.147;7
6.787;0.39;0.348;5.21;0.062;24;120;0.99587;3.31;0.747;11.342;7
5.281;0.424;0.154;5.1;0.082;20;105;0.99387;3.375;0.526;10.42;5
5.49;0.242;0.401;3.95;0.075;5;311;0.99604;3.329;0.451;11.12;6
5.126;0.405;0.254;12.42;0.071;34;208;0.99753;3.326;0.662;10.994;4
5.333;0.27;0.398;2.73;0.073;21;363;0.99624;3.328;0.443;10.508;6
7.66;0.414;0.286;9.27;0.102;24;136;0.99643;3.377;0.43;11.428;7
7.454;0.511;0.401;3.42;0.093;30;192;0.99489;3.324;0.545;10.866;6
6.767;0.493;0.195;2.35;0.087;11;25;0.99849;3.359;0.617;10.039;7
5.697;0.39;0.173;10.09;0.107;15;389;1.0006;3.325;0.533;9.928;5
6.15;0.34;0.37;6.4;0.082;44;150;0.99865;3.324;0.659;10.951;6
9.93;0.323;0.272;5.75;0.1;25;345;0.99495;3.312;0.63;10.54;6
4.411;0.414;0.428;3.94;0.077;33;306;0.99699;3.314;0.629;10.656;6
8.734;0.314;0.257;4.67;0.105;24;117;0.99773;3.362;0.529;11.721;5
8.138;0.303;0.399;3.36;0.084;34;216;0.99439;3.305;0.486;11.137;7
6.578;0.158;0.221;14.08;0.075;16;68;0.99713;3.348;0.412;10.792;3
5.936;0.312;0.137;14.5;0.056;24;305;0.99553;3.312;0.478;11.038;5
6.087;0.329;0.44;4.61;0.084;17;111;1.00068;3.324;0.419;10.304;6
5.171;0.335;0.296;4.79;0.081;36;66;0.9988;3.323;0.466;10.653;8
4.705;0.513;0.404;5.79;0.058;35;317;0.9976;3.343;0.314;10.243;6
6.822;0.25;0.339;9.52;0.073;18;378;0.99289;3.325;0.31;10.276;6
4.439;0.261;0.144;5.55;0.067;14;117;0.99845;3.305;0.753;11.022;5
7.635;0.461;0.34;3.67;0.086;4;326;0.99503;3.32;0.64;10.931;4
8.351;0.294;0.421;4.14;0.054;7;370;0.99895;3.33;0.501;10.41;6
2.525;0.351;0.464;5.78;0.075;17;41;0.9991;3.301;0.603;11.752;7
4.778;0.4;0.482;4.36;0.115;21;364;0.99938;3.342;0.574;10.862;6
7.574;0.375;0.369;3.81;0.095;34;182;0.99684;3.297;0.496;10.284;7
7.295;0.306;0.312;12.87;0.077;24;106;0.99509;3.298;0.379;10.402;6
6.769;0.486;0.314;6.43;0.11;16;283;0.99785;3.338;0.6;10.886;6
6.986;0.551;0.183;9.67;0.074;14;26;0.99815;3.374;0.532;9.397;6
7.926;0.288;0.39;3.05;0.095;34;398;0.99068;3.371;0.382;11.006;5
8.26;0.353;0.396;9.04;0.083;42;385;0.99541;3.354;0.566;11.104;6
9.267;0.482;0.347;4.88;0.071;21;284;0.99848;3.316;0.47;11.233;6
6.511;0.382;0.225;4.11;0.09;37;147;0.9966;3.348;0.7;9.724;5
9.095;0.248;0.421;3.32;0.119;33;418;0.99882;3.27;0.287;11.949;6
4.048;0.366;0.241;3.38;0.065;31;232;0.99764;3.322;0.525;10.877;5
6.58;0.471;0.436;3.66;0.062;7;86;0.99815;3.382;0.397;10.196;6
5.074;0.293;0.253;5.19;0.112;15;129;0.99809;3.344;0.491;10.916;5
8.293;0.432;0.244;4.56;0.069;44;222;0.99845;3.342;0.296;10.406;6
9.984;0.43;0.279;27.85;0.077;45;279;0.99982;3.332;0.509;9.936;5
8.43;0.291;0.247;6.78;0.065;19;38;0.9958;3.323;0.499;11.521;6
6.063;0.401;0.269;5.68;0.058;44;168;0.99425;3.315;0.359;11.369;9
6.79;0.448;0.292;4.54;0.087;26;222;0.99411;3.294;0.532;10.061;5
6.971;0.481;0.076;3.17;0.058;31;275;0.99726;3.376;0.51;10.917;5
7.192;0.475;0.516;3.15;0.058;9;6;0.99451;3.329;0.387;10.69;6
8.82;0.224;0.37;6.17;0.071;4;126;0.99453;3.315;0.613;11.302;6
8.13;0.476;0.342;2.52;0.09;25;10;0.99758;3.315;0.468;10.858;6
2.965;0.451;0.221;18.93;0.108;15;394;0.99648;3.314;0.49;10.332;6
8.624;0.488;0.329;17.95;0.079;20;67;0.99677;3.332;0.602;10.061;5
6.578;0.288;0.331;2.55;0.094;15;213;1.00021;3.329;0.368;11.543;6
6.431;0.46;0.339;12.76;0.103;28;157;0.99749;3.298;0.512;11.589;7
8.953;0.419;0.174;11.56;0.087;13;99;0.99587;3.325;0.568;10.371;5
5.381;0.319;0.26;11.85;0.102;28;149;0.99789;3.322;0.318;10.285;5
5.484;0.489;0.151;7.98;0.071;5;119;0.99442;3.36;0.674;11.231;6
6.064;0.269;0.338;19.4;0.041;16;438;0.99645;3.338;0.59;11.446;6
7.548;0.264;0.252;3.16;0.09;3;340;0.9976;3.307;0.424;11.475;6
7.794;0.439;0.242;3.7;0.058;5;52;1.00016;3.336;0.632;10.414;5
8.586;0.343;0.268;7.54;0.092;31;425;0.99818;3.341;0.451;11.682;6
6.553;0.425;0.396;5.0;0.063;24;87;0.99736;3.307;0.431;10.358;5
5.767;0.381;0.418;2.58;0.058;16;270;0.99806;3.364;0.38;10.548;6
9.266;0.409;0.324;9.01;0.075;3;373;0.99741;3.336;0.556;9.919;5
5.79;0.483;0.192;10.81;0.056;5;196;0.9966;3.312;0.466;10.571;5
9.341;0.366;0.48;4.24;0.077;33;336;0.99284;3.311;0.53;10.579;6
7.609;0.455;0.193;6.32;0.072;5;215;0.99569;3.318;0.534;9.656;5
6.085;0.514;0.216;10.16;0.081;33;305;0.99879;3.33;0.434;9.788;5
6.47;0.308;0.291;2.28;0.109;19;406;0.99829;3.308;0.489;10.913;5
6.969;0.482;0.23;3.53;0.096;16;13;0.99763;3.315;0.46;10.141;6
5.583;0.472;0.422;3.08;0.078;4;10;0.99715;3.308;0.533;10.292;6
5.839;0.403;0.352;4.41;0.095;26;70;0.99598;3.354;0.527;10.435;7
6.58;0.499;0.418;2.72;0.087;29;208;0.99643;3.332;0.391;10.664;6
6.223;0.537;0.296;2.69;0.07;38;352;0.99419;3.286;0.448;9.8;5
6.409;0.496;0.366;5.61;0.057;10;235;1.0018;3.324;0.364;10.272;5
7.26;0.234;0.311;23.35;0.063;35;34;0.99616;3.323;0.516;10.307;5
7.209;0.402;0.329;2.72;0.113;41;293;0.99673;3.323;0.65;11.164;5
6.857;0.363;0.355;18.75;0.078;16;267;0.99769;3.345;0.497;10.842;6
6.594;0.359;0.356;10.19;0.089;22;244;0.9951;3.333;0.65;10.583;5
9.096;0.429;0.363;10.61;0.113;40;152;0.99503;3.359;0.324;10.892;5
6.326;0.377;0.273;14.18;0.067;42;372;0.99607;3.354;0.493;9.838;6
6.277;0.536;0.176;3.78;0.098;15;169;0.9968;3.332;0.607;10.641;6
6.627;0.407;0.29;11.86;0.027;28;326;0.99832;3.32;0.397;11.922;6
8.124;0.376;0.062;2.54;0.056;18;224;0.9954;3.369;0.478;11.597;6
7.943;0.409;0.341;3.18;0.028;42;133;0.99481;3.318;0.519;11.914;7
7.184;0.444;0.255;6.1;0.075;17;354;0.99484;3.32;0.481;11.248;7
6.701;0.494;0.403;8.68;0.078;19;251;0.99729;3.33;0.436;11.344;6
7.801;0.421;0.074;2.62;0.06;29;439;0.99678;3.327;0.889;10.956;6
7.009;0.4;0.497;2.35;0.068;15;415;0.99893;3.351;0.327;9.822;7
6.774;0.429;0.252;6.49;0.14;24;359;1.00003;3.344;0.499;10.093;5
4.209;0.193;0.142;5.94;0.089;19;25;0.99828;3.298;0.398;10.022;5
5.279;0.249;0.352;8.14;0.089;42;290;0.9966;3.339;0.508;10.833;7
3.501;0.476;0.375;4.62;0.059;44;283;0.99571;3.296;0.504;10.287;6
7.846;0.361;0.351;2.67;0.064;29;372;0.99766;3.345;0.515;10.559;6
8.801;0.548;0.545;11.94;0.08;8;119;0.99634;3.343;0.465;10.925;4
9.171;0.543;0.251;8.72;0.069;43;57;0.99739;3.329;0.513;11.553;5
7.414;0.252;0.357;5.44;0.073;5;332;0.99842;3.326;0.463;11.137;6
7.901;0.44;0.306;33.63;0.076;4;205;0.9962;3.326;0.472;10.212;4
7.092;0.656;0.258;5.71;0.043;18;284;0.99797;3.306;0.467;10.475;6
7.462;0.281;0.374;17.18;0.081;12;432;0.9966;3.282;0.512;12.135;8
4.43;0.437;0.428;4.46;0.084;40;314;0.99429;3.346;0.614;10.518;7
5.929;0.359;0.236;2.11;0.088;30;167;0.99864;3.345;0.588;10.962;6
6.356;0.351;0.371;2.79;0.09;14;235;0.99661;3.312;0.293;10.901;6
7.849;0.373;0.402;2.14;0.116;30;50;0.99594;3.348;0.446;10.56;4
9.894;0.358;0.407;4.2;0.066;19;17;0.9977;3.329;0.357;10.929;6
6.757;0.44;0.178;12.48;0.079;26;291;0.9985;3.321;0.653;11.706;6
7.016;0.325;0.327;2.43;0.108;43;9;0.9953;3.301;0.435;11.166;6
7.708;0.418;0.294;8.35;0.069;6;106;0.99625;3.332;0.713;10.972;8
5.408;0.334;0.421;4.1;0.103;43;366;0.99464;3.334;0.473;10.961;6
4.519;0.436;0.304;9.79;0.069;18;408;0.99634;3.366;0.406;10.726;5
5.422;0.434;0.493;6.33;0.072;5;140;0.99772;3.342;0.58;10.06;6
5.271;0.296;0.209;2.95;0.055;27;121;0.99699;3.311;0.236;11.129;6
6.598;0.394;0.371;7.42;0.075;15;31;0.99679;3.359;0.61;11.644;6
6.904;0.307;0.237;4.75;0.118;30;309;0.99975;3.325;0.593;11.201;5
6.347;0.316;0.479;9.73;0.116;36;118;0.99885;3.325;0.476;9.942;5
5.774;0.535;0.436;26.53;0.086;40;375;0.99831;3.334;0.32;10.651;5
8.335;0.179;0.254;4.31;0.084;33;233;0.99694;3.315;0.393;11.619;6
5.684;0.437;0.394;19.57;0.101;12;39;0.99692;3.334;0.477;10.934;7
8.526;0.439;0.327;4.58;0.055;8;219;0.99552;3.313;0.291;11.452;5
4.52;0.33;0.153;7.64;0.071;40;429;0.99531;3.324;0.48;10.359;5
7.054;0.489;0.215;5.54;0.074;13;125;0.9966;3.309;0.558;10.92;5
8.23;0.443;0.357;3.37;0.037;43;200;0.99753;3.297;0.391;11.6;6
6.11;0.248;0.379;5.32;0.061;15;171;0.99552;3.324;0.381;10.722;7
5.264;0.413;0.302;3.76;0.063;27;240;0.99256;3.309;0.643;10.743;6
6.887;0.468;0.309;7.39;0.077;9;254;0.99899;3.348;0.448;10.394;5
6.313;0.3;0.361;2.9;0.072;14;176;0.99619;3.315;0.461;12.047;6
8.246;0.432;0.354;2.99;0.032;32;206;0.99823;3.301;0.526;10.023;8
7.876;0.463;0.194;9.55;0.087;41;12;0.99755;3.319;0.332;10.509;6
7.058;0.31;0.336;7.23;0.067;16;298;0.99469;3.328;0.491;10.005;7
7.016;0.188;0.373;7.41;0.087;16;408;0.9948;3.353;0.534;10.675;6
8.787;0.405;0.188;7.41;0.087;22;401;0.99561;3.321;0.656;10.402;5
6.354;0.357;0.425;11.16;0.081;16;76;0.99344;3.322;0.514;9.916;5
5.578;0.22;0.46;6.89;0.113;41;397;1.00102;3.329;0.331;10.155;6
6.774;0.363;0.317;10.0;0.046;39;206;0.99623;3.297;0.586;10.188;6
8.56;0.12;0.558;3.23;0.072;28;297;0.99548;3.324;0.428;10.788;8
7.154;0.354;0.235;7.12;0.08;9;172;0.99434;3.287;0.472;11.358;7
7.332;0.525;0.229;3.28;0.105;19;348;0.99706;3.356;0.593;10.773;6
6.677;0.11;0.253;2.74;0.076;18;216;0.99852;3.338;0.572;10.756;7
6.997;0.42;0.255;4.26;0.087;23;168;0.99994;3.335;0.434;10.705;6
6.013;0.28;0.515;7.94;0.079;44;230;0.99569;3.332;0.353;11.019;6
4.486;0.363;0.304;4.97;0.121;9;45;1.00038;3.322;0.589;10.112;5
8.455;0.298;0.309;22.83;0.071;7;437;0.99773;3.337;0.501;10.715;6
5.334;0.475;0.325;8.15;0.064;26;298;0.99476;3.362;0.501;9.58;6
7.309;0.381;0.477;6.66;0.067;19;72;0.99931;3.332;0.546;11.297;6
4.953;0.304;0.338;5.3;0.085;43;375;0.99578;3.313;0.503;10.711;5
6.833;0.271;0.267;2.66;0.108;18;175;0.99843;3.357;0.664;10.304;6
6.212;0.326;0.361;5.08;0.028;4;402;0.99757;3.339;0.512;11.293;6
9.867;0.545;0.394;4.99;0.059;33;380;0.99745;3.341;0.573;10.043;5
4.408;0.311;0.253;22.06;0.112;43;278;0.99713;3.377;0.539;10.48;5
4.891;0.453;0.429;3.22;0.073;33;330;0.99902;3.359;0.4;9.803;6
7.957;0.429;0.336;4.54;0.065;45;110;0.99587;3.336;0.515;10.209;6
8.255;0.201;0.289;3.31;0.07;15;363;0.99535;3.304;0.463;10.0;5
4.09;0.488;0.37;5.44;0.059;44;373;0.99934;3.347;0.485;9.719;7
6.986;0.393;0.501;2.43;0.058;23;209;0.99697;3.309;0.547;10.261;5
8.211;0.6;0.295;6.04;0.079;36;287;1.00015;3.331;0.495;10.052;5
4.744;0.573;0.434;4.96;0.065;11;185;0.99455;3.304;0.389;10.478;5
7.045;0.394;0.34;5.56;0.117;45;109;0.99755;3.314;0.608;9.016;5
5.767;0.387;0.316;55.29;0.031;16;145;0.99745;3.342;0.455;10.59;7
6.421;0.252;0.358;4.66;0.083;12;110;0.99447;3.262;0.678;11.652;6
5.314;0.296;0.353;6.98;0.07;36;153;1.00067;3.357;0.496;9.251;6
6.138;0.468;0.372;4.85;0.112;34;61;0.99703;3.37;0.579;10.958;6
5.581;0.337;0.378;11.69;0.054;17;45;0.99293;3.326;0.513;10.977;6
10.593;0.324;0.404;36.66;0.084;18;10;0.99769;3.312;0.379;11.249;8
5.853;0.386;0.214;21.01;0.113;15;347;0.99443;3.314;0.475;10.19;6
5.822;0.454;0.25;6.21;0.089;29;23;0.99731;3.313;0.486;9.222;6
8.238;0.472;0.223;2.71;0.064;21;140;0.99783;3.345;0.469;10.208;5
7.303;0.366;0.302;6.7;0.071;42;258;1.00133;3.323;0.317;11.764;6
8.111;0.393;0.269;2.47;0.086;32;168;0.99658;3.334;0.505;10.426;5
7.03;0.376;0.3;3.1;0.104;38;94;0.99679;3.347;0.464;10.788;7
7.462;0.585;0.372;3.51;0.08;24;111;0.99589;3.326;0.436;10.673;6
7.486;0.165;0.241;2.85;0.087;27;333;0.9954;3.314;0.583;11.009;6
7.917;0.242;0.324;4.91;0.051;12;311;0.99779;3.29;0.605;11.456;7
6.615;0.432;0.402;3.94;0.079;31;52;0.99928;3.345;0.406;10.813;7
5.862;0.436;0.447;3.28;0.108;9;136;0.99934;3.317;0.383;9.887;5
9.569;0.493;0.335;6.39;0.07;15;421;0.99163;3.325;0.559;11.436;7
6.513;0.492;0.457;3.29;0.065;43;207;0.99822;3.315;0.574;11.428;5
6.408;0.569;0.462;14.05;0.069;4;285;0.9965;3.344;0.558;10.537;6
6.285;0.314;0.21;7.86;0.102;22;130;0.99478;3.362;0.477;10.509;5
8.733;0.405;0.382;3.79;0.082;18;275;0.99448;3.348;0.694;10.953;6
6.749;0.392;0.184;6.72;0.09;6;352;0.99323;3.339;0.483;10.219;5
8.366;0.475;0.284;3.36;0.062;6;383;0.99791;3.306;0.454;10.032;5
4.54;0.424;0.336;3.44;0.046;30;139;0.9971;3.297;0.372;10.52;5
7.242;0.474;0.19;11.0;0.099;19;376;0.99731;3.372;0.57;11.993;6
6.655;0.314;0.369;2.49;0.069;43;254;0.99542;3.345;0.45;10.947;6
6.943;0.385;0.32;6.82;0.092;44;373;0.99478;3.315;0.552;10.881;5
6.866;0.347;0.282;26.31;0.09;38;230;0.99841;3.355;0.574;9.981;7
3.883;0.372;0.358;2.25;0.068;43;192;0.9988;3.318;0.45;9.552;6
6.522;0.372;0.205;43.37;0.06;17;15;0.99747;3.353;0.564;9.204;6
7.479;0.271;0.164;2.34;0.094;28;172;0.99643;3.308;0.621;10.463;7
4.669;0.506;0.309;2.24;0.037;25;425;0.99853;3.308;0.484;10.078;6
6.717;0.418;0.243;2.28;0.032;18;36;1.00075;3.324;0.389;10.965;5
8.728;0.506;0.283;2.79;0.111;13;379;0.99788;3.333;0.336;9.87;7
6.159;0.297;0.199;3.48;0.062;28;26;0.99706;3.353;0.381;10.198;6
8.15;0.178;0.241;2.34;0.079;32;329;0.9961;3.316;0.404;10.623;6
6.468;0.328;0.21;4.28;0.1;12;40;0.99815;3.368;0.443;10.936;6
6.015;0.362;0.199;9.04;0.118;3;79;0.99638;3.325;0.559;10.752;6
5.819;0.456;0.243;3.2;0.056;43;421;0.99735;3.325;0.527;10.964;6
6.149;0.498;0.23;5.25;0.075;35;376;0.99834;3.305;0.45;10.851;6
7.762;0.544;0.281;7.65;0.101;12;422;0.99654;3.344;0.562;10.698;5
8.236;0.529;0.635;21.62;0.076;20;426;0.99932;3.343;0.485;10.889;5
5.757;0.465;0.248;4.57;0.063;8;139;1.0014;3.317;0.683;10.38;5
8.688;0.382;0.175;8.33;0.094;17;382;0.99535;3.316;0.481;11.048;6
5.577;0.358;0.326;7.04;0.051;37;79;0.99969;3.339;0.504;10.349;5
5.157;0.486;0.163;5.01;0.102;20;280;0.99431;3.358;0.373;10.069;6
6.493;0.378;0.187;3.94;0.083;36;61;0.99945;3.377;0.523;10.777;6
5.201;0.325;0.264;6.25;0.08;15;361;0.99383;3.324;0.536;10.828;6
5.152;0.427;0.336;8.15;0.061;11;177;0.99945;3.328;0.549;10.763;6
8.909;0.4;0.33;2.65;0.071;30;120;0.99883;3.329;0.557;10.973;6
4.311;0.473;0.337;3.87;0.099;17;419;0.99367;3.297;0.643;10.406;6
7.67;0.316;0.304;6.14;0.082;38;336;0.99593;3.346;0.629;10.847;6
4.889;0.498;0.428;5.96;0.099;45;337;0.9931;3.32;0.467;11.125;5
6.484;0.437;0.382;6.11;0.091;19;149;1.00121;3.339;0.388;10.343;5
6.964;0.357;0.275;19.66;0.068;6;364;0.99993;3.302;0.471;11.373;7
6.115;0.32;0.287;11.18;0.073;25;160;0.99766;3.345;0.467;9.272;5
2.248;0.346;0.117;2.69;0.088;31;406;0.99614;3.322;0.566;9.497;3
6.937;0.246;0.387;18.66;0.067;17;362;0.99732;3.344;0.398;10.802;8
7.221;0.51;0.309;3.29;0.103;5;409;0.99715;3.351;0.413;9.97;5
5.44;0.256;0.493;3.12;0.056;9;46;0.99955;3.33;0.528;10.369;6
6.703;0.453;0.244;11.48;0.112;6;381;1.0014;3.305;0.429;10.06;6
7.763;0.383;0.443;3.96;0.067;7;21;0.99964;3.364;0.453;10.023;5
5.849;0.333;0.222;2.43;0.06;27;273;0.99931;3.321;0.423;10.486;7
7.724;0.322;0.168;7.66;0.074;34;295;0.99676;3.308;0.658;11.823;6
5.55;0.368;0.24;6.67;0.05;21;363;0.99651;3.37;0.523;10.424;8
6.731;0.504;0.32;7.16;0.115;37;383;0.99955;3.32;0.393;9.583;5
6.347;0.5;0.356;2.58;0.119;16;389;0.99828;3.34;0.515;10.13;6
10.037;0.399;0.217;8.94;0.108;4;257;0.9965;3.33;0.535;10.981;6
7.631;0.273;0.388;3.41;0.116;31;35;0.99528;3.337;0.581;10.75;8
6.641;0.247;0.229;9.74;0.107;38;266;0.99543;3.318;0.451;9.26;6
8.97;0.565;0.269;2.7;0.04;11;31;0.99562;3.364;0.515;10.843;5
6.008;0.269;0.304;2.96;0.088;36;43;0.99441;3.287;0.415;11.074;7
7.483;0.269;0.44;2.31;0.069;23;358;0.99526;3.329;0.52;10.62;6
6.494;0.483;0.346;3.17;0.092;18;233;0.99639;3.327;0.38;10.655;6
6.415;0.225;0.359;11.27;0.07;40;217;0.99453;3.327;0.53;11.172;7
8.226;0.467;0.158;5.65;0.07;40;416;0.99742;3.314;0.604;8.993;7
7.519;0.467;0.342;3.48;0.057;40;366;0.99699;3.302;0.596;10.413;6
7.565;0.458;0.294;15.06;0.096;8;209;0.99845;3.342;0.305;9.757;4
4.123;0.513;0.442;5.54;0.104;37;379;0.99502;3.321;0.482;9.695;5
6.395;0.286;0.193;8.65;0.061;43;248;0.99906;3.344;0.48;10.36;5
5.441;0.296;0.215;6.09;0.089;11;57;0.99524;3.315;0.475;9.756;5
6.89;0.354;0.238;4.5;0.084;3;106;0.99562;3.313;0.565;10.796;6
3.635;0.412;0.225;5.27;0.079;34;118;0.99819;3.359;0.634;10.486;6
7.644;0.401;0.357;6.57;0.077;14;67;0.99575;3.343;0.537;10.236;6
6.531;0.459;0.209;11.98;0.105;30;176;1.00211;3.361;0.611;8.96;5
5.397;0.32;0.433;7.51;0.105;44;395;0.99788;3.354;0.383;10.428;5
5.059;0.177;0.317;9.55;0.092;34;185;0.99741;3.344;0.614;10.654;7
5.659;0.429;0.222;2.8;0.092;28;90;0.99957;3.328;0.618;10.637;4
8.478;0.379;0.236;2.34;0.095;42;114;0.99327;3.334;0.388;11.75;6
6.353;0.483;0.162;5.98;0.068;19;419;0.9997;3.315;0.428;10.314;7
5.985;0.61;0.153;5.32;0.079;5;75;0.99548;3.379;0.308;10.807;5
7.368;0.404;0.417;6.57;0.08;27;394;0.99553;3.366;0.479;10.6;5
6.669;0.454;0.389;2.9;0.061;5;220;0.99306;3.291;0.513;10.44;7
7.517;0.287;0.229;5.27;0.092;26;48;0.99882;3.353;0.69;11.912;7
8.714;0.445;0.3;2.84;0.11;13;352;0.99625;3.299;0.452;10.968;6
7.067;0.432;0.458;5.06;0.12;44;358;0.99411;3.31;0.433;10.918;6
8.102;0.412;0.241;4.56;0.073;14;361;0.99678;3.32;0.469;10.343;6
5.639;0.462;0.349;4.28;0.066;11;19;0.9991;3.308;0.613;11.041;5
6.468;0.297;0.341;5.94;0.065;42;49;0.9957;3.323;0.469;10.187;5
5.804;0.467;0.268;3.58;0.095;42;405;0.99797;3.312;0.477;10.673;5
6.529;0.453;0.273;4.71;0.079;23;26;0.99542;3.377;0.38;10.315;6
6.798;0.545;0.277;8.09;0.101;27;364;0.99665;3.344;0.55;11.346;5
6.232;0.202;0.332;17.16;0.055;3;328;1.00076;3.357;0.465;10.879;6
6.528;0.374;0.163;6.39;0.08;40;7;0.99697;3.33;0.427;10.545;7
7.997;0.611;0.308;8.95;0.067;41;154;0.9959;3.323;0.466;10.543;5
6.889;0.318;0.36;7.35;0.078;8;324;0.99887;3.319;0.49;11.866;7
5.755;0.322;0.205;20.07;0.07;7;134;0.99301;3.257;0.521;11.472;7
7.063;0.589;0.33;31.25;0.045;25;186;0.99764;3.306;0.56;9.632;6
8.209;0.635;0.219;3.36;0.094;43;238;0.99868;3.293;0.617;11.233;6
6.553;0.398;0.056;8.04;0.079;10;78;0.99378;3.316;0.733;9.444;6
7.577;0.297;0.142;5.9;0.078;18;83;0.99789;3.361;0.534;11.275;7
5.626;0.334;0.316;18.47;0.077;3;186;1.00166;3.338;0.556;10.902;6
6.309;0.361;0.354;2.18;0.061;35;417;1.00044;3.349;0.619;10.502;6
8.392;0.306;0.268;3.35;0.078;23;188;0.9951;3.35;0.424;10.8;7
7.38;0.333;0.144;2.4;0.097;11;228;0.99872;3.34;0.494;10.22;7
6.871;0.414;0.286;15.08;0.112;6;399;0.99616;3.324;0.503;10.258;5
6.033;0.411;0.381;5.8;0.085;19;399;0.99652;3.294;0.682;9.659;5
5.053;0.419;0.322;7.87;0.065;3;240;1.00009;3.309;0.591;10.574;7
6.851;0.41;0.147;6.42;0.104;21;139;0.99781;3.322;0.378;10.11;6
7.513;0.27;0.356;5.82;0.074;26;397;0.99706;3.321;0.27;10.524;7
7.887;0.479;0.272;6.42;0.076;28;19;0.99746;3.349;0.506;9.414;6
8.966;0.44;0.265;3.74;0.082;38;261;0.99541;3.323;0.341;10.87;5
7.712;0.319;0.328;2.28;0.088;38;219;0.99418;3.338;0.408;11.473;6
7.784;0.378;0.348;6.02;0.056;14;183;0.9968;3.344;0.359;11.373;5
5.35;0.42;0.299;4.6;0.08;45;179;0.99758;3.344;0.47;10.761;5
7.83;0.424;0.187;3.47;0.081;4;90;0.99752;3.327;0.408;10.796;5
8.315;0.366;0.308;3.41;0.068;6;288;1.00006;3.371;0.674;10.598;7
8.19;0.486;0.3;14.09;0.115;12;330;0.99892;3.34;0.461;10.476;7
7.592;0.502;0.416;3.21;0.048;42;351;0.99632;3.324;0.566;10.578;6
7.076;0.375;0.172;2.85;0.08;33;262;0.99704;3.369;0.291;9.827;5
9.17;0.376;0.306;7.85;0.08;10;97;1.00078;3.351;0.617;10.717;6
6.254;0.269;0.235;16.42;0.08;31;16;1.0002;3.335;0.398;10.829;7
7.487;0.383;0.324;2.65;0.109;16;91;0.9988;3.335;0.48;9.958;5
8.544;0.428;0.263;2.91;0.036;41;102;0.99467;3.322;0.478;11.0;5
5.895;0.47;0.011;2.85;0.071;44;404;0.99546;3.33;0.591;10.831;6
5.75;0.387;0.42;6.26;0.058;42;186;0.99599;3.34;0.47;10.582;7
8.024;0.358;0.266;7.19;0.047;6;377;0.9975;3.312;0.581;10.43;7
7.026;0.32;0.201;15.52;0.066;15;106;0.99773;3.355;0.479;11.164;6
7.587;0.415;0.156;4.6;0.087;28;437;0.99844;3.321;0.519;10.957;6
7.716;0.284;0.202;4.09;0.073;29;11;0.99317;3.341;0.638;10.488;5
5.453;0.417;0.167;3.41;0.119;26;26;0.99763;3.351;0.659;10.681;5
7.325;0.392;0.294;11.83;0.048;11;436;0.99916;3.326;0.424;10.823;5
9.129;0.272;0.351;3.41;0.08;44;422;0.99758;3.333;0.525;10.631;7
6.79;0.406;0.317;3.09;0.082;35;334;0.99681;3.334;0.549;11.002;6
6.131;0.383;0.329;4.13;0.083;20;354;0.99664;3.32;0.447;10.277;5
4.774;0.471;0.204;4.68;0.094;39;306;0.99688;3.323;0.682;10.487;6
7.583;0.358;0.351;6.32;0.076;32;423;0.99534;3.338;0.434;9.988;4
9.502;0.438;0.296;3.36;0.089;28;257;0.99696;3.36;0.477;9.984;6
5.321;0.53;0.364;21.63;0.072;24;53;0.99925;3.362;0.54;10.384;5
7.563;0.421;0.354;25.75;0.071;45;280;0.99733;3.317;0.569;9.81;5
7.634;0.486;0.253;2.78;0.063;29;282;1.00045;3.342;0.396;10.437;4
6.261;0.321;0.435;5.24;0.069;43;88;0.99632;3.352;0.374;9.992;5
6.173;0.363;0.379;2.89;0.094;29;284;0.99624;3.336;0.503;10.843;6
5.398;0.206;0.266;4.01;0.069;12;154;0.99945;3.357;0.59;10.599;6
6.397;0.351;0.504;2.69;0.089;39;87;0.99438;3.313;0.405;11.699;5
8.193;0.235;0.515;4.0;0.069;9;216;0.99537;3.298;0.496;11.931;8
8.271;0.38;0.178;5.73;0.076;37;367;0.99392;3.314;0.423;10.671;7
6.978;0.19;0.086;5.33;0.105;9;382;0.99711;3.325;0.392;11.037;5
7.631;0.322;0.231;2.61;0.058;10;191;0.99552;3.338;0.469;10.973;6
7.23;0.395;0.357;2.29;0.077;12;139;0.99546;3.272;0.38;11.061;5
5.531;0.418;0.41;2.34;0.095;7;234;0.99537;3.302;0.504;11.092;7
8.981;0.222;0.378;12.81;0.089;16;331;0.99577;3.325;0.583;10.585;6
8.285;0.357;0.299;4.25;0.088;4;179;0.99866;3.324;0.489;10.561;6
5.927;0.64;0.404;4.98;0.106;7;38;0.99954;3.364;0.576;11.626;6
9.638;0.453;0.392;16.05;0.069;32;419;1.00381;3.324;0.571;10.443;8
7.885;0.391;0.28;2.89;0.08;10;302;0.99742;3.314;0.465;11.311;7
7.126;0.117;0.329;6.39;0.114;39;282;0.99937;3.339;0.431;10.626;3
9.484;0.3;0.412;3.29;0.057;41;29;0.99531;3.364;0.505;9.973;5
2.751;0.469;0.218;5.39;0.095;34;359;0.99815;3.307;0.442;10.516;6
3.879;0.445;0.215;2.33;0.096;30;198;0.99726;3.337;0.413;11.039;4
7.165;0.461;0.2;3.75;0.09;12;211;0.99795;3.333;0.334;10.809;6
6.215;0.497;0.438;4.53;0.09;26;47;0.99806;3.333;0.643;11.587;6
5.867;0.388;0.386;5.1;0.062;10;107;0.99625;3.348;0.583;11.483;6
9.146;0.465;0.4;2.55;0.082;33;145;0.99603;3.332;0.753;11.592;6
7.105;0.232;0.255;4.08;0.08;30;321;0.99604;3.35;0.492;10.393;5
5.687;0.613;0.328;9.41;0.084;28;397;0.99567;3.338;0.569;10.984;8
5.669;0.373;0.415;4.47;0.085;40;324;0.99823;3.324;0.547;10.488;6
7.227;0.359;0.249;9.17;0.121;33;335;0.99464;3.316;0.228;10.153;5
8.917;0.553;0.408;7.76;0.102;8;154;1.00077;3.331;0.442;10.315;7
3.992;0.455;0.301;5.6;0.123;6;413;0.99926;3.329;0.631;10.494;7
7.892;0.458;0.334;3.81;0.096;36;298;0.99489;3.309;0.541;11.199;6
5.79;0.352;0.34;4.98;0.092;29;324;0.99969;3.329;0.57;10.193;6
4.888;0.402;0.408;2.96;0.093;29;331;0.99781;3.318;0.533;10.332;5
7.284;0.434;0.505;7.78;0.102;8;214;0.99458;3.323;0.559;10.424;6
4.645;0.28;0.273;5.94;0.065;33;135;0.99549;3.338;0.456;10.522;6
6.16;0.368;0.474;12.41;0.051;20;106;0.99786;3.351;0.449;11.692;6
8.649;0.383;0.217;36.49;0.055;29;126;0.99591;3.341;0.318;10.974;5
7.407;0.368;0.218;9.1;0.096;19;367;0.99762;3.327;0.313;10.542;5
8.079;0.316;0.096;7.18;0.073;8;43;0.99612;3.324;0.614;10.779;5
7.34;0.281;0.377;5.4;0.077;17;87;1.00033;3.335;0.41;10.892;4
7.849;0.412;0.473;9.14;0.08;34;408;0.99411;3.322;0.445;10.033;6
8.979;0.383;0.223;14.94;0.091;25;121;0.99938;3.324;0.563;12.044;7
5.082;0.511;0.269;4.0;0.074;35;314;0.99594;3.352;0.57;9.447;4
6.375;0.384;0.284;2.66;0.065;32;258;0.99754;3.317;0.518;10.821;5
7.857;0.332;0.15;2.59;0.072;12;229;1.00131;3.348;0.555;9.938;5
6.282;0.232;0.332;10.41;0.093;4;97;0.99464;3.293;0.549;11.86;7
5.823;0.416;0.32;6.64;0.08;20;123;0.99499;3.349;0.393;10.593;6
8.753;0.35;0.269;7.01;0.091;33;324;0.99466;3.346;0.713;11.431;6
8.91;0.589;0.207;2.41;0.101;27;211;0.99275;3.312;0.595;9.656;5
5.509;0.636;0.3;3.46;0.079;26;42;0.99622;3.359;0.38;10.121;5
6.977;0.496;0.416;2.48;0.057;43;181;1.00103;3.315;0.47;12.105;7
7.286;0.317;0.156;2.76;0.059;9;46;0.99605;3.339;0.354;9.628;6
6.706;0.275;0.278;3.44;0.073;43;409;0.99692;3.341;0.511;11.04;5
6.132;0.36;0.371;3.27;0.059;12;125;0.9986;3.338;0.45;10.919;6
7.072;0.327;0.011;18.28;0.088;34;165;0.99879;3.317;0.249;10.174;7
7.329;0.541;0.328;2.66;0.057;27;185;0.99312;3.337;0.676;11.508;6
6.154;0.435;0.443;3.36;0.088;19;187;0.99874;3.318;0.533;9.665;5
10.309;0.374;0.16;3.18;0.075;33;100;1.00102;3.327;0.474;10.357;5
8.926;0.381;0.444;4.97;0.094;31;39;1.00007;3.337;0.612;10.644;7
8.186;0.505;0.288;8.23;0.058;30;54;0.99356;3.293;0.489;10.312;6
8.824;0.276;0.39;3.11;0.078;4;254;0.99723;3.336;0.587;12.008;6
11.139;0.429;0.302;2.42;0.092;14;204;0.99942;3.337;0.432;9.779;5
8.763;0.245;0.213;3.69;0.047;5;272;0.99853;3.306;0.603;10.949;5
6.213;0.357;0.155;6.28;0.085;17;430;0.9956;3.311;0.375;11.278;6
7.16;0.332;0.536;2.8;0.07;28;116;0.99791;3.319;0.691;9.7;6
7.533;0.399;0.201;10.16;0.058;29;388;0.99748;3.318;0.548;11.031;6
5.937;0.412;0.276;2.87;0.051;3;376;0.99632;3.361;0.564;10.399;6
7.012;0.516;0.439;3.32;0.082;37;374;0.99761;3.373;0.575;10.283;6
7.963;0.428;0.368;3.64;0.063;11;216;0.99683;3.311;0.514;10.693;6
7.41;0.307;0.351;25.55;0.069;39;305;0.9953;3.306;0.508;12.24;7
6.366;0.254;0.119;8.59;0.093;17;58;0.99635;3.314;0.446;10.825;6
8.204;0.303;0.257;6.07;0.019;35;141;0.99569;3.327;0.479;10.981;5
5.145;0.33;0.197;2.87;0.094;42;385;0.99986;3.321;0.525;9.45;6
7.448;0.39;0.112;2.78;0.127;27;187;0.99815;3.35;0.521;9.681;6
7.104;0.307;0.353;3.24;0.077;41;152;0.99892;3.361;0.453;10.163;7
6.979;0.507;0.379;18.56;0.073;28;343;0.9981;3.312;0.417;10.085;7
3.539;0.485;0.23;13.86;0.078;24;364;0.99923;3.334;0.581;10.384;5
8.931;0.373;0.236;5.22;0.098;45;274;0.99637;3.288;0.32;11.21;6
4.777;0.331;0.362;3.23;0.125;7;89;0.99744;3.314;0.678;10.611;4
5.784;0.363;0.399;2.38;0.063;30;74;0.99469;3.316;0.443;10.78;5
7.25;0.406;0.186;3.63;0.023;33;97;0.99816;3.309;0.511;10.556;5
5.896;0.394;0.418;6.91;0.086;31;125;0.99778;3.348;0.586;12.363;5
5.832;0.251;0.381;7.11;0.081;6;256;0.99407;3.321;0.706;10.025;6
3.695;0.353;0.305;6.24;0.077;18;324;0.99357;3.332;0.424;10.387;5
6.783;0.186;0.221;3.24;0.072;29;300;0.99455;3.321;0.354;12.083;7
7.343;0.386;0.372;6.85;0.036;38;316;0.99799;3.335;0.451;11.117;6
6.797;0.496;0.336;4.28;0.091;11;134;0.99633;3.332;0.273;9.626;5
6.391;0.29;0.477;9.34;0.066;15;146;0.99627;3.296;0.358;10.732;6
7.264;0.403;0.254;5.63;0.084;45;57;0.99284;3.355;0.292;10.413;5
7.473;0.33;0.464;8.51;0.07;21;305;1.00357;3.328;0.549;11.051;5
6.533;0.299;0.298;5.97;0.058;9;421;0.99598;3.309;0.492;10.358;6
4.729;0.627;0.316;3.6;0.05;41;39;0.99533;3.377;0.445;9.525;3
9.857;0.465;0.31;12.28;0.104;11;262;0.99372;3.289;0.565;9.858;6
5.477;0.447;0.308;2.85;0.079;14;180;0.99952;3.339;0.528;11.07;6
8.713;0.342;0.459;7.8;0.085;18;160;0.99667;3.29;0.354;11.475;6
7.616;0.405;0.268;3.66;0.105;35;26;0.99707;3.327;0.576;11.91;8
9.664;0.34;0.421;3.81;0.084;44;146;0.99706;3.326;0.452;10.855;8
5.601;0.45;0.267;5.71;0.086;14;29;0.99706;3.314;0.346;9.904;5
7.929;0.288;0.319;3.52;0.032;5;292;0.99805;3.303;0.457;10.942;7
6.865;0.402;0.22;2.87;0.104;5;436;1.00198;3.336;0.346;10.184;6
6.391;0.358;0.322;2.96;0.097;13;229;0.99621;3.336;0.399;11.186;8
7.612;0.239;0.126;2.77;0.055;45;115;0.99692;3.33;0.322;11.513;6
6.059;0.546;0.293;4.82;0.048;26;217;0.99825;3.322;0.417;9.572;7
6.099;0.497;0.382;5.9;0.091;31;273;0.99842;3.337;0.444;10.245;6
6.007;0.326;0.379;4.49;0.078;10;382;1.00009;3.338;0.425;10.268;6
7.789;0.251;0.145;2.48;0.108;12;339;0.99787;3.346;0.568;10.016;5
7.512;0.288;0.23;5.18;0.049;21;10;0.99569;3.361;0.466;10.949;6
5.297;0.295;0.282;9.91;0.076;10;82;0.99845;3.322;0.451;10.914;5
6.586;0.322;0.502;2.76;0.09;22;224;0.99387;3.34;0.578;10.836;5
5.799;0.28;0.23;3.0;0.093;40;251;0.99803;3.338;0.527;9.57;5
5.854;0.3;0.317;9.64;0.053;33;56;0.9976;3.317;0.516;9.414;7
8.977;0.385;0.296;4.26;0.049;17;393;1.0007;3.364;0.484;10.442;6
7.669;0.421;0.349;11.19;0.068;20;17;0.99563;3.322;0.415;10.105;6
8.28;0.186;0.23;3.88;0.119;35;243;0.99655;3.361;0.347;11.441;6
6.184;0.375;0.349;2.55;0.061;3;370;0.99677;3.34;0.528;11.74;8
7.381;0.251;0.398;4.62;0.064;32;376;0.99364;3.339;0.625;11.197;7
8.985;0.259;0.441;4.58;0.092;10;134;0.99619;3.296;0.626;10.771;6
4.929;0.358;0.224;5.81;0.088;31;334;0.99641;3.301;0.722;10.712;6
7.201;0.33;0.391;3.06;0.107;35;35;0.99634;3.371;0.489;11.215;7
7.784;0.427;0.53;3.63;0.061;32;158;0.99694;3.311;0.536;11.107;5
6.402;0.45;0.396;28.79;0.065;45;238;1.00051;3.317;0.513;10.16;8
7.599;0.336;0.401;3.47;0.091;37;146;0.99575;3.319;0.549;11.435;6
6.319;0.29;0.106;18.16;0.069;3;123;0.99779;3.316;0.389;10.235;6
6.821;0.58;0.427;2.78;0.081;35;416;0.99782;3.302;0.402;9.495;6
5.197;0.573;0.498;5.54;0.059;44;6;0.99645;3.36;0.495;10.544;5
4.828;0.44;0.418;6.15;0.066;41;203;0.99873;3.332;0.425;10.238;5
9.29;0.355;0.379;9.27;0.061;25;439;0.99942;3.34;0.588;10.8;7
6.318;0.473;0.408;4.73;0.064;12;413;0.99831;3.361;0.375;11.263;7
5.108;0.487;0.651;3.33;0.058;41;336;0.99677;3.322;0.686;12.422;7
8.541;0.325;0.253;5.08;0.071;8;75;0.99794;3.306;0.359;11.389;6
5.872;0.565;0.272;2.52;0.072;18;365;0.99618;3.343;0.478;10.991;6
2.603;0.352;0.441;2.17;0.096;4;112;0.99863;3.314;0.31;11.582;6
6.936;0.492;0.341;2.49;0.113;12;416;0.99767;3.331;0.522;10.99;7
7.848;0.351;0.085;17.88;0.074;31;95;0.99697;3.338;0.54;11.328;5
8.228;0.362;0.367;8.98;0.104;21;410;0.99538;3.318;0.53;11.252;5
8.932;0.357;0.332;23.64;0.09;41;336;0.99802;3.313;0.377;10.893;6
6.545;0.399;0.212;6.76;0.036;10;359;0.99472;3.297;0.58;11.205;6
8.181;0.471;0.367;2.53;0.081;18;157;0.99578;3.333;0.471;11.148;8
5.076;0.318;0.318;2.9;0.053;44;102;0.99465;3.321;0.364;10.754;6
6.413;0.388;0.105;5.88;0.104;41;56;1.00061;3.35;0.501;10.076;7
9.519;0.422;0.382;3.08;0.065;17;75;0.99985;3.309;0.561;11.141;6
7.278;0.355;0.511;2.95;0.111;37;418;0.99822;3.327;0.585;9.588;6
6.918;0.598;0.475;2.82;0.108;40;113;0.99529;3.355;0.474;10.463;6
3.851;0.258;0.186;3.17;0.071;7;337;0.99711;3.304;0.408;10.375;5
5.978;0.655;0.164;2.32;0.062;7;15;1.00094;3.325;0.446;10.207;6
4.882;0.334;0.307;6.39;0.101;23;238;0.99882;3.338;0.372;9.621;7
7.88;0.488;0.335;3.22;0.062;21;318;0.99954;3.336;0.53;9.858;5
7.0;0.504;0.223;13.22;0.071;23;33;1.001;3.298;0.469;11.008;6
7.767;0.427;0.252;19.38;0.096;33;67;1.00075;3.318;0.472;10.918;6
5.896;0.235;0.46;4.53;0.074;24;137;0.99906;3.29;0.51;10.328;6
8.658;0.389;0.301;10.79;0.098;19;107;0.9986;3.376;0.527;9.637;5
5.513;0.387;0.423;11.34;0.115;33;210;0.99635;3.307;0.628;11.191;7
6.396;0.472;0.28;5.45;0.09;24;417;0.99782;3.351;0.52;10.639;5
10.707;0.479;0.42;4.24;0.092;18;237;0.99862;3.301;0.378;10.824;5
6.932;0.511;0.248;13.42;0.069;30;215;0.99966;3.321;0.605;9.617;5
5.554;0.54;0.254;7.72;0.028;27;179;0.99805;3.316;0.702;9.968;5
7.746;0.295;0.217;4.24;0.082;36;309;0.99735;3.311;0.503;10.364;6
8.243;0.488;0.12;3.56;0.08;9;359;0.99851;3.311;0.472;10.141;7
7.454;0.242;0.246;4.75;0.094;36;364;1.00162;3.352;0.347;10.288;6
4.286;0.4;0.18;9.78;0.079;43;41;0.99835;3.319;0.459;11.116;5
6.615;0.306;0.241;7.89;0.071;36;298;0.99475;3.309;0.357;10.285;6
3.676;0.224;0.313;3.42;0.069;33;175;0.99759;3.354;0.595;10.924;7
9.422;0.484;0.324;4.31;0.081;7;313;0.99787;3.346;0.308;10.659;6
6.72;0.397;0.338;5.29;0.063;22;299;0.99971;3.337;0.418;10.262;6
6.222;0.489;0.27;3.73;0.053;38;313;0.9953;3.337;0.543;10.243;5
8.523;0.204;0.333;4.48;0.08;28;131;0.9955;3.321;0.392;11.603;7
7.525;0.27;0.423;2.92;0.079;30;230;0.99513;3.31;0.402;10.628;5
5.194;0.382;0.292;3.11;0.091;16;41;1.00031;3.347;0.648;10.884;5
8.993;0.329;0.307;5.77;0.069;30;165;0.9978;3.338;0.276;10.657;5
6.991;0.379;0.084;5.57;0.074;42;230;0.99845;3.324;0.436;10.515;6
3.682;0.359;0.169;3.95;0.066;28;395;0.99966;3.352;0.675;11.707;6
9.039;0.347;0.427;32.46;0.07;42;341;0.99679;3.329;0.581;11.276;6
8.439;0.299;0.201;4.27;0.099;29;194;0.99402;3.322;0.311;10.535;5
8.12;0.537;0.183;7.96;0.116;42;294;1.00115;3.353;0.392;9.992;6
7.301;0.371;0.392;5.74;0.076;35;240;0.99392;3.318;0.315;9.493;4
5.534;0.277;0.183;3.62;0.089;37;327;0.99776;3.302;0.539;10.836;6
8.7;0.436;0.429;7.87;0.062;11;195;0.99782;3.342;0.431;11.704;7
9.808;0.423;0.313;11.29;0.049;35;17;0.9965;3.309;0.442;11.046;5
6.822;0.459;0.199;4.78;0.075;16;65;0.99881;3.348;0.324;10.078;5
8.924;0.419;0.098;6.79;0.076;7;345;0.99772;3.357;0.57;10.584;5
6.551;0.321;0.47;66.05;0.069;44;17;0.99718;3.318;0.209;10.476;5
8.743;0.359;0.146;3.03;0.061;12;289;0.99776;3.33;0.325;11.48;6
8.89;0.142;0.215;4.2;0.078;44;6;0.99313;3.3;0.547;11.134;6
4.726;0.239;0.383;7.19;0.102;16;248;0.99401;3.311;0.34;10.963;5
4.046;0.291;0.162;4.76;0.072;31;32;0.99987;3.315;0.579;11.103;6
4.841;0.46;0.317;3.12;0.093;36;359;0.99559;3.353;0.437;10.684;3
7.777;0.48;0.336;3.61;0.086;28;249;0.99705;3.307;0.596;11.062;8
8.003;0.354;0.301;4.13;0.096;7;46;0.99988;3.308;0.502;11.349;6
6.103;0.382;0.185;4.04;0.095;18;398;0.99819;3.343;0.487;9.911;5
6.934;0.496;0.248;4.93;0.098;10;193;0.99473;3.301;0.469;10.241;7
6.706;0.354;0.335;17.99;0.081;9;418;0.99739;3.339;0.523;9.87;5
6.08;0.492;0.174;5.55;0.06;28;321;0.9978;3.364;0.284;9.992;5
7.798;0.428;0.375;3.82;0.058;44;379;0.99686;3.344;0.334;11.347;7
8.362;0.226;0.364;7.94;0.066;19;379;0.9976;3.343;0.577;11.579;6
7.654;0.387;0.396;7.65;0.055;5;313;0.99523;3.315;0.62;10.632;5
7.257;0.41;0.332;2.85;0.065;43;174;0.99786;3.312;0.494;11.11;6
7.145;0.24;0.4;3.41;0.07;8;194;0.99906;3.315;0.401;11.43;6
7.815;0.294;0.339;2.83;0.08;18;14;0.99662;3.321;0.437;10.63;6
5.682;0.283;0.37;6.0;0.074;15;111;0.99865;3.311;0.56;11.423;5
8.417;0.556;0.316;9.16;0.091;42;242;1.00071;3.357;0.513;10.418;7
7.544;0.572;0.368;4.17;0.113;43;418;0.99771;3.312;0.389;11.423;7
7.159;0.464;0.213;12.84;0.061;24;276;0.99636;3.344;0.629;11.012;6
6.545;0.517;0.165;3.47;0.065;43;200;0.99223;3.339;0.334;11.376;4
6.618;0.247;0.322;3.95;0.056;15;128;0.99433;3.27;0.418;10.48;6
7.661;0.508;0.426;4.57;0.098;43;164;0.99761;3.298;0.283;10.094;8
6.161;0.616;0.186;5.4;0.101;21;429;0.99745;3.328;0.491;9.942;6
6.56;0.529;0.172;19.3;0.051;14;439;0.99688;3.324;0.711;10.94;5
4.972;0.308;0.242;2.82;0.091;18;214;1.00428;3.316;0.463;9.4;5
7.131;0.49;0.352;7.16;0.051;41;394;0.99834;3.333;0.447;10.283;7
5.969;0.424;0.348;5.03;0.094;3;224;0.99716;3.35;0.408;10.038;5
8.128;0.478;0.295;12.2;0.077;3;397;0.99992;3.313;0.48;10.665;6
8.926;0.314;0.203;2.64;0.079;38;386;0.99995;3.325;0.542;10.401;5
6.042;0.407;0.286;2.78;0.048;31;90;0.99773;3.307;0.542;10.242;5
3.819;0.345;0.364;20.2;0.085;41;114;0.99852;3.311;0.494;10.085;4
6.727;0.436;0.305;13.13;0.083;14;116;0.99789;3.337;0.623;10.564;5
4.817;0.36;0.429;11.13;0.102;17;44;0.99658;3.295;0.326;11.304;6
5.409;0.488;0.271;4.43;0.08;19;412;0.99511;3.327;0.462;11.055;7
9.157;0.438;0.428;10.96;0.074;8;145;0.99903;3.321;0.53;11.361;6
7.629;0.433;0.469;4.82;0.066;17;104;0.99924;3.311;0.462;10.969;6
5.781;0.394;0.201;2.84;0.091;40;361;0.99579;3.304;0.648;10.906;6
5.657;0.374;0.208;4.39;0.098;32;38;0.99826;3.352;0.472;10.138;5
5.485;0.441;0.322;4.08;0.102;20;309;0.99694;3.375;0.321;10.029;5
4.146;0.477;0.607;2.89;0.099;28;74;0.99531;3.375;0.464;10.822;6
7.872;0.39;0.371;3.48;0.075;30;338;0.99808;3.333;0.594;11.155;5
6.585;0.411;0.313;3.29;0.052;11;245;0.99701;3.343;0.652;11.606;6
9.143;0.398;0.426;6.94;0.083;45;185;0.99739;3.309;0.494;10.734;6
5.634;0.373;0.306;10.12;0.107;38;424;0.9975;3.312;0.576;10.686;6
7.24;0.365;0.106;11.5;0.11;11;70;0.99919;3.355;0.485;10.349;5
5.875;0.205;0.211;11.29;0.067;9;370;0.99856;3.315;0.471;11.056;6
8.409;0.443;0.447;2.86;0.119;21;171;0.99563;3.33;0.295;10.556;5
5.904;0.43;0.156;7.22;0.104;36;186;0.99712;3.35;0.574;10.105;6
7.626;0.305;0.155;8.8;0.098;29;197;0.99885;3.326;0.371;10.265;6
6.751;0.561;0.409;6.38;0.058;39;236;0.99432;3.317;0.573;11.275;6
7.046;0.221;0.375;2.99;0.085;15;64;0.99664;3.301;0.583;11.179;8
6.952;0.478;0.44;2.11;0.097;21;95;0.99457;3.333;0.506;10.629;8
7.95;0.399;0.219;5.3;0.12;33;232;0.99684;3.336;0.657;11.104;6
7.016;0.439;0.218;3.11;0.074;9;299;0.99907;3.344;0.493;9.734;7
8.47;0.528;0.249;9.45;0.079;23;284;0.99827;3.321;0.601;10.902;7
8.374;0.468;0.199;2.55;0.101;45;279;0.99693;3.302;0.425;10.772;6
3.301;0.389;0.288;7.06;0.102;36;130;0.99726;3.348;0.478;11.19;6
6.286;0.286;0.289;3.72;0.098;13;412;0.9953;3.374;0.737;11.062;5
3.916;0.276;0.387;2.64;0.072;38;299;0.99965;3.354;0.566;10.328;6
5.887;0.428;0.281;3.69;0.071;43;377;0.99539;3.385;0.336;10.212;4
8.389;0.522;0.294;4.34;0.082;22;72;0.99298;3.306;0.584;11.827;7
5.864;0.444;0.391;8.91;0.084;30;152;0.99567;3.324;0.491;11.627;6
5.212;0.388;0.417;8.67;0.098;42;292;0.99551;3.293;0.571;10.267;6
6.413;0.45;0.385;12.81;0.07;38;262;0.99862;3.362;0.338;10.004;6
6.927;0.441;0.353;8.36;0.047;13;23;0.99611;3.33;0.569;10.937;5
9.634;0.54;0.292;3.67;0.098;17;382;0.9946;3.304;0.539;10.652;7
7.512;0.307;0.268;3.71;0.078;41;258;0.99483;3.304;0.504;11.52;5
7.98;0.448;0.192;5.3;0.076;38;26;0.99452;3.31;0.397;11.322;7
9.842;0.397;0.336;3.89;0.096;6;93;0.99352;3.328;0.492;11.769;3
6.491;0.302;0.318;2.45;0.051;15;97;0.99672;3.318;0.644;11.267;7
7.386;0.269;0.492;2.29;0.077;10;324;0.99993;3.313;0.643;11.212;7
4.738;0.547;0.299;8.37;0.078;21;141;0.99591;3.324;0.394;10.656;6
7.056;0.431;0.375;5.13;0.09;22;405;0.99548;3.336;0.476;12.003;6
7.891;0.387;0.421;26.22;0.082;26;90;0.99688;3.337;0.622;10.596;5
9.053;0.39;0.132;3.57;0.092;22;155;0.9964;3.322;0.594;10.714;7
6.863;0.487;0.245;10.67;0.055;22;221;0.9969;3.298;0.43;10.31;5
5.628;0.41;0.274;5.25;0.074;40;79;0.99992;3.357;0.58;9.97;6
6.668;0.516;0.354;6.71;0.058;38;189;0.99617;3.292;0.504;11.002;6
4.532;0.381;0.179;4.98;0.104;31;247;0.99736;3.338;0.471;10.328;6
6.725;0.325;0.38;11.31;0.107;11;331;0.99731;3.339;0.399;9.783;5
8.963;0.372;0.405;6.86;0.081;25;20;0.99469;3.32;0.558;10.005;6
3.087;0.316;0.338;3.64;0.097;43;30;0.99543;3.328;0.52;9.945;6
4.179;0.342;0.389;4.46;0.074;45;291;0.99233;3.344;0.591;10.536;6
9.001;0.506;0.205;4.14;0.067;29;346;0.99559;3.303;0.542;10.926;5
4.581;0.563;0.419;5.01;0.107;41;46;0.99557;3.354;0.471;10.94;6
8.282;0.416;0.284;5.54;0.073;33;92;0.99612;3.28;0.428;11.724;6
5.039;0.414;0.116;3.72;0.107;6;307;0.99916;3.315;0.411;9.866;5
7.98;0.3;0.32;3.46;0.127;29;43;0.99281;3.336;0.536;10.547;5
7.622;0.305;0.336;4.73;0.06;30;352;0.99882;3.365;0.431;10.64;6
6.444;0.454;0.213;2.39;0.096;29;264;1.00104;3.398;0.507;9.553;6
7.632;0.423;0.126;6.3;0.077;18;207;0.99728;3.3;0.319;10.389;5
6.889;0.335;0.191;6.15;0.089;25;144;0.9973;3.312;0.482;10.011;6
7.747;0.343;0.296;2.09;0.035;37;267;1.00036;3.338;0.486;10.516;7
9.659;0.537;0.064;2.82;0.091;11;253;0.99835;3.347;0.448;12.122;5
7.625;0.521;0.378;4.69;0.069;16;339;0.9986;3.346;0.421;10.234;7
5.335;0.421;0.382;2.23;0.09;10;348;0.99592;3.38;0.39;9.392;5
5.021;0.443;0.26;6.45;0.094;42;348;0.99659;3.351;0.298;9.817;6
7.037;0.499;0.433;10.13;0.094;40;416;0.99825;3.308;0.685;11.075;5
5.992;0.45;0.268;6.62;0.085;39;36;0.99953;3.31;0.443;10.454;4
6.635;0.429;0.18;9.76;0.089;35;158;0.99766;3.319;0.541;10.007;5
5.827;0.242;0.362;4.45;0.076;3;119;1.0;3.343;0.67;10.644;7
8.285;0.203;0.383;9.03;0.049;7;80;0.9999;3.329;0.479;11.301;6
6.836;0.204;0.211;7.93;0.07;27;323;0.99355;3.271;0.566;10.574;6
7.775;0.15;0.182;4.39;0.069;41;439;0.99627;3.321;0.705;10.029;7
6.264;0.415;0.184;5.02;0.078;21;210;0.99667;3.338;0.563;9.386;7
8.158;0.407;0.44;2.44;0.081;24;321;0.99756;3.315;0.47;10.67;5
5.276;0.301;0.28;2.62;0.085;36;320;1.0022;3.326;0.405;10.866;5
9.431;0.422;0.601;10.33;0.099;29;212;0.99524;3.288;0.471;10.661;6
8.214;0.401;0.276;10.59;0.114;29;244;0.99497;3.323;0.629;11.877;7
7.515;0.383;0.368;3.11;0.061;32;66;0.99866;3.285;0.816;11.617;6
7.554;0.251;0.332;2.51;0.085;34;250;0.99544;3.315;0.406;10.119;5
8.811;0.519;0.302;2.31;0.087;22;152;0.99612;3.363;0.496;10.709;6
8.197;0.517;0.402;11.77;0.074;28;256;0.99918;3.306;0.63;10.312;6
7.197;0.334;0.221;5.99;0.094;9;32;1.00008;3.306;0.439;10.637;6
6.743;0.58;0.306;24.44;0.037;44;130;1.00042;3.336;0.631;10.512;6
4.25;0.409;0.177;13.08;0.096;17;326;0.99974;3.345;0.618;10.669;5
7.8;0.288;0.114;27.62;0.073;4;312;0.99619;3.365;0.471;11.181;7
7.162;0.322;0.343;8.83;0.04;34;216;0.99653;3.304;0.552;10.86;7
6.743;0.194;0.205;3.47;0.074;28;307;0.99951;3.334;0.588;11.298;7
11.19;0.319;0.215;3.88;0.113;32;206;0.99559;3.287;0.385;11.244;6
3.686;0.255;0.341;11.3;0.082;37;341;0.99915;3.348;0.44;9.773;6
6.754;0.513;0.282;2.57;0.122;16;187;0.99625;3.34;0.412;9.452;5
9.449;0.388;0.38;7.11;0.119;42;304;0.99852;3.304;0.416;10.811;6
8.137;0.256;0.476;3.73;0.087;19;390;0.99877;3.357;0.61;11.018;6
7.996;0.474;0.3;13.28;0.079;14;125;0.99513;3.348;0.434;10.006;6
5.838;0.191;0.381;3.47;0.09;13;131;0.99575;3.336;0.5;11.621;6
5.885;0.393;0.202;3.21;0.107;14;265;0.99596;3.328;0.563;10.261;6
7.312;0.457;0.373;9.83;0.119;10;73;0.99922;3.341;0.571;9.964;6
6.92;0.38;0.41;2.08;0.085;24;139;0.99626;3.321;0.498;10.093;6
8.72;0.301;0.18;10.81;0.068;5;135;0.99331;3.346;0.484;10.118;5
6.702;0.4;0.352;5.76;0.114;38;195;0.99747;3.359;0.592;9.238;6
7.193;0.372;0.34;3.4;0.046;24;119;0.99758;3.307;0.471;10.246;6
7.388;0.402;0.281;7.66;0.078;19;332;0.99482;3.335;0.548;10.939;6
6.313;0.548;0.308;3.59;0.084;26;279;0.99995;3.337;0.466;11.197;7
7.191;0.555;0.554;7.42;0.09;19;135;0.99939;3.31;0.553;11.54;7
5.593;0.563;0.229;5.01;0.072;17;310;0.99468;3.322;0.503;9.852;6
6.966;0.323;0.279;8.27;0.084;15;419;0.99723;3.376;0.612;10.941;6
6.305;0.313;0.321;2.95;0.099;4;309;0.99218;3.33;0.509;10.528;6
7.887;0.368;0.315;3.29;0.078;13;357;0.99486;3.314;0.518;10.925;7
4.605;0.447;0.113;22.8;0.067;7;182;0.99481;3.339;0.342;10.782;5
3.905;0.222;0.336;5.82;0.102;7;329;0.9975;3.367;0.291;9.562;4
6.642;0.366;0.363;4.22;0.09;31;121;0.99819;3.298;0.67;8.741;4
7.201;0.571;0.48;3.0;0.062;34;83;0.99757;3.304;0.591;11.215;6
6.339;0.235;0.283;3.53;0.063;43;274;0.99543;3.312;0.347;11.837;6
7.061;0.298;0.201;5.51;0.115;6;282;0.99568;3.337;0.677;10.22;6
5.239;0.328;0.365;2.71;0.079;27;280;0.99825;3.338;0.358;10.487;6
10.277;0.419;0.226;4.58;0.089;16;98;0.99563;3.315;0.527;11.252;6
4.086;0.41;0.282;4.04;0.076;7;68;1.00065;3.327;0.585;10.786;5
10.052;0.328;0.297;2.31;0.074;32;27;0.9963;3.302;0.711;11.228;7
5.473;0.25;0.315;4.74;0.082;24;26;0.99706;3.346;0.658;10.297;5
8.134;0.426;0.289;12.44;0.068;45;188;0.99793;3.29;0.545;11.26;7
6.712;0.384;0.384;3.67;0.095;33;180;0.99634;3.283;0.488;11.072;5
6.141;0.334;0.206;4.14;0.104;25;87;0.99935;3.306;0.447;10.55;5
8.657;0.376;0.563;5.6;0.095;38;347;0.99852;3.323;0.41;11.268;7
7.46;0.493;0.362;3.39;0.077;21;331;0.99823;3.367;0.389;10.732;5
6.762;0.233;0.255;2.39;0.067;3;99;0.9946;3.307;0.357;11.186;7
6.017;0.22;0.226;4.8;0.04;41;314;0.99662;3.315;0.55;11.916;5
11.751;0.211;0.367;3.65;0.091;20;133;0.99512;3.272;0.548;12.413;6
9.284;0.287;0.277;3.32;0.073;16;324;0.99739;3.324;0.401;9.898;6
7.039;0.088;0.222;14.49;0.058;37;185;0.99766;3.326;0.642;10.634;5
6.129;0.345;0.433;5.05;0.061;29;421;0.99701;3.351;0.249;10.621;6
7.69;0.487;0.42;3.19;0.095;43;242;0.99668;3.306;0.528;10.942;5
6.37;0.384;0.173;3.27;0.08;41;49;0.99744;3.326;0.455;10.049;6
8.115;0.511;0.345;17.65;0.099;3;338;0.99584;3.345;0.42;10.061;5
5.813;0.093;0.319;8.6;0.084;15;255;0.99648;3.31;0.267;10.447;6
6.688;0.389;0.375;2.38;0.101;30;394;0.99602;3.318;0.532;10.522;7
6.601;0.498;0.273;7.27;0.082;38;188;0.99651;3.338;0.562;11.039;6
9.326;0.524;0.544;3.56;0.022;17;312;0.99407;3.311;0.411;10.917;6
9.271;0.347;0.309;3.42;0.109;4;20;1.00095;3.35;0.593;10.166;6
6.625;0.314;0.501;11.33;0.057;25;143;0.99945;3.305;0.444;10.408;6
6.964;0.457;0.233;7.96;0.115;28;67;0.99837;3.348;0.535;10.134;5
8.341;0.29;0.421;3.06;0.087;12;20;0.99654;3.352;0.424;10.443;6
6.985;0.334;0.317;4.65;0.063;23;434;0.99778;3.295;0.464;10.735;7
6.179;0.2;0.498;7.46;0.068;13;56;0.996;3.316;0.475;10.286;7
8.62;0.389;0.3;4.37;0.064;14;424;0.99903;3.286;0.54;10.887;6
7.634;0.391;0.202;6.27;0.089;20;370;0.99735;3.361;0.458;10.479;5
6.662;0.552;0.202;3.25;0.091;16;34;0.99702;3.323;0.642;10.705;7
9.213;0.416;0.255;13.26;0.054;33;344;0.99289;3.309;0.527;10.139;6
6.872;0.339;0.354;15.44;0.047;6;116;0.99582;3.316;0.43;9.578;7
4.517;0.377;0.35;3.31;0.106;39;315;0.99758;3.359;0.392;9.756;6
7.956;0.239;0.342;2.56;0.085;26;71;0.99428;3.327;0.336;10.519;5
7.72;0.358;0.45;3.61;0.05;32;308;0.996;3.335;0.656;10.983;7
9.63;0.366;0.475;9.04;0.101;31;23;0.99881;3.336;0.666;9.525;7
6.632;0.443;0.198;5.4;0.106;5;400;1.00026;3.331;0.531;9.819;5
7.14;0.463;0.429;4.55;0.088;44;42;0.99568;3.328;0.529;10.834;5
8.226;0.162;0.568;5.31;0.087;40;149;0.99043;3.314;0.412;10.664;5
6.874;0.439;0.231;2.53;0.073;30;7;0.99747;3.342;0.541;9.792;7
4.643;0.476;0.24;4.58;0.025;10;44;0.99854;3.3;0.443;11.182;5
7.28;0.263;0.357;4.41;0.094;5;25;0.99379;3.327;0.569;11.049;6
7.099;0.555;0.357;3.35;0.062;3;41;0.99911;3.33;0.448;10.812;6
8.595;0.33;0.243;8.48;0.122;25;359;0.99713;3.329;0.758;10.448;6
10.658;0.622;0.317;3.31;0.071;13;119;1.0;3.33;0.54;11.148;6
5.108;0.479;0.46;3.33;0.094;41;226;0.99718;3.342;0.45;10.025;5
6.729;0.441;0.447;7.86;0.059;12;210;0.99653;3.288;0.608;10.398;6
6.023;0.406;0.239;7.44;0.051;32;340;0.99478;3.316;0.449;11.41;6
6.228;0.482;0.147;4.93;0.07;40;428;0.99839;3.345;0.399;10.653;7
5.691;0.297;0.188;5.49;0.124;20;15;0.99788;3.274;0.479;10.184;5
7.761;0.279;0.358;6.17;0.077;11;364;0.99513;3.329;0.472;12.095;7
8.84;0.178;0.246;5.93;0.04;9;147;0.99803;3.348;0.631;11.154;6
4.698;0.461;0.209;2.92;0.104;27;73;0.99652;3.342;0.606;10.07;6
5.153;0.304;0.397;8.81;0.102;5;66;1.00006;3.358;0.641;11.067;7
3.825;0.486;0.26;27.06;0.068;6;152;0.99865;3.347;0.536;10.14;6
8.215;0.46;0.261;6.15;0.085;19;89;0.99732;3.35;0.691;9.737;6
8.282;0.276;0.311;4.03;0.084;21;164;0.99715;3.361;0.617;11.652;6
4.062;0.489;0.426;11.92;0.07;37;363;1.00135;3.34;0.557;9.523;5
4.216;0.433;0.323;7.43;0.085;41;46;0.99766;3.299;0.609;10.026;5
6.55;0.433;0.356;3.19;0.053;12;347;0.99853;3.336;0.543;10.193;5
8.379;0.439;0.314;4.44;0.089;5;198;0.99513;3.353;0.616;11.549;4
8.591;0.378;0.474;3.44;0.099;37;273;0.99846;3.312;0.369;11.614;5
7.174;0.392;0.186;10.43;0.064;17;264;0.99735;3.309;0.436;10.684;6
7.66;0.505;0.188;2.64;0.096;39;338;0.9958;3.311;0.736;10.635;7
7.632;0.281;0.268;12.85;0.095;18;338;0.99498;3.36;0.48;12.15;5
5.12;0.311;0.471;3.28;0.098;29;286;1.00005;3.337;0.401;10.876;5
8.811;0.345;0.432;5.77;0.114;34;119;0.99778;3.323;0.447;9.808;6
7.138;0.485;0.208;3.68;0.08;3;91;0.99821;3.313;0.495;10.803;5
5.751;0.343;0.279;6.15;0.064;5;336;0.9983;3.329;0.572;10.631;6
6.997;0.553;0.393;11.79;0.092;15;43;0.99962;3.31;0.554;10.852;7
4.755;0.082;0.316;7.43;0.091;12;324;0.99985;3.34;0.354;10.723;6
6.465;0.338;0.379;2.71;0.041;42;413;0.99663;3.33;0.579;11.084;6
8.517;0.343;0.263;4.04;0.082;5;143;0.99659;3.324;0.651;10.248;7
5.297;0.412;0.15;5.15;0.065;42;338;0.99293;3.332;0.655;9.481;5
8.044;0.543;0.353;23.71;0.076;40;419;0.99752;3.369;0.581;9.378;5
9.226;0.397;0.409;3.54;0.086;34;294;0.99818;3.323;0.599;9.179;4
6.912;0.31;0.134;3.74;0.115;30;129;0.99435;3.305;0.492;9.944;6
4.865;0.492;0.104;3.16;0.092;38;253;0.99745;3.369;0.46;10.296;6
5.999;0.535;0.275;4.56;0.066;37;266;0.99693;3.353;0.507;9.738;5
6.549;0.13;0.127;7.64;0.069;34;243;0.99684;3.321;0.381;9.376;5
4.692;0.466;0.335;2.91;0.088;43;343;0.99774;3.352;0.424;10.418;6
4.974;0.428;0.186;14.81;0.09;22;420;0.99493;3.336;0.453;10.522;7
6.395;0.313;0.377;12.96;0.136;41;341;0.99723;3.346;0.517;9.983;6
6.808;0.337;0.281;8.62;0.061;3;159;1.00119;3.298;0.497;10.546;5
7.333;0.437;0.305;7.42;0.072;9;43;0.99727;3.341;0.591;10.107;6
5.256;0.393;0.376;42.52;0.1;39;411;0.99601;3.367;0.567;10.937;6
8.665;0.401;0.254;2.84;0.079;31;307;0.99722;3.336;0.372;10.464;6
7.931;0.293;0.189;3.48;0.087;7;237;1.00045;3.318;0.428;8.954;6
8.45;0.408;0.412;31.36;0.047;27;89;0.99409;3.331;0.321;10.221;6
6.307;0.312;0.174;2.7;0.046;11;235;1.00064;3.309;0.601;11.21;5
8.927;0.416;0.433;5.85;0.097;24;305;0.99629;3.361;0.565;10.518;6
6.183;0.342;0.238;4.25;0.062;24;367;0.99834;3.311;0.575;10.051;6
10.117;0.384;0.283;2.97;0.092;6;403;0.99808;3.272;0.491;10.899;7
8.537;0.461;0.354;2.95;0.071;43;157;0.99528;3.345;0.399;10.464;7
5.512;0.42;0.345;4.14;0.088;9;396;0.99655;3.343;0.442;10.052;6
6.811;0.435;0.381;5.67;0.101;20;261;0.99824;3.347;0.584;10.515;7
9.922;0.236;0.178;6.68;0.063;17;373;0.99653;3.308;0.572;10.217;7
8.719;0.421;0.237;7.24;0.063;25;340;0.9936;3.31;0.62;10.111;5
6.955;0.409;0.354;4.94;0.102;34;325;0.99781;3.319;0.46;10.572;5
7.039;0.334;0.34;4.82;0.082;41;173;0.99486;3.363;0.562;10.144;6
7.438;0.364;0.31;7.34;0.076;34;262;0.99789;3.312;0.704;11.057;7
5.704;0.115;0.434;3.35;0.099;26;297;0.99709;3.333;0.287;10.097;5
6.52;0.403;0.287;2.62;0.062;30;20;0.99411;3.342;0.451;9.372;8
5.449;0.371;0.382;8.87;0.083;5;87;0.99925;3.33;0.475;10.318;5
6.652;0.15;0.431;2.27;0.054;28;353;0.99713;3.341;0.571;10.279;5
6.95;0.466;0.319;7.04;0.058;27;124;0.99986;3.361;0.418;10.163;6
6.322;0.297;0.32;13.15;0.089;10;158;0.99668;3.279;0.618;10.994;7
7.761;0.425;0.376;2.68;0.106;35;273;0.99584;3.368;0.34;9.82;4
7.105;0.365;0.356;2.23;0.084;45;337;0.99316;3.331;0.537;9.869;6
8.326;0.425;0.385;3.06;0.05;15;78;0.99668;3.33;0.511;11.151;6
8.476;0.386;0.236;5.81;0.076;10;42;0.9945;3.353;0.395;10.074;6
9.107;0.344;0.374;2.93;0.084;12;292;0.99567;3.319;0.531;11.019;5
7.714;0.443;0.466;10.5;0.081;24;264;0.99262;3.355;0.609;10.863;6
7.702;0.482;0.273;7.53;0.105;44;305;0.99339;3.359;0.45;10.018;5
6.451;0.172;0.315;2.91;0.066;27;352;0.99726;3.323;0.386;10.012;5
8.663;0.355;0.324;8.34;0.081;8;254;0.99681;3.342;0.539;11.052;6
6.179;0.31;0.419;2.55;0.071;41;73;1.0007;3.349;0.452;10.747;6
5.852;0.308;0.075;3.64;0.083;10;20;1.00021;3.335;0.427;10.01;4
7.914;0.523;0.467;5.49;0.074;16;29;0.99495;3.344;0.635;9.855;6
6.823;0.487;0.36;13.77;0.09;34;84;0.99884;3.343;0.548;10.296;7
7.646;0.282;0.291;8.51;0.056;37;371;0.99646;3.287;0.596;10.368;6
5.63;0.271;0.345;16.27;0.073;34;230;0.99321;3.308;0.273;10.876;6
9.968;0.427;0.468;2.54;0.081;30;205;0.99723;3.313;0.415;11.457;6
5.181;0.364;0.31;97.22;0.103;38;196;0.99615;3.329;0.368;9.191;5
8.234;0.327;0.408;3.02;0.097;10;287;0.99418;3.334;0.458;11.162;7
7.18;0.181;0.442;5.68;0.083;18;61;0.99473;3.303;0.417;10.127;6
8.006;0.385;0.318;17.36;0.105;14;419;0.99705;3.33;0.487;9.786;6
6.211;0.511;0.377;6.8;0.107;29;333;0.9964;3.316;0.579;10.48;5
5.388;0.349;0.452;12.34;0.079;16;56;0.99633;3.346;0.626;9.037;6
4.375;0.373;0.371;2.69;0.119;12;81;0.99688;3.342;0.476;10.356;6
7.04;0.543;0.271;2.78;0.108;16;238;0.99785;3.318;0.506;10.938;6
4.455;0.509;0.356;3.66;0.08;12;306;0.99632;3.351;0.648;10.055;5
8.358;0.505;0.541;3.45;0.074;26;203;0.99537;3.346;0.374;11.454;6
9.07;0.448;0.284;5.07;0.07;34;125;0.99714;3.326;0.569;10.797;7
4.771;0.471;0.395;3.89;0.072;18;281;0.99693;3.331;0.568;11.146;7
5.392;0.212;0.365;2.74;0.086;44;58;0.99806;3.349;0.573;10.86;6
8.006;0.282;0.425;5.46;0.082;32;354;0.9994;3.301;0.555;10.884;6
8.804;0.218;0.276;2.57;0.072;40;439;0.99184;3.306;0.502;10.425;5
7.935;0.589;0.332;3.25;0.087;21;32;0.99879;3.291;0.622;10.987;6
7.696;0.395;0.518;5.85;0.103;29;150;0.99751;3.333;0.472;11.048;7
7.351;0.388;0.369;3.0;0.1;5;47;0.99944;3.335;0.516;11.235;6
7.927;0.306;0.257;4.65;0.092;24;236;0.99501;3.362;0.321;11.013;5
9.445;0.28;0.398;7.59;0.073;15;311;0.99721;3.32;0.615;10.978;5
8.824;0.067;0.359;16.08;0.068;16;291;0.99913;3.328;0.535;11.15;6
4.17;0.655;0.424;12.3;0.12;43;112;1.00096;3.348;0.277;9.532;5
6.064;0.389;0.143;9.23;0.083;4;251;0.99969;3.314;0.61;9.884;5
7.59;0.381;0.336;6.69;0.063;30;268;0.99733;3.319;0.441;10.657;5
5.112;0.276;0.382;2.67;0.103;30;435;0.99576;3.371;0.525;10.514;5
6.348;0.392;0.177;3.04;0.114;44;103;0.99701;3.294;0.516;10.883;5
7.034;0.393;0.271;3.02;0.046;6;176;0.99231;3.343;0.502;11.154;5
6.671;0.352;0.388;3.47;0.109;26;434;0.99571;3.312;0.623;10.511;6
7.796;0.456;0.311;4.32;0.062;20;126;0.99454;3.332;0.377;10.641;7
7.114;0.276;0.311;2.93;0.093;32;78;0.9958;3.307;0.535;11.226;6
6.016;0.397;0.367;3.66;0.078;3;300;0.99588;3.329;0.729;10.96;6
6.162;0.469;0.183;11.31;0.067;28;279;0.99786;3.331;0.56;11.215;5
7.042;0.443;0.231;3.65;0.061;20;178;0.99831;3.33;0.537;11.246;5
10.095;0.42;0.491;2.31;0.059;17;123;0.99772;3.321;0.355;11.406;6
6.789;0.399;0.227;3.96;0.059;23;135;0.9983;3.276;0.463;10.529;5
8.672;0.304;0.341;4.28;0.075;39;248;0.99789;3.338;0.476;11.411;5
8.044;0.428;0.323;3.8;0.098;14;240;0.99997;3.323;0.493;10.875;6
3.859;0.352;0.395;31.01;0.076;33;231;0.99667;3.341;0.467;10.52;5
8.185;0.266;0.373;9.55;0.114;14;292;0.9955;3.342;0.502;11.096;5
5.669;0.468;0.349;19.7;0.076;21;332;0.99517;3.33;0.452;9.974;6
3.831;0.276;0.379;3.36;0.074;8;252;0.99821;3.361;0.331;9.904;5
5.351;0.336;0.341;8.24;0.081;38;97;0.9987;3.342;0.416;10.871;6
9.861;0.45;0.16;5.53;0.111;17;277;1.00031;3.341;0.494;10.67;7
4.969;0.474;0.257;4.43;0.064;13;432;0.99633;3.355;0.442;10.522;6
5.976;0.355;0.45;3.06;0.081;22;240;0.99884;3.357;0.522;9.379;5
8.079;0.415;0.398;5.4;0.103;37;82;0.997;3.347;0.588;11.126;5
8.628;0.413;0.319;2.31;0.066;6;53;0.99816;3.304;0.504;10.774;6
4.31;0.391;0.146;9.76;0.092;27;422;0.99482;3.368;0.399;10.537;6
7.182;0.296;0.257;60.95;0.075;13;189;0.99765;3.342;0.369;11.405;6
6.562;0.418;0.532;15.96;0.074;7;138;0.99807;3.355;0.641;10.727;8
6.203;0.424;0.412;2.26;0.08;29;30;0.99373;3.319;0.439;10.665;6
9.114;0.355;0.478;5.3;0.069;42;17;0.99571;3.294;0.416;11.722;8
5.076;0.542;0.111;3.16;0.101;38;427;0.9959;3.318;0.436;9.677;6
5.984;0.44;0.158;3.35;0.052;38;33;0.9977;3.348;0.484;10.705;5
8.87;0.348;0.249;3.97;0.056;41;347;0.99795;3.326;0.517;11.16;4
4.26;0.408;0.175;11.8;0.071;39;203;0.99732;3.365;0.337;10.645;6
6.831;0.566;0.34;7.98;0.047;13;61;0.99805;3.313;0.523;11.304;6
7.635;0.316;0.205;3.05;0.061;19;298;0.9976;3.341;0.486;10.861;6
5.058;0.367;0.354;6.95;0.057;44;221;0.9984;3.35;0.445;11.05;6
7.103;0.267;0.332;5.15;0.071;13;21;0.99575;3.314;0.542;11.408;6
5.067;0.425;0.256;27.45;0.047;36;196;0.9985;3.343;0.442;10.399;6
7.166;0.262;0.377;2.52;0.074;6;122;0.99459;3.337;0.677;10.117;6
5.652;0.45;0.34;4.33;0.069;10;227;0.99883;3.337;0.555;10.187;6
7.591;0.483;0.307;2.93;0.103;14;353;0.99615;3.35;0.56;10.888;5
8.75;0.296;0.291;4.56;0.046;24;377;0.99622;3.307;0.487;11.354;6
7.137;0.299;0.312;2.28;0.046;35;287;0.99739;3.351;0.618;10.428;5
6.284;0.245;0.117;2.94;0.049;15;234;0.99775;3.343;0.495;10.583;5
7.27;0.395;0.117;4.34;0.057;22;196;0.99919;3.356;0.361;10.04;7
7.209;0.269;0.253;3.36;0.06;15;383;0.99605;3.294;0.357;10.427;5
4.535;0.354;0.298;2.99;0.095;35;395;0.99824;3.345;0.434;9.631;6
8.376;0.35;0.483;4.3;0.063;10;111;0.99487;3.325;0.483;9.639;6
7.223;0.321;0.35;3.41;0.075;31;29;0.9943;3.329;0.495;9.934;6
7.55;0.492;0.194;2.94;0.079;44;113;1.00072;3.308;0.546;9.695;5
5.567;0.526;0.286;4.01;0.086;10;354;0.99632;3.307;0.501;10.528;8
8.155;0.177;0.186;4.7;0.051;24;235;0.99854;3.326;0.464;10.917;7
9.429;0.327;0.288;5.78;0.065;40;260;0.9976;3.349;0.503;10.129;5
8.499;0.386;0.331;2.38;0.074;33;154;0.9938;3.309;0.385;10.667;5
5.307;0.267;0.325;3.67;0.103;43;197;0.99854;3.297;0.555;11.198;6
7.411;0.318;0.355;11.66;0.063;9;88;0.99837;3.32;0.528;10.883;5
6.959;0.406;0.419;2.53;0.063;4;93;0.99876;3.318;0.508;9.853;6
7.561;0.515;0.392;5.03;0.091;31;317;1.00003;3.317;0.554;11.208;5
7.241;0.481;0.223;3.52;0.076;9;404;0.99621;3.323;0.287;10.912;7
8.465;0.326;0.428;10.7;0.074;17;17;0.99668;3.33;0.32;11.144;7
7.429;0.356;0.258;12.15;0.107;38;97;0.99485;3.295;0.332;11.282;6
7.042;0.361;0.341;5.52;0.066;16;170;0.99647;3.345;0.617;10.151;5
6.364;0.355;0.337;3.51;0.091;12;432;0.99527;3.346;0.405;10.991;7
6.936;0.277;0.472;2.46;0.117;42;183;0.99554;3.33;0.476;10.447;5
6.843;0.272;0.242;3.46;0.079;37;365;0.99721;3.369;0.615;8.766;6
5.898;0.366;0.289;3.03;0.126;25;388;0.99761;3.325;0.289;10.724;7
7.77;0.491;0.281;4.73;0.094;29;200;0.99556;3.322;0.364;10.72;5
6.252;0.442;0.42;16.47;0.082;33;208;0.9954;3.318;0.494;10.204;7
5.635;0.233;0.312;23.41;0.112;21;416;0.99611;3.321;0.514;10.059;3
7.397;0.338;0.318;5.68;0.079;6;198;0.99357;3.306;0.63;10.598;7
8.958;0.316;0.405;5.01;0.029;33;347;0.99524;3.307;0.39;11.128;4
5.752;0.422;0.516;4.27;0.085;39;265;0.99672;3.327;0.541;9.792;6
9.381;0.25;0.502;5.65;0.072;16;293;0.99723;3.319;0.388;11.668;6
5.739;0.445;0.495;4.1;0.046;9;99;0.99841;3.337;0.487;10.658;6
6.805;0.365;0.263;20.19;0.093;5;363;0.99861;3.323;0.445;10.942;5
8.067;0.453;0.297;3.15;0.07;34;397;0.99684;3.326;0.432;10.961;7
8.863;0.439;0.366;5.0;0.056;33;273;0.99546;3.333;0.612;12.233;7
5.519;0.194;0.145;3.34;0.122;38;118;0.99649;3.346;0.54;10.744;6
5.121;0.371;0.479;9.47;0.103;6;392;0.99694;3.318;0.324;10.627;6
8.312;0.535;0.176;21.23;0.109;28;427;0.99456;3.312;0.537;10.952;6
4.995;0.397;0.346;7.49;0.116;23;417;0.99828;3.323;0.59;11.12;6
8.122;0.478;0.206;5.29;0.052;24;286;0.99674;3.328;0.445;10.999;5
6.633;0.414;0.342;4.81;0.114;18;100;0.99624;3.328;0.474;11.227;6
7.552;0.314;0.419;7.01;0.056;39;72;0.99466;3.284;0.609;12.349;6
10.554;0.403;0.378;3.59;0.057;15;408;0.99933;3.324;0.427;11.445;6
8.854;0.505;0.217;18.35;0.088;24;295;1.00047;3.327;0.62;10.473;6
7.735;0.533;0.233;20.55;0.075;4;58;0.9952;3.354;0.392;11.013;4
5.466;0.515;0.423;10.1;0.111;23;333;1.00021;3.312;0.479;11.205;6
6.688;0.306;0.279;8.57;0.077;8;255;0.99701;3.312;0.407;10.312;3
8.208;0.424;0.372;3.73;0.085;29;193;0.99757;3.325;0.534;11.63;5
6.567;0.26;0.396;21.97;0.081;44;385;0.99382;3.361;0.488;9.737;5
8.845;0.375;0.066;2.59;0.065;39;290;0.99724;3.365;0.346;10.727;7
5.103;0.344;0.362;3.22;0.071;15;306;0.99862;3.313;0.507;11.098;6
7.804;0.435;0.454;29.68;0.069;21;346;0.9966;3.325;0.511;11.541;6
7.184;0.418;0.491;3.72;0.083;18;126;0.99914;3.324;0.434;11.356;6
5.651;0.522;0.372;3.11;0.078;6;434;0.99768;3.309;0.393;9.716;5
9.452;0.325;0.244;2.44;0.096;34;299;0.99916;3.347;0.512;10.43;5
5.599;0.455;0.427;10.47;0.072;36;75;1.00079;3.372;0.509;10.682;6
7.199;0.419;0.507;12.04;0.084;28;76;0.99509;3.344;0.321;10.903;5
6.994;0.391;0.248;5.44;0.112;30;245;0.99741;3.316;0.531;10.429;6
4.108;0.258;0.253;2.46;0.088;24;197;0.99494;3.34;0.673;11.218;6
5.37;0.427;0.317;4.49;0.132;26;103;0.99276;3.326;0.512;9.918;6
5.787;0.411;0.282;3.16;0.081;24;316;0.99486;3.345;0.527;11.033;5
6.942;0.512;0.068;9.39;0.093;32;327;0.99878;3.333;0.303;10.049;7
7.753;0.406;0.06;15.68;0.095;29;182;0.9992;3.317;0.546;10.435;5
7.507;0.374;0.174;6.47;0.105;11;269;0.99854;3.316;0.51;11.018;6
7.051;0.437;0.242;6.4;0.097;17;196;0.99772;3.343;0.499;9.827;5
4.181;0.421;0.37;16.97;0.077;32;283;0.99644;3.284;0.449;10.303;7
7.934;0.43;0.289;19.75;0.072;31;224;0.9949;3.276;0.599;10.947;7
6.564;0.564;0.345;2.75;0.07;7;342;0.99676;3.313;0.57;11.171;6
8.415;0.334;0.441;6.54;0.081;28;59;0.99659;3.337;0.559;10.851;5
8.93;0.585;0.611;2.77;0.05;23;8;0.99255;3.338;0.406;10.296;6
11.374;0.042;0.45;3.21;0.049;11;410;0.9981;3.302;0.653;11.488;8
7.742;0.492;0.209;11.71;0.059;39;140;0.99618;3.315;0.549;10.394;6
8.105;0.306;0.412;2.83;0.108;41;377;0.99412;3.345;0.687;9.879;5
6.455;0.55;0.352;4.33;0.079;37;417;0.99735;3.314;0.406;11.956;7
7.48;0.283;0.364;12.89;0.098;38;292;0.99741;3.29;0.506;11.364;7
4.341;0.528;0.374;6.62;0.081;41;366;1.00136;3.343;0.448;10.48;6
8.251;0.288;0.391;2.47;0.086;24;351;0.99589;3.312;0.553;10.019;5
5.144;0.28;0.18;4.52;0.064;45;56;0.99529;3.305;0.539;10.47;6
7.056;0.452;0.218;4.19;0.039;23;130;0.9988;3.324;0.458;10.686;8
6.52;0.445;0.369;3.05;0.071;27;92;0.99563;3.333;0.509;11.447;7
6.756;0.299;0.402;28.17;0.067;36;156;0.9989;3.287;0.322;10.109;7
7.339;0.638;0.511;5.01;0.069;8;110;0.99824;3.326;0.598;10.737;5
6.411;0.346;0.383;5.0;0.051;38;308;0.99354;3.33;0.497;10.81;5
7.717;0.526;0.296;10.73;0.089;12;12;0.99431;3.354;0.478;11.512;7
5.433;0.291;0.262;5.4;0.096;35;155;0.99454;3.311;0.465;10.29;5
9.125;0.284;0.252;2.67;0.089;28;36;0.99946;3.331;0.472;10.896;6
6.008;0.398;0.185;4.87;0.101;15;168;0.99849;3.324;0.521;10.354;5
8.291;0.291;0.182;6.54;0.064;7;177;0.99822;3.363;0.445;9.632;6
10.034;0.431;0.261;5.41;0.091;36;306;0.99433;3.349;0.472;10.374;7
3.561;0.171;0.326;11.09;0.078;13;146;0.99756;3.346;0.35;10.994;6
4.97;0.429;0.215;9.44;0.074;32;290;0.99012;3.328;0.511;10.69;5
5.748;0.368;0.279;7.05;0.086;3;385;0.99784;3.379;0.546;9.772;4
9.253;0.266;0.312;4.42;0.057;17;385;0.99631;3.324;0.503;10.867;6
6.21;0.411;0.289;5.02;0.074;10;256;0.99928;3.312;0.417;10.47;6
7.534;0.364;0.273;25.81;0.079;23;107;0.99797;3.297;0.491;10.701;6
6.108;0.335;0.35;2.48;0.044;39;234;0.99473;3.329;0.624;10.699;7
7.815;0.466;0.318;11.9;0.109;43;170;0.99676;3.318;0.455;10.434;6
5.091;0.423;0.048;6.74;0.1;17;286;0.99468;3.345;0.435;10.686;5
8.623;0.406;0.359;3.37;0.092;43;325;0.99573;3.335;0.511;12.156;8
2.591;0.525;0.32;4.88;0.114;41;255;0.99567;3.348;0.582;10.682;7
4.536;0.37;0.265;7.65;0.091;29;147;1.00265;3.358;0.547;11.374;5
9.079;0.49;0.312;2.64;0.094;12;308;0.99581;3.322;0.469;9.365;5
7.714;0.325;0.266;5.5;0.109;3;333;0.99545;3.311;0.408;11.165;6
4.866;0.481;0.293;7.49;0.075;44;350;0.99777;3.315;0.557;9.677;6
9.86;0.449;0.219;3.11;0.055;40;252;1.00105;3.312;0.527;11.307;7
9.144;0.305;0.408;5.39;0.094;4;431;0.99428;3.304;0.326;11.51;7
8.742;0.229;0.355;15.43;0.074;31;17;0.99937;3.295;0.665;11.353;7
5.899;0.278;0.153;5.64;0.103;28;86;0.99922;3.369;0.593;10.278;5
7.856;0.293;0.246;3.16;0.093;34;295;0.99516;3.31;0.569;10.855;5
7.054;0.468;0.358;2.52;0.07;26;65;0.99663;3.347;0.541;9.293;5
4.475;0.379;0.349;2.43;0.079;42;15;1.001;3.322;0.425;10.543;5
7.05;0.388;0.297;10.56;0.063;4;437;0.99339;3.321;0.574;9.487;7
6.535;0.441;0.196;4.37;0.082;13;13;0.9941;3.355;0.599;10.885;6
8.542;0.47;0.237;4.65;0.078;45;19;0.9928;3.327;0.634;10.328;6
9.105;0.515;0.341;4.34;0.094;20;370;0.99486;3.331;0.468;9.732;6
6.278;0.319;0.352;3.33;0.115;27;60;0.99676;3.337;0.447;9.472;5
5.755;0.456;0.298;21.77;0.087;45;320;0.99495;3.327;0.692;9.801;6
8.397;0.411;0.279;8.26;0.067;29;426;0.99673;3.329;0.549;11.669;8
7.668;0.302;0.282;16.78;0.084;41;418;0.99753;3.318;0.312;10.677;6
5.288;0.443;0.222;2.8;0.085;32;225;0.9991;3.354;0.382;9.044;5
5.765;0.337;0.159;7.66;0.077;32;40;0.99733;3.335;0.481;9.504;6
8.363;0.344;0.227;8.01;0.081;40;113;0.99615;3.332;0.61;11.621;5
7.563;0.429;0.234;2.86;0.058;3;402;0.99554;3.32;0.381;10.703;6
8.567;0.22;0.164;3.15;0.064;26;63;0.99933;3.334;0.466;10.826;7
7.203;0.304;0.356;3.21;0.085;32;332;0.99727;3.327;0.42;10.817;7
5.24;0.325;0.371;10.91;0.101;24;202;0.99951;3.354;0.467;10.84;6
4.887;0.379;0.418;5.76;0.087;32;203;0.99479;3.306;0.414;11.417;5
8.119;0.314;0.237;3.36;0.074;20;193;0.99711;3.339;0.576;11.969;6
7.326;0.391;0.274;8.28;0.097;24;378;0.99612;3.302;0.438;10.814;6
6.21;0.312;0.328;3.44;0.088;22;161;0.9949;3.328;0.463;10.32;5
5.725;0.369;0.235;5.38;0.119;9;362;0.99657;3.342;0.52;10.12;7
5.128;0.431;0.299;4.72;0.087;45;38;0.99304;3.305;0.458;10.634;6
6.072;0.432;0.27;3.17;0.082;19;121;0.99533;3.346;0.492;10.586;5
3.167;0.405;0.153;10.25;0.057;9;162;1.00141;3.297;0.451;10.311;6
6.925;0.362;0.459;5.12;0.102;36;349;0.99665;3.333;0.668;12.057;5
5.596;0.49;0.17;2.25;0.1;24;195;0.99413;3.343;0.416;10.794;6
10.349;0.494;0.19;4.41;0.102;32;333;0.99777;3.37;0.55;11.111;7
7.433;0.357;0.385;16.96;0.07;17;385;0.9994;3.321;0.448;10.826;5
6.551;0.319;0.202;2.26;0.059;26;264;1.00106;3.315;0.442;9.869;7
7.456;0.273;0.428;9.89;0.105;38;309;0.99798;3.332;0.363;11.084;6
8.169;0.553;0.353;5.78;0.079;4;217;0.99874;3.328;0.499;11.119;8
6.263;0.283;0.363;2.78;0.03;42;434;0.99702;3.327;0.479;10.859;5
7.097;0.237;0.294;4.88;0.09;5;135;0.99484;3.309;0.53;9.897;6
6.514;0.411;0.177;2.86;0.055;9;268;0.99741;3.342;0.492;10.747;6
10.83;0.479;0.209;2.56;0.106;22;25;0.99617;3.346;0.419;10.703;6
7.552;0.245;0.342;6.48;0.098;5;362;0.99394;3.336;0.45;10.919;7
4.25;0.37;0.307;5.99;0.041;8;239;1.00054;3.329;0.351;11.178;7
8.739;0.219;0.22;2.42;0.083;11;360;0.99599;3.319;0.557;11.008;7
10.601;0.321;0.199;3.65;0.08;4;295;0.99504;3.355;0.571;11.969;6
5.698;0.544;0.233;5.04;0.091;37;141;0.99607;3.371;0.467;11.053;5
11.158;0.436;0.275;2.53;0.061;6;213;0.99963;3.368;0.409;10.474;4
6.748;0.366;0.351;11.49;0.053;36;281;0.99662;3.334;0.699;10.841;5
8.416;0.393;0.402;3.32;0.097;27;88;0.99547;3.345;0.462;11.696;5
5.827;0.428;0.264;6.52;0.043;5;362;0.99995;3.331;0.581;10.269;6
6.218;0.391;0.438;7.92;0.08;41;46;0.99563;3.365;0.404;9.879;5
5.183;0.269;0.383;3.06;0.088;38;315;0.9986;3.312;0.468;10.856;7
5.601;0.263;0.463;6.27;0.093;22;339;0.99696;3.299;0.395;10.947;5
3.787;0.59;0.224;5.34;0.087;4;36;0.99586;3.366;0.484;9.94;7
8.834;0.302;0.379;6.55;0.123;33;384;0.99897;3.324;0.457;11.633;6
5.827;0.485;0.44;3.83;0.1;35;192;0.99808;3.36;0.522;12.18;5
7.885;0.3;0.156;10.4;0.074;38;212;0.99831;3.326;0.534;11.174;7
6.742;0.544;0.375;8.37;0.081;11;31;0.99761;3.314;0.369;10.608;6
6.115;0.453;0.357;17.54;0.065;20;18;0.99659;3.339;0.689;10.24;6
7.529;0.346;0.422;11.34;0.081;29;314;0.98982;3.32;0.433;10.339;6
6.727;0.591;0.326;2.68;0.122;24;24;0.99639;3.345;0.523;10.4;6
6.578;0.281;0.438;3.59;0.092;19;419;0.99612;3.317;0.601;11.313;5
7.141;0.359;0.276;6.69;0.077;8;35;0.99884;3.327;0.553;10.173;5
7.254;0.293;0.271;10.67;0.055;24;434;1.0018;3.322;0.445;10.557;6
5.404;0.313;0.379;3.38;0.031;3;179;0.99717;3.309;0.428;11.122;6
4.893;0.359;0.375;4.98;0.079;31;371;1.00229;3.353;0.449;10.37;6
5.653;0.295;0.179;6.11;0.065;12;258;0.99687;3.335;0.227;10.759;6
7.193;0.352;0.432;4.62;0.087;32;344;0.99928;3.354;0.575;10.167;6
9.019;0.541;0.43;10.72;0.057;41;125;0.99943;3.325;0.644;11.258;5
9.099;0.213;0.414;3.01;0.094;5;375;0.99329;3.348;0.607;11.036;5
7.308;0.266;0.238;7.09;0.076;28;220;1.00073;3.352;0.691;10.417;6
8.185;0.298;0.43;3.25;0.068;32;218;0.9948;3.32;0.422;10.008;5
7.342;0.332;0.372;6.67;0.084;30;277;0.99655;3.322;0.504;10.926;6
7.852;0.515;0.375;3.08;0.075;29;264;0.99569;3.368;0.482;10.085;6
6.829;0.471;0.295;4.17;0.081;13;179;0.99583;3.297;0.548;10.456;6
6.797;0.464;0.242;10.01;0.069;5;254;0.99509;3.347;0.438;10.557;4
6.487;0.41;0.242;3.04;0.089;38;118;0.99623;3.321;0.287;10.825;6
6.857;0.629;0.25;5.19;0.047;18;177;1.00013;3.32;0.536;10.457;6
9.614;0.278;0.397;7.87;0.078;14;418;0.9946;3.35;0.661;10.274;6
4.865;0.287;0.224;4.61;0.093;34;161;0.99947;3.356;0.347;10.905;6
7.296;0.371;0.267;4.2;0.095;23;161;0.99767;3.34;0.315;11.701;6
6.06;0.409;0.343;4.97;0.091;12;429;0.99861;3.349;0.532;10.193;5
7.637;0.392;0.259;3.13;0.109;22;37;0.99857;3.313;0.35;10.68;6
9.818;0.294;0.124;8.65;0.083;12;370;0.9986;3.333;0.519;11.667;7
6.031;0.276;0.23;8.42;0.133;7;128;0.99894;3.312;0.515;9.937;6
3.947;0.319;0.318;21.15;0.063;29;31;0.99404;3.331;0.452;10.827;7
7.673;0.323;0.462;5.99;0.041;18;188;0.99403;3.347;0.375;10.343;6
7.701;0.345;0.372;11.54;0.037;28;84;0.99923;3.338;0.501;11.119;6
4.589;0.277;0.219;3.72;0.042;44;175;0.99801;3.345;0.425;10.063;6
6.748;0.514;0.212;6.94;0.078;37;410;1.0003;3.287;0.536;10.98;7
7.064;0.423;0.277;3.09;0.045;22;368;0.99698;3.338;0.528;10.529;7
4.337;0.542;0.364;5.82;0.046;27;173;0.99602;3.34;0.617;11.701;6
7.665;0.346;0.227;4.09;0.095;29;164;0.99529;3.258;0.54;9.906;4
7.799;0.384;0.364;10.26;0.043;27;349;0.99283;3.332;0.561;11.714;5
7.84;0.341;0.199;2.33;0.077;37;266;0.9972;3.336;0.304;11.243;6
4.811;0.413;0.321;4.46;0.1;29;203;1.00063;3.353;0.402;10.393;5
6.714;0.33;0.46;4.13;0.098;28;347;0.99604;3.305;0.747;11.309;6
6.377;0.357;0.069;8.01;0.082;19;180;0.99841;3.31;0.551;11.948;6
8.11;0.173;0.329;3.36;0.049;24;416;0.99834;3.329;0.436;10.259;6
5.17;0.374;0.323;3.86;0.062;44;143;0.99395;3.328;0.45;10.942;6
9.474;0.44;0.373;13.41;0.105;31;341;0.99728;3.284;0.69;11.67;6
7.918;0.177;0.34;3.5;0.108;10;33;0.99434;3.32;0.566;10.416;7
3.383;0.369;0.29;3.94;0.073;36;58;0.99772;3.349;0.505;10.215;5
10.253;0.409;0.375;12.03;0.091;23;360;0.99753;3.333;0.491;11.069;5
7.468;0.501;0.335;2.31;0.092;45;115;0.9962;3.325;0.487;10.675;6
6.076;0.381;0.319;6.54;0.073;6;121;0.99693;3.334;0.686;10.684;6
7.218;0.427;0.47;6.25;0.099;10;179;0.99919;3.312;0.366;11.989;6
5.141;0.527;0.446;5.89;0.057;43;97;1.0006;3.328;0.551;11.048;8
7.966;0.486;0.432;2.43;0.086;36;420;0.99436;3.333;0.315;10.714;7
3.473;0.338;0.256;2.64;0.091;39;428;0.99613;3.324;0.631;11.706;5
6.242;0.296;0.297;3.21;0.072;22;95;0.99482;3.329;0.567;11.2;7
9.609;0.46;0.443;3.17;0.064;32;237;0.99422;3.314;0.581;10.605;6
8.457;0.422;0.199;8.03;0.112;7;426;0.99829;3.314;0.374;11.041;7
6.065;0.348;0.396;3.83;0.066;17;410;0.99603;3.353;0.384;10.744;5
4.951;0.388;0.159;15.51;0.065;26;406;0.99983;3.353;0.527;10.225;5
8.178;0.423;0.514;4.86;0.052;23;200;0.99951;3.311;0.491;10.493;5
7.954;0.324;0.476;7.68;0.068;25;161;0.99589;3.317;0.552;11.544;8
7.78;0.341;0.281;3.44;0.072;37;88;0.99437;3.304;0.473;11.198;7
7.618;0.373;0.259;3.55;0.065;32;164;0.99734;3.342;0.448;10.45;7
5.079;0.251;0.104;6.68;0.103;27;348;0.99715;3.334;0.42;11.39;5
8.593;0.539;0.328;9.53;0.079;20;121;0.99522;3.281;0.38;10.517;6
3.46;0.524;0.412;3.45;0.093;3;133;0.99993;3.334;0.422;10.183;5
8.86;0.546;0.364;13.69;0.053;40;301;0.99683;3.296;0.286;10.183;5
5.027;0.359;0.303;4.28;0.071;23;382;0.99444;3.305;0.573;11.005;7
5.04;0.439;0.472;17.77;0.116;23;140;0.99903;3.341;0.47;9.626;5
6.351;0.429;0.382;2.79;0.098;42;162;0.9936;3.307;0.579;11.871;6
8.188;0.461;0.36;4.03;0.088;21;394;0.9991;3.292;0.497;11.359;6
8.515;0.186;0.304;7.91;0.1;37;143;0.99613;3.3;0.288;11.614;7
6.855;0.446;0.345;4.73;0.098;6;42;1.00044;3.343;0.552;9.979;5
7.616;0.292;0.562;3.59;0.087;34;176;0.99725;3.347;0.607;10.811;7
7.185;0.397;0.339;7.9;0.091;12;74;0.99421;3.312;0.365;10.201;5
6.977;0.315;0.158;10.13;0.089;10;229;0.99549;3.332;0.363;11.41;6
4.217;0.553;0.337;3.92;0.072;4;159;0.99752;3.327;0.634;10.472;6
3.466;0.445;0.494;8.7;0.116;39;224;0.99597;3.306;0.419;10.067;5
4.221;0.359;0.454;3.86;0.124;26;392;0.996;3.299;0.51;10.515;5
7.485;0.5;0.288;3.26;0.08;37;186;0.99754;3.292;0.393;11.14;6
6.112;0.399;0.327;13.69;0.083;34;368;0.99426;3.354;0.5;10.574;5
6.469;0.325;0.16;3.61;0.129;33;277;0.99612;3.276;0.437;10.256;6
8.066;0.336;0.407;3.75;0.085;44;17;0.994;3.308;0.658;10.79;6
6.48;0.355;0.224;8.68;0.093;6;80;0.99705;3.322;0.523;11.666;6
6.128;0.365;0.288;3.03;0.086;27;288;0.99779;3.299;0.26;11.016;6
5.292;0.448;0.28;3.07;0.079;20;427;0.99617;3.309;0.377;11.546;5
3.751;0.392;0.227;4.23;0.077;30;88;0.99512;3.328;0.507;9.988;5
8.617;0.384;0.473;5.24;0.097;26;166;0.99588;3.347;0.511;10.058;6
8.525;0.477;0.467;9.99;0.05;29;240;0.9956;3.337;0.352;11.362;7
4.597;0.43;0.271;4.41;0.104;22;278;0.99796;3.33;0.472;10.324;6
6.122;0.497;0.306;3.47;0.113;42;71;0.99829;3.351;0.58;10.099;6
7.625;0.398;0.478;2.74;0.076;45;406;0.99753;3.3;0.544;10.265;7
9.673;0.241;0.302;4.08;0.071;11;123;0.99794;3.35;0.383;10.857;6
5.679;0.29;0.255;3.79;0.122;40;156;0.99525;3.343;0.528;10.178;5
6.922;0.233;0.221;11.61;0.079;44;87;0.99478;3.317;0.59;11.131;5
8.641;0.499;0.465;2.52;0.07;25;51;0.99374;3.294;0.434;10.796;7
3.606;0.459;0.298;2.44;0.104;11;39;0.99916;3.355;0.331;10.42;5
6.955;0.296;0.358;2.4;0.053;39;15;0.99637;3.301;0.639;11.326;8
6.047;0.322;0.239;4.27;0.045;9;159;0.99554;3.388;0.555;8.951;7
5.81;0.425;0.222;6.66;0.082;13;429;0.99831;3.352;0.46;10.832;7
10.297;0.362;0.417;18.52;0.069;10;432;0.99575;3.298;0.437;11.307;6
7.597;0.442;0.214;2.51;0.069;13;118;0.99623;3.337;0.566;9.92;6
7.516;0.291;0.275;5.45;0.065;42;323;0.99466;3.311;0.533;11.147;6
6.115;0.253;0.174;3.5;0.065;31;310;0.99672;3.329;0.607;10.573;6
7.836;0.557;0.192;18.53;0.077;19;284;0.99782;3.328;0.478;11.199;6
8.174;0.279;0.276;6.21;0.034;12;345;0.99704;3.318;0.397;11.093;7
5.902;0.395;0.255;16.88;0.098;27;343;0.99657;3.335;0.448;11.86;7
6.547;0.509;0.177;4.83;0.073;42;42;0.99623;3.361;0.589;11.375;6
5.255;0.186;0.272;11.16;0.071;22;268;0.99625;3.324;0.506;10.653;8
7.137;0.443;0.312;6.27;0.073;34;41;0.99585;3.35;0.445;10.482;7
8.834;0.368;0.085;3.47;0.093;18;193;0.99091;3.311;0.461;10.655;6
8.628;0.363;0.378;9.97;0.085;7;309;0.99564;3.329;0.629;11.462;6
8.806;0.372;0.327;4.09;0.119;42;256;0.99501;3.299;0.596;10.784;8
8.443;0.257;0.195;2.26;0.036;19;191;0.99711;3.322;0.54;10.909;6
5.751;0.179;0.273;4.59;0.099;45;347;0.99624;3.323;0.433;10.295;7
6.381;0.568;0.361;2.78;0.099;40;154;0.99617;3.328;0.303;10.371;6
8.932;0.348;0.322;7.11;0.022;23;353;0.99573;3.288;0.547;10.873;6
6.959;0.5;0.291;17.1;0.096;30;42;0.9955;3.341;0.249;10.12;6
6.588;0.463;0.346;6.0;0.073;36;245;0.99276;3.336;0.632;11.942;7
7.713;0.413;0.377;7.26;0.078;19;376;0.99546;3.305;0.645;10.937;6
8.529;0.416;0.196;2.77;0.078;18;272;0.99666;3.316;0.591;11.85;7
7.78;0.464;0.248;3.24;0.09;29;226;0.99738;3.341;0.434;11.031;7
6.739;0.557;0.336;3.54;0.075;21;281;0.99943;3.333;0.529;10.184;4
6.329;0.429;0.321;25.84;0.065;9;210;0.99979;3.34;0.431;10.706;6
7.585;0.509;0.212;3.84;0.099;20;315;0.99681;3.333;0.409;10.008;7
9.461;0.355;0.287;5.89;0.08;45;391;0.99718;3.322;0.469;10.566;6
6.209;0.382;0.207;2.4;0.103;29;301;0.99666;3.352;0.505;9.101;6
6.584;0.37;0.339;3.68;0.13;16;358;0.99643;3.362;0.805;10.719;6
6.941;0.445;0.132;5.3;0.056;18;308;0.99524;3.341;0.508;10.39;6
4.164;0.478;0.117;4.49;0.068;23;195;0.99664;3.359;0.518;10.107;6
6.849;0.596;0.156;4.11;0.069;13;150;0.99731;3.344;0.369;10.605;6
5.933;0.492;0.277;6.6;0.082;26;158;0.99859;3.336;0.51;10.128;5
8.589;0.382;0.562;6.87;0.112;17;88;0.99531;3.318;0.59;10.69;6
6.485;0.607;0.383;2.78;0.093;26;140;0.99628;3.295;0.57;10.479;5
8.206;0.429;0.42;2.68;0.104;24;394;0.99892;3.359;0.525;10.985;4
10.071;0.431;0.304;7.24;0.119;41;240;0.99653;3.323;0.416;10.646;7
7.62;0.395;0.506;8.87;0.035;44;255;0.99661;3.324;0.705;12.274;6
5.771;0.351;0.349;2.66;0.073;11;132;0.99866;3.306;0.546;10.449;5
8.495;0.243;0.354;7.95;0.061;8;33;0.99635;3.304;0.705;11.912;6
6.559;0.409;0.407;2.64;0.09;8;126;0.9963;3.338;0.554;10.725;7
7.449;0.343;0.207;4.4;0.058;5;396;0.99921;3.329;0.636;11.33;6
5.634;0.318;0.083;13.35;0.115;9;50;0.99647;3.359;0.325;11.296;6
7.814;0.395;0.2;2.49;0.07;4;55;0.99745;3.299;0.414;10.813;5
7.149;0.362;0.453;4.85;0.064;15;159;0.99493;3.31;0.541;10.612;5
2.874;0.364;0.363;4.26;0.065;44;341;1.00106;3.358;0.553;10.07;5
6.085;0.231;0.31;2.84;0.057;6;368;0.99628;3.301;0.401;10.095;6
6.903;0.39;0.268;8.51;0.082;12;439;1.00056;3.355;0.307;9.373;6
7.982;0.587;0.269;3.04;0.072;3;49;0.99668;3.349;0.626;9.489;6
5.77;0.487;0.337;3.39;0.088;13;371;0.99658;3.323;0.397;10.516;6
5.139;0.518;0.204;2.87;0.074;16;337;0.99461;3.323;0.588;9.719;5
7.964;0.41;0.361;6.56;0.093;38;419;0.99505;3.34;0.686;10.559;6
6.095;0.489;0.22;7.2;0.084;39;299;0.99696;3.312;0.458;10.694;6
7.538;0.302;0.46;14.38;0.099;31;145;0.99828;3.331;0.403;11.03;7
7.236;0.356;0.264;4.18;0.097;11;410;0.9958;3.317;0.472;11.425;7
7.962;0.439;0.221;3.16;0.069;7;412;0.99677;3.328;0.609;10.473;7
6.954;0.245;0.284;16.25;0.105;14;51;0.99862;3.336;0.352;11.24;6
5.614;0.38;0.234;3.45;0.067;11;439;0.99646;3.326;0.538;11.253;8
8.094;0.428;0.287;7.91;0.064;4;332;0.99582;3.348;0.368;10.849;6
6.47;0.546;0.144;18.29;0.096;14;203;0.99696;3.323;0.358;10.268;5
6.36;0.31;0.272;8.67;0.054;43;122;0.99646;3.349;0.377;10.452;5
9.964;0.423;0.324;2.39;0.066;25;288;0.99604;3.31;0.465;10.523;5
8.122;0.325;0.345;2.91;0.05;37;283;0.99846;3.345;0.357;10.071;6
6.487;0.288;0.318;3.21;0.043;20;175;0.99212;3.308;0.536;10.876;7
7.218;0.08;0.469;8.99;0.08;32;327;0.99928;3.268;0.404;11.388;7
6.397;0.3;0.141;3.21;0.062;30;381;0.99747;3.373;0.376;10.854;6
5.591;0.51;0.281;8.47;0.115;12;28;0.99476;3.309;0.325;10.813;5
4.48;0.424;0.278;5.56;0.107;41;230;0.99752;3.326;0.554;11.847;5
7.942;0.408;0.305;5.35;0.088;23;100;0.99717;3.319;0.409;10.266;7
8.243;0.623;0.293;4.74;0.065;36;379;0.99896;3.315;0.501;10.762;6
7.31;0.439;0.447;3.24;0.079;25;66;0.99859;3.31;0.569;10.103;6
6.033;0.276;0.299;14.34;0.076;43;118;0.9969;3.349;0.496;10.735;6
7.138;0.37;0.218;5.2;0.103;9;65;0.99817;3.296;0.469;10.748;6
7.154;0.409;0.525;16.32;0.046;5;162;1.00044;3.319;0.418;10.359;6
4.973;0.563;0.298;3.04;0.079;25;275;1.00026;3.331;0.357;10.895;5
5.552;0.333;0.26;2.44;0.086;8;296;0.9986;3.334;0.526;9.634;6
6.946;0.395;0.431;14.74;0.083;41;111;0.99638;3.261;0.512;10.382;5
8.422;0.464;0.273;2.78;0.09;45;63;0.99507;3.311;0.312;12.183;5
7.865;0.284;0.312;5.14;0.068;25;278;0.99734;3.314;0.435;10.541;6
5.181;0.39;0.401;3.84;0.091;14;322;0.9982;3.327;0.618;10.488;6
6.284;0.178;0.206;4.34;0.054;6;44;0.99713;3.292;0.542;10.199;5
10.07;0.373;0.29;3.93;0.098;25;339;0.99248;3.323;0.542;10.765;6
5.578;0.166;0.405;2.84;0.087;30;53;0.99613;3.302;0.594;9.872;4
7.562;0.332;0.503;2.75;0.074;35;381;0.99543;3.321;0.325;10.983;6
5.605;0.573;0.287;5.46;0.104;42;97;0.99747;3.334;0.439;10.251;6
8.933;0.419;0.309;3.26;0.064;11;36;0.99637;3.283;0.454;10.292;6
6.795;0.393;0.416;19.8;0.046;12;435;0.99678;3.305;0.483;10.215;7
5.563;0.431;0.139;4.98;0.094;29;202;0.99709;3.319;0.552;10.563;5
4.508;0.628;0.215;14.51;0.085;43;386;0.99906;3.297;0.438;10.127;5
6.764;0.433;0.242;3.63;0.071;45;405;0.99504;3.345;0.36;11.47;6
8.203;0.486;0.114;8.5;0.065;22;85;0.99726;3.306;0.446;11.446;4
7.487;0.36;0.013;3.42;0.091;13;200;0.99566;3.337;0.423;10.768;7
5.791;0.312;0.303;2.98;0.092;39;176;0.99763;3.302;0.746;11.946;6
9.85;0.257;0.426;4.09;0.057;36;322;0.99708;3.288;0.624;10.689;6
6.396;0.376;0.369;4.19;0.053;38;260;0.99744;3.343;0.612;10.052;6
4.988;0.334;0.418;47.79;0.095;27;328;0.99904;3.336;0.652;10.388;5
7.276;0.477;0.052;2.64;0.057;14;125;0.99797;3.298;0.525;10.863;7
6.463;0.432;0.315;3.33;0.102;27;175;0.99896;3.311;0.614;10.02;6
5.911;0.382;0.434;7.88;0.109;15;158;0.99437;3.34;0.567;10.095;6
5.508;0.353;0.207;4.26;0.071;4;334;0.99744;3.311;0.527;10.123;6
7.145;0.086;0.199;5.16;0.123;34;229;0.99526;3.333;0.4;10.708;7
5.266;0.365;0.308;8.28;0.08;19;389;1.00043;3.338;0.664;11.036;6
4.504;0.414;0.315;4.32;0.077;40;286;0.99789;3.348;0.515;11.408;6
8.399;0.423;0.402;3.24;0.073;14;86;0.99583;3.346;0.511;10.818;7
6.301;0.076;0.316;2.61;0.088;30;207;0.99867;3.301;0.587;10.492;6
8.804;0.143;0.438;4.5;0.095;33;83;0.99658;3.34;0.549;10.715;5
7.717;0.401;0.38;6.87;0.086;22;75;0.99725;3.332;0.625;10.678;5
7.939;0.279;0.342;5.38;0.065;42;403;0.99633;3.304;0.443;9.723;5
7.247;0.362;0.277;11.63;0.073;17;225;0.99912;3.347;0.277;10.302;6
8.222;0.363;0.357;3.71;0.052;12;128;0.99756;3.314;0.331;9.899;5
6.342;0.449;0.243;5.64;0.06;38;385;0.99966;3.331;0.488;9.563;6
5.445;0.204;0.404;3.08;0.083;44;21;0.99546;3.323;0.544;11.376;6
7.783;0.316;0.438;2.33;0.077;12;141;0.99692;3.274;0.693;11.082;5
3.708;0.45;0.433;7.04;0.064;16;107;0.99459;3.314;0.459;11.28;6
6.371;0.407;0.187;3.61;0.084;14;125;0.99872;3.33;0.507;11.626;5
6.688;0.326;0.333;7.39;0.068;16;184;0.99716;3.342;0.388;11.437;5
5.985;0.444;0.335;3.36;0.081;45;66;0.99523;3.312;0.543;9.959;6
8.451;0.426;0.385;2.5;0.082;40;416;0.99878;3.322;0.611;10.966;5
8.355;0.282;0.177;2.99;0.097;10;254;0.99841;3.333;0.622;10.895;5
7.229;0.449;0.259;3.93;0.099;3;375;0.99683;3.338;0.435;10.68;6
5.91;0.47;0.287;3.26;0.062;9;82;0.99601;3.345;0.38;9.612;4
8.355;0.379;0.442;3.96;0.073;34;230;0.99771;3.351;0.394;9.825;7
6.329;0.464;0.27;6.85;0.042;13;403;0.99987;3.302;0.534;11.87;6
6.242;0.274;0.396;4.61;0.12;40;24;0.99523;3.319;0.325;10.336;5
7.772;0.471;0.317;6.43;0.038;27;344;0.99383;3.326;0.642;10.302;5
7.822;0.366;0.502;4.25;0.078;35;91;0.99688;3.334;0.597;11.023;6
10.416;0.271;0.366;3.26;0.045;39;307;0.99387;3.328;0.612;11.276;5
6.727;0.323;0.16;2.91;0.079;43;419;0.99363;3.344;0.454;11.014;7
5.151;0.464;0.323;2.24;0.078;17;87;0.99674;3.317;0.57;11.39;7
8.425;0.309;0.359;7.03;0.088;44;426;0.9974;3.32;0.691;11.616;6
8.754;0.351;0.437;10.78;0.067;18;83;0.9986;3.307;0.522;10.708;6
6.871;0.314;0.385;2.9;0.092;33;411;0.99757;3.325;0.601;11.269;5
9.11;0.31;0.282;2.94;0.066;35;406;0.99831;3.307;0.543;10.323;6
8.714;0.513;0.158;3.04;0.065;40;129;0.99781;3.319;0.659;10.83;4
5.627;0.618;0.303;5.81;0.065;25;25;1.00024;3.321;0.462;10.653;5
5.807;0.535;0.284;4.93;0.066;35;368;0.99669;3.341;0.225;10.095;6
4.93;0.443;0.436;4.04;0.114;33;135;0.99584;3.357;0.544;10.307;4
7.702;0.461;0.403;4.49;0.097;18;316;1.00002;3.306;0.456;10.743;6
7.805;0.358;0.169;2.43;0.093;10;342;0.99845;3.309;0.347;11.337;4
8.157;0.323;0.1;4.29;0.037;37;303;0.99657;3.355;0.453;10.337;6
3.522;0.335;0.208;4.14;0.087;14;189;0.99859;3.404;0.366;9.809;5
5.946;0.523;0.344;6.45;0.091;24;297;0.99583;3.326;0.536;10.378;6
4.029;0.386;0.185;3.21;0.049;9;339;0.99605;3.358;0.528;10.15;6
4.653;0.313;0.265;3.47;0.098;14;111;0.99345;3.346;0.398;11.208;6
4.367;0.347;0.405;5.3;0.061;38;142;0.99404;3.351;0.379;9.179;5
4.669;0.404;0.386;50.61;0.078;39;143;0.99791;3.316;0.609;9.958;6
7.258;0.308;0.168;3.36;0.08;11;401;0.99564;3.329;0.404;11.376;6
6.75;0.419;0.316;26.21;0.081;5;207;0.99617;3.335;0.555;9.686;6
7.895;0.4;0.331;2.96;0.078;36;124;0.99587;3.316;0.469;10.646;6
6.641;0.528;0.283;4.8;0.09;16;54;0.99839;3.357;0.389;10.615;5
5.084;0.298;0.334;2.95;0.107;3;137;1.00049;3.336;0.5;11.573;6
7.182;0.404;0.382;13.69;0.108;28;89;0.99669;3.319;0.477;10.658;6
7.543;0.325;0.549;5.05;0.107;21;53;0.99529;3.321;0.207;10.318;5
6.448;0.345;0.334;5.29;0.082;32;352;0.99591;3.341;0.492;10.298;7
6.656;0.56;0.228;10.12;0.041;45;18;0.99675;3.324;0.344;10.947;6
7.708;0.399;0.314;12.98;0.05;13;154;0.99732;3.305;0.426;11.252;5
5.77;0.364;0.368;3.3;0.072;30;143;0.99753;3.334;0.192;10.22;5
5.942;0.476;0.462;5.49;0.098;22;224;0.99928;3.346;0.599;9.902;5
5.073;0.394;0.363;3.56;0.104;18;23;0.99458;3.332;0.501;10.393;7
8.056;0.511;0.351;11.43;0.074;27;290;0.99795;3.337;0.4;10.501;5
4.075;0.362;0.316;2.27;0.069;31;352;1.00088;3.337;0.533;10.702;4
7.332;0.444;0.26;30.83;0.083;19;430;0.99802;3.309;0.495;11.059;5
4.465;0.385;0.301;4.08;0.086;18;439;0.99679;3.354;0.447;9.818;6
9.125;0.386;0.196;2.28;0.093;36;282;0.99763;3.318;0.409;10.705;5
7.738;0.388;0.369;5.63;0.097;4;170;0.99928;3.33;0.461;10.336;5
4.918;0.358;0.327;3.07;0.08;44;387;0.9983;3.32;0.503;9.8;5
5.686;0.42;0.308;4.77;0.033;29;342;0.99955;3.326;0.563;9.438;5
5.301;0.483;0.23;5.06;0.071;40;411;0.99394;3.315;0.459;10.046;7
7.399;0.304;0.311;10.56;0.016;8;292;0.99714;3.318;0.514;12.161;7
7.712;0.34;0.266;2.36;0.075;9;325;0.99735;3.309;0.561;11.101;6
10.434;0.429;0.337;6.11;0.134;25;39;0.99793;3.327;0.579;10.464;6
4.74;0.32;0.277;11.42;0.105;45;162;0.99713;3.29;0.538;10.372;5
8.586;0.477;0.344;2.65;0.087;38;35;0.99688;3.348;0.447;9.514;5
6.978;0.42;0.441;8.04;0.118;34;8;0.997;3.339;0.547;11.306;6
7.02;0.171;0.426;8.48;0.06;24;254;0.99484;3.313;0.485;10.43;6
8.177;0.322;0.213;3.49;0.087;14;91;0.99593;3.301;0.618;10.523;5
8.01;0.267;0.294;2.33;0.088;33;42;0.99627;3.343;0.418;10.382;6
7.081;0.486;0.189;5.17;0.068;17;57;0.99805;3.33;0.541;10.669;6
6.701;0.476;0.439;3.6;0.067;31;325;0.99686;3.274;0.524;9.934;6
6.962;0.266;0.233;16.72;0.093;29;99;0.99556;3.351;0.482;10.092;6
7.109;0.32;0.445;4.08;0.085;25;379;0.99878;3.298;0.524;10.871;7
8.683;0.377;0.266;7.78;0.068;15;344;0.99752;3.342;0.444;10.413;5
5.048;0.34;0.424;5.92;0.075;9;426;0.99703;3.361;0.373;11.533;5
6.7;0.438;0.281;5.31;0.09;12;12;0.99752;3.324;0.685;11.195;6
5.218;0.479;0.296;2.69;0.075;26;62;0.99726;3.318;0.623;10.637;7
5.397;0.45;0.321;3.21;0.065;10;285;0.99954;3.314;0.481;11.522;5
7.008;0.444;0.373;5.0;0.08;15;287;0.99573;3.277;0.693;12.015;7
7.985;0.499;0.279;4.45;0.08;16;408;0.99547;3.338;0.58;11.014;6
10.288;0.368;0.391;4.39;0.08;3;370;0.99759;3.313;0.426;10.817;7
9.052;0.336;0.439;8.22;0.055;4;144;0.99789;3.301;0.561;10.342;5
5.261;0.311;0.401;4.83;0.078;17;291;0.99858;3.336;0.5;10.166;6
7.303;0.456;0.278;7.86;0.07;45;87;0.99796;3.321;0.455;10.675;6
5.343;0.472;0.135;4.96;0.05;27;70;0.99676;3.313;0.47;11.172;6
7.68;0.482;0.33;6.05;0.109;39;9;0.99995;3.336;0.529;11.281;5
9.107;0.34;0.051;3.52;0.08;19;128;0.99556;3.289;0.571;10.618;5
7.646;0.353;0.376;2.52;0.085;9;376;0.99581;3.33;0.523;11.193;6
8.242;0.41;0.378;8.77;0.096;35;98;0.99831;3.311;0.481;10.62;6
6.863;0.504;0.202;8.89;0.106;8;251;0.99555;3.316;0.375;11.424;7
4.083;0.422;0.371;7.44;0.1;26;325;0.99935;3.312;0.435;10.386;7
4.038;0.41;0.249;3.11;0.066;19;38;0.99532;3.343;0.555;10.644;6
6.049;0.334;0.409;10.92;0.088;36;333;0.99799;3.364;0.461;9.531;5
8.062;0.417;0.252;4.99;0.066;13;24;0.99712;3.297;0.479;12.18;6
9.694;0.402;0.271;5.23;0.069;32;159;0.99534;3.323;0.481;10.947;7
6.966;0.271;0.272;3.29;0.084;14;125;0.99309;3.326;0.517;11.184;5
7.381;0.545;0.352;3.57;0.101;6;150;0.99728;3.32;0.397;10.681;5
7.234;0.298;0.211;3.35;0.058;13;413;0.99759;3.35;0.448;10.678;8
9.113;0.451;0.562;6.01;0.091;11;415;0.99646;3.351;0.368;11.102;6
6.677;0.372;0.272;3.27;0.088;19;289;0.99618;3.293;0.667;10.922;7
5.301;0.404;0.484;4.61;0.059;11;423;0.99454;3.329;0.529;10.374;6
9.287;0.277;0.319;3.48;0.133;36;415;0.99508;3.324;0.455;11.752;6
7.209;0.343;0.271;2.66;0.079;34;365;0.99375;3.327;0.495;11.068;7
7.828;0.441;0.259;4.84;0.101;42;234;1.00008;3.295;0.583;10.575;6
5.397;0.355;0.252;5.09;0.077;13;181;0.9961;3.317;0.714;11.337;7
6.82;0.356;0.354;4.91;0.088;35;348;0.99947;3.298;0.588;10.805;6
4.233;0.483;0.423;2.11;0.099;17;277;0.99693;3.33;0.375;9.676;7
4.403;0.442;0.34;10.28;0.078;37;399;0.99966;3.335;0.553;11.359;7
6.15;0.42;0.21;4.66;0.082;26;36;0.99621;3.367;0.598;10.246;5
6.144;0.415;0.329;2.95;0.106;27;17;0.99575;3.317;0.515;10.882;3
8.467;0.527;0.266;23.5;0.097;36;339;0.99489;3.322;0.359;11.115;7
8.152;0.404;0.019;4.76;0.134;28;351;0.99788;3.344;0.338;10.205;5
6.623;0.435;0.317;8.01;0.087;6;147;0.99549;3.328;0.719;10.914;6
9.127;0.443;0.129;5.09;0.046;39;35;0.99456;3.356;0.526;10.809;5
5.322;0.279;0.223;2.22;0.055;15;51;1.00054;3.325;0.376;9.911;5
7.293;0.225;0.291;11.88;0.095;39;203;1.0002;3.347;0.353;9.422;5
5.117;0.398;0.276;2.78;0.059;42;243;0.99572;3.354;0.316;10.601;6
7.188;0.469;0.292;10.73;0.05;29;386;0.99872;3.337;0.44;10.887;7
5.501;0.445;0.428;4.33;0.109;26;187;0.99326;3.313;0.391;9.996;5
6.357;0.345;0.398;3.05;0.049;20;429;0.99766;3.326;0.402;10.079;6
7.98;0.314;0.472;2.19;0.046;16;52;1.00074;3.337;0.666;11.026;6
3.646;0.489;0.313;3.6;0.086;14;229;1.00135;3.336;0.665;11.319;6
6.65;0.375;0.319;2.9;0.106;19;60;0.99889;3.323;0.442;9.299;6
6.646;0.192;0.523;4.77;0.091;13;8;0.99854;3.303;0.295;10.827;7
7.461;0.439;0.268;2.81;0.054;44;389;0.99724;3.305;0.354;10.915;5
6.735;0.44;0.317;7.84;0.099;15;361;1.00062;3.358;0.515;10.589;6
5.558;0.457;0.295;3.5;0.064;35;220;0.99699;3.329;0.607;10.537;5
6.534;0.483;0.349;3.64;0.085;45;316;0.99235;3.337;0.379;11.264;6
4.706;0.539;0.351;25.23;0.021;17;105;0.99966;3.347;0.432;10.992;6
7.775;0.439;0.329;8.29;0.054;13;288;0.99727;3.349;0.482;11.521;7
5.53;0.386;0.377;3.33;0.089;5;109;0.99747;3.371;0.581;10.439;5
7.79;0.169;0.241;5.98;0.075;4;208;0.99811;3.315;0.532;10.717;6
3.713;0.462;0.317;2.46;0.094;24;291;0.99932;3.322;0.44;8.962;6
8.274;0.396;0.188;3.18;0.005;37;81;0.99495;3.337;0.365;10.662;8
4.88;0.539;0.397;4.21;0.111;17;325;0.99779;3.368;0.556;10.906;6
8.818;0.503;0.42;3.19;0.096;5;13;0.99554;3.335;0.532;10.843;5
5.986;0.445;0.282;2.9;0.123;38;32;0.99675;3.329;0.374;10.97;5
6.915;0.553;0.233;7.36;0.073;40;251;0.99994;3.374;0.299;9.977;6
6.915;0.371;0.32;3.39;0.097;8;31;0.99677;3.327;0.712;10.944;6
7.994;0.378;0.372;3.11;0.091;40;382;0.99582;3.325;0.305;10.346;5
6.595;0.317;0.153;3.39;0.077;21;164;0.99757;3.376;0.519;11.477;5
8.575;0.363;0.209;3.31;0.091;7;30;0.99694;3.316;0.411;11.403;6
7.861;0.408;0.405;8.27;0.082;27;195;0.99722;3.326;0.415;9.939;5
8.423;0.47;0.314;5.66;0.09;5;208;0.99833;3.34;0.496;11.21;6
9.566;0.304;0.198;2.52;0.075;33;153;0.99692;3.321;0.661;10.899;7
6.138;0.457;0.106;13.36;0.08;39;47;0.9961;3.325;0.543;10.924;6
8.547;0.627;0.261;10.58;0.066;6;375;0.99687;3.335;0.436;11.03;5
6.831;0.262;0.135;3.95;0.072;35;424;0.99523;3.32;0.639;10.452;6
4.163;0.386;0.3;2.91;0.088;7;38;1.00036;3.327;0.35;10.58;5
7.702;0.385;0.309;4.72;0.085;25;97;0.99825;3.356;0.59;10.613;6
6.472;0.492;0.486;3.43;0.088;18;211;0.99358;3.334;0.598;11.774;6
9.214;0.587;0.186;6.65;0.099;33;95;0.99696;3.294;0.486;10.366;6
6.212;0.508;0.375;4.55;0.065;28;323;0.99951;3.331;0.513;10.159;4
7.39;0.367;0.212;12.5;0.062;24;100;0.9936;3.303;0.575;11.187;7
7.828;0.28;0.235;2.46;0.043;30;7;0.99588;3.302;0.695;10.542;7
3.454;0.41;0.263;3.36;0.11;14;284;1.00115;3.371;0.583;9.855;6
7.681;0.381;0.231;5.6;0.119;25;266;0.99783;3.343;0.442;10.569;5
5.207;0.422;0.478;3.55;0.089;24;133;0.99884;3.339;0.45;10.477;6
8.357;0.322;0.284;3.68;0.096;45;241;0.99565;3.337;0.407;10.383;5
8.908;0.553;0.223;2.76;0.067;20;159;1.00047;3.31;0.354;10.484;6
7.633;0.286;0.566;22.92;0.078;4;87;0.9976;3.309;0.452;11.175;7
4.996;0.439;0.249;4.18;0.106;29;345;0.9995;3.331;0.406;11.405;6
6.838;0.421;0.262;7.62;0.088;31;269;0.99549;3.344;0.38;10.433;6
6.841;0.292;0.278;3.14;0.053;10;79;0.99629;3.294;0.537;10.857;7
7.94;0.394;0.235;3.61;0.086;41;101;0.99529;3.317;0.524;10.9;6
6.268;0.397;0.361;4.45;0.081;31;145;0.998;3.322;0.519;10.795;6
5.937;0.339;0.457;17.62;0.093;17;381;0.99465;3.325;0.57;10.539;6
6.238;0.485;0.167;13.63;0.116;30;120;0.99763;3.316;0.543;10.094;7
4.547;0.381;0.222;27.0;0.087;15;331;1.00087;3.341;0.475;10.343;5
9.329;0.643;0.269;15.67;0.091;15;372;0.99883;3.294;0.548;10.59;6
6.089;0.49;0.182;15.19;0.099;27;122;0.99572;3.301;0.349;10.286;7
6.023;0.295;0.184;4.11;0.062;41;407;0.99806;3.329;0.497;11.133;6
6.772;0.144;0.271;3.26;0.076;9;331;0.99528;3.335;0.467;10.964;4
5.852;0.482;0.252;12.89;0.042;37;53;0.99809;3.318;0.613;11.35;5
6.106;0.418;0.334;3.23;0.086;32;378;0.99495;3.324;0.486;10.373;6
6.261;0.413;0.371;6.71;0.098;18;252;0.99888;3.305;0.367;10.757;5
5.207;0.33;0.288;3.37;0.093;15;55;0.99985;3.33;0.591;9.919;5
6.449;0.249;0.334;2.86;0.09;15;226;0.99463;3.323;0.45;10.436;5
9.066;0.188;0.235;4.83;0.063;33;309;0.99869;3.314;0.574;11.206;6
6.805;0.669;0.222;3.01;0.068;9;434;1.00033;3.329;0.541;9.895;3
5.511;0.524;0.368;3.9;0.103;7;205;0.99977;3.332;0.576;11.408;6
6.297;0.332;0.365;8.81;0.094;15;323;0.99995;3.316;0.582;10.607;6
8.653;0.545;0.328;4.15;0.069;45;395;0.99796;3.312;0.432;11.431;6
6.316;0.19;0.376;9.79;0.09;17;68;0.99828;3.326;0.375;10.251;7
6.741;0.467;0.274;3.64;0.067;15;348;0.99619;3.346;0.466;10.255;7
6.572;0.468;0.185;5.85;0.062;38;437;1.00115;3.352;0.295;10.072;6
6.768;0.338;0.303;2.89;0.093;35;381;0.99815;3.314;0.576;9.375;5
5.661;0.381;0.229;12.95;0.085;4;303;0.99998;3.363;0.493;10.652;5
6.817;0.279;0.149;2.29;0.086;35;68;0.9984;3.332;0.468;10.549;6
6.058;0.375;0.406;5.6;0.126;21;170;0.99699;3.332;0.408;11.203;6
8.095;0.49;0.373;6.83;0.085;23;158;0.99455;3.33;0.35;10.592;5
5.543;0.486;0.378;2.16;0.084;39;414;0.99855;3.312;0.638;10.415;6
9.281;0.432;0.259;2.45;0.123;35;337;0.99765;3.329;0.545;11.527;6
6.372;0.517;0.432;2.51;0.068;40;356;0.99581;3.374;0.386;11.249;6
7.223;0.184;0.381;4.42;0.074;6;306;0.9998;3.36;0.425;11.24;7
8.206;0.58;0.41;3.99;0.07;5;376;0.99787;3.274;0.631;11.08;6
6.51;0.392;0.235;3.83;0.08;33;90;0.99663;3.28;0.513;9.707;6
7.537;0.236;0.299;7.11;0.123;37;249;0.99586;3.354;0.48;11.407;7
7.077;0.339;0.443;32.64;0.04;42;146;0.99968;3.309;0.538;11.245;6
5.218;0.348;0.281;2.89;0.11;9;20;0.99702;3.33;0.481;10.67;7
5.912;0.383;0.324;5.88;0.052;16;45;0.9963;3.336;0.384;11.055;6
5.758;0.423;0.447;4.77;0.049;32;242;0.99362;3.34;0.648;10.308;5
8.548;0.154;0.421;10.52;0.077;30;110;0.99681;3.304;0.594;10.177;7
5.812;0.519;0.324;2.27;0.08;31;310;0.99625;3.343;0.503;10.115;6
7.105;0.526;0.524;2.46;0.07;17;187;0.99849;3.321;0.331;10.797;6
6.947;0.256;0.193;2.83;0.054;14;231;0.99937;3.276;0.583;11.57;6
8.522;0.508;0.328;2.82;0.09;13;164;0.99892;3.304;0.465;11.811;5
9.225;0.532;0.235;5.42;0.058;33;49;0.99472;3.345;0.53;9.572;6
4.879;0.515;0.423;3.58;0.097;21;47;0.99848;3.358;0.519;9.906;4
8.094;0.532;0.477;2.3;0.135;26;86;0.99981;3.305;0.366;10.724;6
6.327;0.278;0.233;3.18;0.059;30;123;0.99744;3.345;0.513;9.848;5
5.741;0.487;0.294;2.46;0.09;20;418;0.99753;3.337;0.44;10.489;4
6.613;0.326;0.359;3.15;0.089;10;289;0.99801;3.321;0.375;10.431;5
5.912;0.588;0.393;4.13;0.045;13;205;0.99381;3.325;0.585;11.416;6
8.172;0.287;0.338;3.12;0.08;30;99;0.99648;3.321;0.475;10.394;4
7.423;0.256;0.414;11.75;0.099;39;315;0.9968;3.323;0.623;10.888;6
5.169;0.51;0.485;31.62;0.102;20;283;0.99798;3.304;0.534;9.942;4
8.997;0.456;0.314;6.49;0.096;24;126;0.99764;3.305;0.369;9.958;6
8.141;0.388;0.205;2.5;0.069;8;411;0.99735;3.332;0.51;10.735;7
8.843;0.389;0.311;14.2;0.077;25;25;0.99632;3.315;0.409;11.096;6
4.294;0.468;0.286;26.96;0.066;6;294;1.00153;3.363;0.518;10.031;5
6.863;0.544;0.288;4.14;0.102;35;72;0.99955;3.339;0.503;11.01;5
5.729;0.332;0.36;5.93;0.068;41;320;0.99916;3.346;0.599;10.659;5
7.205;0.354;0.357;10.53;0.063;41;206;0.99828;3.34;0.451;10.812;5
9.626;0.297;0.428;5.25;0.064;30;428;0.9996;3.325;0.397;11.091;7
3.904;0.39;0.345;12.12;0.117;23;214;0.99599;3.33;0.438;10.2;5
7.179;0.378;0.345;6.76;0.047;14;379;0.99872;3.328;0.421;10.809;6
6.333;0.274;0.197;3.35;0.101;12;230;0.99915;3.365;0.256;10.596;5
7.119;0.465;0.229;3.55;0.104;22;184;0.99809;3.386;0.366;9.414;5
7.288;0.242;0.246;4.0;0.067;21;15;0.99359;3.358;0.629;10.922;7
4.672;0.372;0.325;3.25;0.088;20;90;0.99468;3.322;0.331;10.435;7
7.108;0.342;0.318;12.74;0.048;27;163;0.99947;3.298;0.552;10.377;6
4.718;0.39;0.279;5.7;0.093;19;390;0.99572;3.334;0.401;10.351;6
4.947;0.568;0.327;4.12;0.095;26;171;0.99941;3.357;0.523;9.513;6
7.099;0.544;0.288;8.25;0.065;9;125;0.99688;3.333;0.51;11.013;6
6.403;0.486;0.42;4.84;0.083;39;158;0.99636;3.33;0.464;10.16;6
7.148;0.55;0.404;10.02;0.082;12;180;0.9981;3.362;0.324;9.971;5
4.381;0.372;0.206;16.92;0.095;19;215;1.00019;3.314;0.361;11.012;7
10.623;0.511;0.451;5.15;0.093;27;136;0.99854;3.338;0.432;10.501;6
7.847;0.415;0.244;3.39;0.108;22;144;1.00055;3.339;0.654;9.54;5
7.519;0.425;0.225;2.74;0.081;33;205;0.99565;3.328;0.641;10.719;5
4.493;0.436;0.258;19.55;0.096;43;243;0.99663;3.351;0.326;9.692;5
3.64;0.26;0.182;5.95;0.1;12;358;0.99982;3.314;0.493;10.611;6
5.648;0.326;0.342;3.37;0.115;32;216;0.99735;3.331;0.338;11.108;4
6.282;0.382;0.414;4.36;0.085;10;213;0.99696;3.316;0.444;10.179;6
9.948;0.428;0.16;2.77;0.073;14;354;0.99454;3.309;0.639;10.423;4
9.483;0.345;0.379;13.07;0.064;37;397;0.99588;3.34;0.607;11.197;8
5.378;0.332;0.335;5.64;0.084;45;435;0.99692;3.333;0.503;10.677;6
8.105;0.292;0.352;3.76;0.049;31;249;0.99878;3.367;0.295;10.017;6
8.479;0.394;0.365;2.53;0.061;41;64;0.99724;3.312;0.399;10.069;6
6.856;0.271;0.349;27.39;0.095;37;204;0.99394;3.32;0.38;10.557;7
8.78;0.263;0.272;4.97;0.121;8;132;0.99337;3.319;0.715;10.83;6
6.503;0.411;0.361;2.24;0.114;12;316;1.00011;3.35;0.455;10.552;6
6.487;0.383;0.363;3.41;0.066;28;222;0.99416;3.285;0.632;10.665;7
4.953;0.314;0.376;4.53;0.108;25;55;0.99453;3.321;0.52;10.45;3
6.848;0.203;0.345;5.07;0.088;11;311;0.9946;3.293;0.48;10.179;7
7.706;0.44;0.261;2.81;0.075;15;388;0.9966;3.312;0.411;10.506;6
4.962;0.468;0.306;11.01;0.108;44;437;0.99789;3.329;0.64;10.321;6
4.352;0.355;0.359;6.89;0.101;36;311;0.99734;3.333;0.473;10.873;6
7.942;0.338;0.42;4.74;0.098;21;337;0.99573;3.353;0.545;11.188;6
3.172;0.147;0.135;3.28;0.092;43;423;0.99618;3.36;0.506;10.703;7
10.037;0.455;0.21;2.38;0.098;36;303;0.9952;3.326;0.43;10.22;7
6.075;0.284;0.147;3.59;0.077;18;96;0.99684;3.329;0.554;10.682;6
8.798;0.424;0.294;4.08;0.07;30;121;0.99517;3.339;0.429;11.684;7
8.525;0.369;0.205;2.73;0.076;24;32;0.99822;3.346;0.477;9.232;6
4.366;0.39;0.311;5.57;0.103;15;281;0.99551;3.353;0.379;10.169;6
5.417;0.366;0.282;8.13;0.091;22;151;0.99638;3.319;0.299;10.256;5
9.43;0.233;0.41;3.56;0.106;17;421;0.99821;3.295;0.579;9.303;6
7.024;0.64;0.273;3.68;0.072;32;19;0.99493;3.326;0.597;10.346;7
6.169;0.252;0.221;4.55;0.079;15;131;0.99666;3.317;0.488;10.543;6
7.267;0.395;0.234;17.55;0.081;34;240;0.99815;3.335;0.326;9.531;6
8.001;0.321;0.265;14.08;0.085;36;238;0.99702;3.341;0.359;10.506;6
8.799;0.362;0.326;2.44;0.077;42;55;0.99653;3.338;0.524;10.034;7
7.136;0.521;0.267;3.53;0.11;14;90;0.99667;3.333;0.349;10.638;6
6.373;0.202;0.22;42.51;0.086;8;214;0.99739;3.337;0.786;10.78;6
6.876;0.371;0.181;3.82;0.029;7;266;0.99195;3.32;0.389;10.43;7
8.303;0.397;0.366;19.19;0.063;8;18;0.99691;3.332;0.471;10.629;6
8.778;0.398;0.258;6.48;0.087;18;218;0.9967;3.33;0.619;9.536;6
6.658;0.443;0.199;12.15;0.088;21;275;1.00104;3.313;0.573;10.919;6
10.123;0.286;0.309;3.78;0.079;37;222;0.99364;3.316;0.572;10.538;7
5.841;0.215;0.348;4.87;0.076;24;233;0.99939;3.352;0.578;10.329;5
8.212;0.233;0.526;6.69;0.109;10;84;0.99636;3.329;0.609;10.511;6
10.618;0.297;0.512;4.57;0.058;13;291;0.99545;3.325;0.546;12.329;8
8.121;0.485;0.2;4.47;0.101;24;395;0.99781;3.348;0.435;10.595;5
7.853;0.375;0.286;14.16;0.098;24;307;0.99664;3.306;0.495;10.522;6
5.949;0.534;0.136;4.2;0.1;14;185;0.9943;3.365;0.532;10.325;5
5.481;0.412;0.107;12.87;0.129;22;389;0.99809;3.348;0.524;10.348;4
6.986;0.393;0.146;3.38;0.062;22;213;0.99787;3.36;0.614;10.724;7
5.793;0.468;0.334;3.87;0.078;43;361;0.99619;3.324;0.508;9.903;5
6.485;0.215;0.293;7.73;0.09;16;173;0.99849;3.297;0.591;10.27;7
5.62;0.411;0.202;6.55;0.088;36;404;0.99666;3.31;0.482;11.452;6
4.839;0.315;0.205;9.44;0.1;4;222;0.99903;3.371;0.4;9.893;5
7.4;0.358;0.252;4.74;0.07;30;193;0.99825;3.361;0.422;9.767;6
8.025;0.623;0.243;4.55;0.075;27;434;0.9973;3.349;0.474;10.652;5
4.956;0.26;0.451;3.58;0.114;35;314;1.00047;3.346;0.356;11.251;5
7.313;0.36;0.163;2.48;0.09;32;325;0.99628;3.32;0.454;11.365;7
3.711;0.447;0.234;3.68;0.101;9;167;0.9948;3.331;0.513;9.826;6
5.912;0.406;0.325;10.01;0.1;45;197;0.99875;3.339;0.438;11.654;5
12.358;0.371;0.37;4.44;0.116;24;333;0.99351;3.322;0.391;10.572;6
6.2;0.362;0.07;5.27;0.084;7;193;0.99777;3.354;0.34;9.458;5
6.388;0.586;0.326;12.05;0.089;25;16;0.99645;3.344;0.398;10.685;6
6.905;0.151;0.223;2.98;0.045;40;23;0.99197;3.302;0.424;10.975;6
5.96;0.252;0.286;5.83;0.071;4;237;0.99308;3.305;0.675;11.343;7
4.482;0.525;0.167;3.44;0.087;11;273;1.00098;3.36;0.645;10.479;6
5.663;0.488;0.335;10.86;0.102;11;133;0.9964;3.325;0.637;10.584;6
6.246;0.32;0.595;2.55;0.069;20;205;0.99267;3.339;0.451;10.433;5
9.189;0.289;0.412;3.81;0.054;10;99;0.99479;3.307;0.401;11.037;6
4.219;0.375;0.267;3.52;0.067;9;146;0.99631;3.338;0.413;9.959;5
7.294;0.659;0.133;3.83;0.041;3;367;0.99879;3.345;0.356;10.43;5
10.008;0.388;0.44;3.45;0.053;40;181;0.99274;3.291;0.536;11.158;5
4.002;0.287;0.419;21.66;0.08;29;216;0.99688;3.335;0.412;10.353;6
7.605;0.419;0.195;4.08;0.093;16;15;0.99693;3.338;0.573;10.956;7
4.904;0.311;0.411;4.25;0.11;18;60;0.99608;3.305;0.409;11.38;7
7.506;0.542;0.133;2.56;0.086;37;79;0.99901;3.365;0.505;9.837;6
8.873;0.421;0.182;2.64;0.067;41;103;0.99652;3.33;0.206;10.163;6
6.855;0.514;0.321;3.17;0.086;25;423;0.99274;3.365;0.457;11.17;6
7.859;0.38;0.198;2.72;0.071;16;342;0.99615;3.291;0.498;10.622;7
6.014;0.586;0.386;6.55;0.102;22;232;0.99528;3.296;0.499;10.826;6
6.573;0.457;0.416;3.41;0.108;33;437;0.99688;3.332;0.417;10.047;5
8.461;0.416;0.313;3.62;0.049;20;420;0.99774;3.348;0.491;10.758;6
6.652;0.284;0.357;4.26;0.076;37;241;0.99219;3.335;0.498;10.208;5
6.49;0.352;0.454;2.99;0.125;14;330;0.99693;3.337;0.494;10.736;6
7.976;0.404;0.38;2.68;0.103;18;376;0.99677;3.304;0.649;11.178;6
8.228;0.33;0.441;3.28;0.077;43;174;0.99444;3.325;0.465;10.602;5
3.912;0.661;0.421;5.27;0.023;7;376;0.99346;3.352;0.56;10.175;5
6.93;0.387;0.208;4.34;0.096;23;9;0.99939;3.348;0.632;11.093;5
6.612;0.282;0.547;3.06;0.085;44;406;0.99798;3.314;0.618;11.432;5
8.113;0.465;0.444;16.42;0.076;34;52;0.99335;3.311;0.565;11.637;5
7.959;0.35;0.309;5.91;0.101;27;438;0.99576;3.337;0.534;11.638;4
7.751;0.411;0.406;7.39;0.085;6;249;0.99489;3.357;0.636;10.696;6
8.447;0.389;0.33;15.59;0.095;30;253;0.99652;3.354;0.621;10.171;6
4.83;0.34;0.308;2.99;0.08;44;104;0.99496;3.341;0.423;9.797;6
6.365;0.523;0.219;9.34;0.078;26;102;0.99801;3.308;0.489;10.804;5
5.395;0.399;0.27;5.45;0.09;45;393;0.9972;3.332;0.646;10.703;5
7.217;0.486;0.29;5.6;0.073;8;149;0.99847;3.318;0.548;9.948;6
7.027;0.353;0.415;2.52;0.057;36;158;0.99677;3.317;0.38;11.181;6
6.564;0.245;0.356;3.11;0.056;28;374;1.00007;3.251;0.512;10.645;5
4.934;0.271;0.342;4.65;0.088;35;433;0.99499;3.364;0.569;10.098;6
7.404;0.31;0.326;4.51;0.061;33;248;0.99785;3.297;0.569;11.134;8
6.45;0.361;0.44;15.73;0.062;29;122;0.99804;3.327;0.512;9.774;5
7.74;0.393;0.079;3.76;0.067;16;214;0.9968;3.326;0.482;10.342;6
7.081;0.415;0.249;5.43;0.091;21;255;0.99729;3.324;0.486;11.068;7
7.57;0.302;0.364;3.9;0.044;42;225;0.9971;3.32;0.354;10.269;5
6.879;0.423;0.259;2.66;0.033;43;304;0.99451;3.323;0.538;10.482;6
4.691;0.246;0.392;3.83;0.082;36;360;0.99614;3.305;0.548;10.565;5
7.246;0.294;0.488;4.94;0.073;40;257;0.99819;3.345;0.444;10.687;5
4.966;0.638;0.394;18.86;0.11;32;86;0.99243;3.311;0.425;10.874;6
8.242;0.515;0.171;11.94;0.075;45;158;1.00018;3.3;0.426;11.349;6
8.584;0.365;0.277;3.49;0.053;10;291;0.99445;3.306;0.453;10.286;7
6.827;0.567;0.202;3.02;0.086;37;221;0.99832;3.344;0.674;10.125;5
7.887;0.514;0.372;4.58;0.085;42;75;0.99427;3.332;0.522;10.343;6
4.164;0.502;0.385;3.45;0.091;33;300;0.99878;3.294;0.532;10.187;6
4.132;0.515;0.308;38.55;0.085;37;216;0.99504;3.303;0.517;9.879;7
6.127;0.36;0.363;8.54;0.124;6;267;0.99735;3.323;0.512;10.138;5
6.534;0.374;0.294;4.51;0.073;9;372;0.99714;3.303;0.487;10.319;5
4.026;0.328;0.468;3.5;0.092;15;190;0.99762;3.348;0.307;10.545;5
7.276;0.435;0.336;2.85;0.078;43;331;0.99759;3.329;0.615;10.81;6
6.476;0.296;0.3;4.41;0.051;43;153;0.99745;3.376;0.537;10.417;5
8.493;0.309;0.394;2.17;0.052;44;294;0.99577;3.302;0.576;11.633;6
9.382;0.421;0.424;3.77;0.06;42;239;0.99924;3.333;0.559;10.296;7
7.538;0.356;0.359;3.64;0.077;39;85;0.99655;3.388;0.59;10.499;6
6.783;0.404;0.327;15.52;0.053;7;233;0.9965;3.335;0.469;10.453;5
7.772;0.54;0.348;2.41;0.104;9;260;0.9975;3.321;0.595;12.327;7
7.471;0.299;0.35;9.0;0.079;26;11;0.99561;3.36;0.749;10.912;6
6.197;0.495;0.401;3.86;0.055;18;311;0.99556;3.349;0.678;11.147;5
8.552;0.328;0.268;8.12;0.066;31;170;0.99734;3.33;0.526;10.573;7
8.335;0.287;0.264;3.22;0.08;18;387;0.99693;3.345;0.352;11.254;6
7.111;0.387;0.313;6.13;0.064;35;300;0.99625;3.359;0.266;10.677;6
4.968;0.53;0.317;8.54;0.064;17;18;0.99687;3.342;0.422;9.588;6
13.004;0.289;0.297;42.53;0.051;25;124;0.99693;3.311;0.58;10.657;7
7.879;0.322;0.202;3.14;0.08;22;80;0.99834;3.35;0.455;10.622;5
8.043;0.35;0.274;4.34;0.116;5;261;0.99435;3.343;0.535;10.803;5
8.996;0.333;0.248;4.4;0.026;33;36;0.99575;3.351;0.545;10.235;6
8.459;0.399;0.377;3.43;0.071;45;38;0.99665;3.329;0.602;11.239;6
6.707;0.335;0.245;4.43;0.083;30;122;0.99772;3.331;0.623;9.676;6
7.477;0.378;0.258;4.76;0.065;7;127;0.99882;3.333;0.531;10.911;6
5.595;0.421;0.492;3.87;0.124;39;146;0.99783;3.332;0.468;11.191;7
7.178;0.374;0.326;2.43;0.087;15;345;0.99658;3.305;0.457;10.814;5
5.008;0.489;0.238;5.56;0.043;17;194;0.99474;3.336;0.434;10.037;4
6.715;0.35;0.396;2.57;0.089;42;258;0.99826;3.383;0.768;9.875;5
7.366;0.322;0.266;4.45;0.057;35;244;0.99582;3.324;0.592;11.073;6
4.73;0.587;0.239;9.85;0.094;4;190;0.99491;3.305;0.586;10.666;7
9.66;0.537;0.376;2.69;0.079;18;138;0.99854;3.359;0.371;9.78;6
5.817;0.371;0.202;4.34;0.099;8;375;0.99518;3.335;0.399;11.085;7
8.975;0.446;0.331;5.32;0.056;32;63;0.99565;3.331;0.546;10.959;7
5.816;0.433;0.354;4.56;0.088;30;54;0.99758;3.316;0.561;9.921;5
7.184;0.342;0.378;3.64;0.113;32;228;0.99252;3.308;0.568;10.531;6
5.984;0.453;0.265;4.74;0.074;42;43;1.002;3.346;0.656;10.176;6
10.854;0.402;0.282;7.54;0.056;26;427;0.99941;3.345;0.577;11.597;6
8.706;0.502;0.319;2.92;0.07;41;106;1.00048;3.316;0.495;10.092;6
9.076;0.219;0.412;4.25;0.086;37;136;0.99707;3.353;0.483;10.706;5
7.112;0.504;0.107;7.76;0.077;5;186;0.9979;3.361;0.558;10.635;6
8.679;0.372;0.423;3.43;0.083;43;35;0.99821;3.321;0.652;10.581;5
7.963;0.284;0.376;2.75;0.097;14;364;0.99648;3.301;0.669;11.455;8
6.696;0.338;0.449;8.07;0.061;9;286;0.99746;3.319;0.578;9.712;6
7.746;0.347;0.206;7.63;0.048;16;144;0.99611;3.308;0.723;11.272;5
6.718;0.271;0.406;9.45;0.063;30;37;0.99555;3.294;0.446;10.565;5
5.855;0.363;0.198;4.66;0.051;35;14;1.00011;3.3;0.519;10.78;4
5.001;0.462;0.345;3.36;0.063;44;161;0.99803;3.334;0.434;10.511;7
6.585;0.23;0.281;15.52;0.073;8;260;0.99714;3.34;0.486;11.221;7
7.511;0.36;0.07;12.09;0.046;43;147;0.99603;3.322;0.678;11.097;6
5.396;0.184;0.275;8.31;0.084;3;95;1.00204;3.34;0.36;10.279;5
7.285;0.334;0.346;3.6;0.078;11;435;0.99633;3.367;0.491;10.869;6
7.184;0.407;0.415;5.06;0.043;14;69;0.99265;3.327;0.502;11.508;7
5.427;0.382;0.254;3.06;0.069;10;182;0.99791;3.351;0.524;9.819;7
5.443;0.398;0.196;2.89;0.046;3;367;0.99257;3.362;0.564;11.369;5
4.935;0.311;0.344;4.98;0.095;39;24;1.00023;3.322;0.397;9.887;6
6.62;0.439;0.285;5.8;0.071;8;329;0.99567;3.346;0.453;10.459;7
6.3;0.306;0.404;6.9;0.088;32;120;0.99713;3.304;0.43;10.865;5
7.784;0.507;0.42;5.02;0.109;35;34;0.9976;3.353;0.375;10.632;5
4.596;0.438;0.261;25.65;0.095;18;191;0.99699;3.322;0.467;9.914;6
4.384;0.332;0.314;2.96;0.074;5;106;0.99395;3.343;0.453;10.577;7
7.352;0.557;0.224;12.9;0.086;22;439;0.99839;3.317;0.433;9.522;5
6.698;0.33;0.139;3.77;0.065;8;227;0.99713;3.309;0.41;11.378;7
6.373;0.504;0.299;9.32;0.078;21;414;0.99562;3.354;0.353;10.864;5
10.873;0.385;0.395;3.03;0.11;4;403;0.99817;3.316;0.389;10.506;6
8.883;0.392;0.409;29.97;0.066;9;356;0.99833;3.326;0.375;10.587;6
6.903;0.521;0.278;14.48;0.079;43;37;0.99576;3.366;0.376;9.86;5
8.455;0.423;0.497;2.5;0.08;26;316;0.99683;3.342;0.362;10.952;7
6.76;0.399;0.251;12.9;0.085;42;181;0.99399;3.327;0.375;10.465;5
8.608;0.362;0.325;5.32;0.089;25;266;0.99144;3.337;0.678;10.6;6
5.858;0.415;0.255;9.16;0.054;17;427;0.9988;3.349;0.368;10.417;6
6.138;0.386;0.282;4.74;0.065;31;117;0.99675;3.324;0.562;10.282;8
6.655;0.338;0.304;4.38;0.072;15;236;0.99904;3.333;0.797;10.967;6
9.531;0.269;0.263;2.64;0.08;45;403;0.99708;3.333;0.635;10.688;5
9.716;0.105;0.297;3.68;0.085;24;268;0.99715;3.329;0.577;11.203;7
6.536;0.356;0.361;4.69;0.081;8;126;0.99736;3.34;0.485;10.552;6
8.812;0.354;0.334;2.47;0.076;34;33;0.99795;3.357;0.722;10.432;6
7.058;0.494;0.23;2.97;0.056;5;125;0.99795;3.324;0.505;10.532;6
8.879;0.415;0.379;4.79;0.051;17;38;0.99446;3.358;0.525;10.628;6
6.867;0.485;0.253;6.45;0.05;38;321;0.99752;3.338;0.345;12.175;7
8.344;0.559;0.36;3.71;0.092;35;151;0.9928;3.32;0.527;10.684;6
6.847;0.373;0.325;14.24;0.107;21;220;0.99748;3.327;0.554;10.475;6
7.814;0.251;0.184;3.61;0.052;36;262;1.00021;3.33;0.365;10.558;7
6.518;0.484;0.201;7.36;0.051;24;34;1.00137;3.356;0.514;10.777;4
7.065;0.331;0.401;13.2;0.069;28;330;1.00008;3.371;0.544;10.032;6
5.946;0.367;0.248;3.21;0.081;25;203;0.99583;3.329;0.529;10.875;6
4.766;0.539;0.244;11.51;0.066;32;123;0.99844;3.327;0.368;10.905;5
9.49;0.437;0.278;4.42;0.07;16;315;0.99515;3.302;0.463;10.342;6
5.673;0.524;0.298;3.14;0.093;17;321;0.99952;3.32;0.609;10.387;5
3.245;0.295;0.326;17.46;0.089;9;9;0.9975;3.332;0.535;10.751;5
3.82;0.384;0.293;18.01;0.066;19;389;0.99569;3.341;0.372;10.188;6
2.197;0.527;0.447;4.03;0.054;19;276;0.99832;3.328;0.505;9.341;6
6.184;0.253;0.266;10.79;0.072;44;376;0.99901;3.341;0.319;10.643;6
9.165;0.395;0.282;10.06;0.095;14;345;0.99387;3.314;0.565;10.523;7
5.121;0.406;0.319;4.76;0.039;18;331;0.99606;3.313;0.643;11.1;6
7.239;0.126;0.362;31.13;0.101;17;26;0.99685;3.343;0.751;10.961;6
4.274;0.547;0.453;4.51;0.079;34;269;0.99755;3.345;0.449;10.456;5
8.087;0.333;0.521;3.41;0.108;16;406;0.99578;3.332;0.481;10.686;5
6.747;0.402;0.254;4.93;0.067;40;290;0.99745;3.368;0.464;9.322;5
7.259;0.56;0.293;4.54;0.061;29;218;0.99576;3.312;0.406;10.618;7
9.112;0.199;0.385;3.79;0.048;32;245;0.99864;3.331;0.413;10.519;7
8.188;0.478;0.259;4.11;0.087;3;83;0.99863;3.324;0.515;9.642;5
8.468;0.34;0.399;2.69;0.078;18;403;1.00011;3.349;0.439;10.328;6
6.515;0.375;0.23;7.46;0.069;18;27;0.99534;3.335;0.499;10.132;8
5.337;0.293;0.409;2.67;0.076;38;288;0.99528;3.319;0.453;11.112;6
5.301;0.529;0.102;11.24;0.085;38;18;0.99761;3.325;0.434;10.464;6
4.278;0.28;0.36;8.01;0.061;45;326;0.99946;3.358;0.389;11.097;5
9.621;0.42;0.382;3.89;0.094;43;433;0.99748;3.331;0.454;10.541;8
6.872;0.433;0.56;3.9;0.043;44;375;0.99632;3.311;0.6;10.14;8
6.142;0.417;0.189;3.43;0.072;12;167;0.99447;3.315;0.603;9.538;5
7.093;0.365;0.376;4.88;0.083;45;393;0.9964;3.358;0.692;10.451;5
10.959;0.316;0.421;20.57;0.064;42;335;0.99665;3.343;0.368;10.916;8
6.019;0.494;0.22;6.08;0.08;42;278;0.99933;3.354;0.368;9.873;5
8.623;0.433;0.339;3.83;0.045;30;406;0.99426;3.345;0.579;11.96;5
6.752;0.404;0.209;20.63;0.073;20;234;0.99859;3.344;0.537;10.453;5
7.182;0.259;0.222;3.88;0.072;44;135;0.99738;3.319;0.441;11.011;5
3.849;0.416;0.157;3.98;0.05;42;126;1.0016;3.319;0.553;9.787;6
8.241;0.441;0.293;30.29;0.087;8;161;0.99938;3.344;0.502;9.583;4
6.134;0.373;0.225;7.89;0.05;38;220;0.99377;3.324;0.354;10.804;7
5.665;0.555;0.091;12.35;0.063;40;166;0.99644;3.352;0.526;9.618;5
7.745;0.177;0.361;7.6;0.047;41;384;0.99624;3.324;0.535;10.542;6
6.901;0.643;0.143;7.13;0.08;41;174;0.99584;3.335;0.496;11.219;5
8.857;0.357;0.393;7.99;0.058;19;403;0.99579;3.344;0.536;9.94;7
6.796;0.24;0.37;8.53;0.082;35;425;0.99361;3.32;0.354;11.998;9
6.986;0.22;0.227;32.41;0.093;4;297;0.99629;3.388;0.578;11.411;5
7.389;0.472;0.164;2.84;0.068;39;301;0.99527;3.357;0.504;10.6;7
7.206;0.435;0.236;2.23;0.085;34;373;0.99629;3.321;0.637;10.773;6
8.157;0.356;0.194;4.15;0.109;39;282;0.99583;3.329;0.531;11.117;8
7.022;0.364;0.295;2.6;0.04;33;374;0.99701;3.35;0.542;11.285;8
8.396;0.415;0.267;5.42;0.043;32;335;0.99735;3.381;0.415;10.239;6
5.266;0.371;0.525;2.81;0.114;13;284;0.99756;3.313;0.354;9.64;6
4.783;0.506;0.109;5.01;0.059;32;326;0.99668;3.33;0.529;10.715;7
6.478;0.466;0.241;11.37;0.135;26;35;0.99468;3.303;0.39;10.332;5
8.468;0.382;0.36;3.68;0.094;4;238;0.99674;3.34;0.53;9.643;5
6.549;0.209;0.427;3.32;0.028;3;40;0.99921;3.321;0.493;10.65;5
5.295;0.554;0.413;8.72;0.097;12;127;0.99755;3.347;0.261;10.442;6
5.919;0.36;0.198;3.3;0.076;5;432;0.99752;3.359;0.519;10.571;3
6.202;0.323;0.352;4.65;0.084;5;105;0.99874;3.322;0.555;9.894;6
6.236;0.534;0.018;4.48;0.095;3;405;0.99746;3.326;0.398;10.397;6
7.38;0.437;0.291;2.74;0.064;26;164;0.99582;3.336;0.396;10.584;7
3.669;0.218;0.364;9.9;0.074;30;111;0.99706;3.333;0.494;10.236;7
8.284;0.254;0.349;2.9;0.084;7;222;0.99577;3.333;0.42;10.4;6
7.869;0.344;0.181;9.55;0.042;38;262;0.9949;3.303;0.49;9.823;6
5.954;0.251;0.243;6.32;0.069;23;179;0.99677;3.288;0.376;11.331;7
8.686;0.381;0.096;2.92;0.083;44;255;0.99622;3.332;0.431;10.091;5
7.047;0.671;0.22;3.99;0.08;3;107;0.99527;3.372;0.438;10.114;5
9.85;0.654;0.211;9.22;0.074;4;395;0.99671;3.352;0.474;11.731;5
5.192;0.385;0.337;4.13;0.076;14;439;0.99822;3.382;0.623;10.373;6
8.963;0.482;0.225;32.24;0.04;3;254;0.99698;3.356;0.404;8.963;6
7.781;0.446;0.402;3.0;0.054;41;433;0.99526;3.314;0.353;11.633;6
4.271;0.364;0.314;12.31;0.036;13;300;1.00043;3.294;0.384;10.165;6
7.678;0.254;0.267;2.49;0.085;26;23;0.99755;3.343;0.391;10.443;5
7.062;0.473;0.506;4.19;0.092;15;170;0.99553;3.31;0.553;10.866;6
5.77;0.358;0.438;10.36;0.078;6;102;0.99865;3.317;0.638;11.017;7
6.739;0.429;0.189;2.37;0.036;41;39;0.99991;3.302;0.499;10.228;5
4.466;0.445;0.46;5.84;0.067;15;201;0.9942;3.301;0.61;11.271;7
7.739;0.308;0.385;2.88;0.092;45;327;0.99482;3.347;0.412;10.92;8
6.885;0.546;0.452;2.69;0.084;13;259;0.99623;3.315;0.588;10.593;5
6.443;0.399;0.352;3.31;0.092;42;268;0.99836;3.328;0.482;10.76;5
8.145;0.444;0.105;3.59;0.098;20;393;0.99536;3.353;0.46;10.122;4
6.667;0.357;0.263;3.68;0.057;22;126;0.9998;3.359;0.431;11.051;6
6.237;0.449;0.087;3.5;0.08;9;30;0.99728;3.304;0.482;11.226;5
5.423;0.495;0.171;3.13;0.084;14;231;1.00053;3.37;0.59;11.018;6
6.893;0.33;0.247;2.17;0.057;42;105;0.9972;3.328;0.454;10.368;6
8.989;0.426;0.457;14.01;0.062;16;104;0.99759;3.315;0.551;10.359;7
5.979;0.349;0.312;29.19;0.075;22;170;0.99881;3.34;0.465;10.743;5
4.776;0.291;0.307;6.63;0.119;6;35;0.99672;3.305;0.43;10.123;6
8.377;0.35;0.389;4.1;0.097;7;249;0.99464;3.319;0.496;10.151;5
7.668;0.423;0.25;2.99;0.074;19;67;0.9959;3.321;0.307;11.493;7
7.113;0.435;0.429;5.82;0.077;45;361;0.99373;3.319;0.522;10.96;5
10.694;0.466;0.364;5.83;0.041;37;182;0.99382;3.304;0.547;11.148;6
5.574;0.305;0.235;3.08;0.076;15;143;0.99652;3.333;0.376;11.016;7
7.596;0.343;0.272;4.34;0.095;42;224;0.99748;3.325;0.483;11.254;6
4.915;0.374;0.31;8.29;0.066;39;100;0.99834;3.311;0.521;11.424;5
6.396;0.454;0.367;5.88;0.088;11;322;0.9998;3.32;0.378;10.171;6
8.588;0.344;0.483;4.68;0.1;36;50;0.99498;3.313;0.519;10.782;6
9.362;0.261;0.315;5.24;0.066;34;138;0.99358;3.304;0.592;11.148;6
5.28;0.226;0.298;3.3;0.046;6;323;0.99971;3.352;0.57;9.653;5
8.792;0.48;0.514;4.66;0.071;29;352;0.99675;3.333;0.521;11.703;5
8.472;0.479;0.64;5.06;0.072;13;411;0.9969;3.302;0.669;10.298;6
6.385;0.336;0.473;3.28;0.133;11;335;0.99445;3.328;0.576;10.2;6
11.019;0.515;0.353;4.49;0.072;15;279;0.9944;3.298;0.448;11.034;6
7.107;0.375;0.284;9.5;0.074;34;351;0.99829;3.338;0.508;11.065;6
5.675;0.433;0.379;10.62;0.097;34;182;0.99561;3.34;0.653;10.623;5
7.642;0.511;0.346;2.27;0.062;14;338;0.99938;3.326;0.554;10.337;6
5.086;0.307;0.269;2.61;0.066;10;19;0.99433;3.318;0.505;11.219;7
9.256;0.308;0.448;10.24;0.074;32;22;0.99959;3.338;0.583;12.093;5
8.07;0.226;0.548;6.46;0.075;39;343;0.99467;3.338;0.501;11.116;6
6.201;0.425;0.224;6.53;0.086;6;162;0.99408;3.36;0.427;10.064;4
7.973;0.427;0.241;2.63;0.08;11;323;0.99631;3.327;0.438;10.845;5
7.605;0.479;0.259;5.04;0.032;7;133;0.99574;3.352;0.455;10.48;7
9.352;0.464;0.174;7.27;0.102;37;66;0.99579;3.374;0.29;10.336;5
5.699;0.413;0.378;6.47;0.07;45;78;0.99837;3.311;0.445;10.259;5
5.225;0.498;0.178;3.3;0.09;41;225;0.99841;3.312;0.408;11.908;8
4.383;0.27;0.393;3.52;0.077;31;175;0.99429;3.297;0.467;10.668;7
6.791;0.416;0.362;5.94;0.088;37;188;0.99845;3.315;0.461;10.732;5
5.349;0.413;0.413;5.44;0.099;22;114;0.99923;3.318;0.549;11.445;5
7.646;0.338;0.206;13.36;0.068;14;234;0.99874;3.322;0.51;11.843;8
8.01;0.542;0.346;2.25;0.066;32;37;0.99637;3.289;0.478;10.787;6
6.636;0.419;0.353;3.49;0.083;35;345;0.99586;3.323;0.51;11.665;5
6.198;0.499;0.424;12.64;0.072;26;165;0.99646;3.313;0.537;11.344;6
8.107;0.5;0.327;2.82;0.116;3;412;0.99809;3.36;0.417;9.897;4
6.982;0.357;0.269;5.16;0.071;31;150;0.99504;3.304;0.447;10.154;6
7.438;0.576;0.431;15.16;0.065;7;352;0.9939;3.334;0.487;10.908;6
8.272;0.501;0.447;2.95;0.117;22;270;0.99743;3.359;0.519;11.063;6
4.673;0.406;0.43;6.02;0.066;41;320;0.9979;3.346;0.519;9.676;5
5.401;0.385;0.231;24.14;0.094;12;20;0.99734;3.341;0.322;10.722;6
10.238;0.296;0.352;2.72;0.068;6;280;0.99472;3.31;0.412;10.598;5
5.774;0.411;0.186;2.33;0.097;16;170;0.99439;3.325;0.42;9.934;4
6.09;0.338;0.322;10.75;0.105;45;193;0.9957;3.286;0.348;11.337;8
6.581;0.409;0.387;3.67;0.105;5;206;0.99776;3.36;0.483;10.361;6
6.179;0.343;0.175;4.66;0.07;7;118;0.99884;3.331;0.574;9.593;6
5.139;0.447;0.584;5.04;0.089;41;145;0.996;3.339;0.395;11.599;5
6.694;0.366;0.447;12.62;0.1;22;336;0.99374;3.333;0.435;11.086;6
6.862;0.232;0.236;4.06;0.081;34;317;0.99478;3.362;0.593;10.564;7
6.49;0.355;0.24;10.17;0.118;25;390;0.99623;3.331;0.422;10.287;4
6.809;0.334;0.269;8.4;0.115;40;407;0.99898;3.355;0.429;9.768;5
3.26;0.308;0.252;4.78;0.119;12;239;0.99444;3.329;0.46;10.205;5
3.728;0.405;0.152;10.72;0.085;41;219;0.99662;3.375;0.444;9.65;5
8.787;0.452;0.328;5.89;0.082;17;236;0.99492;3.311;0.56;11.241;6
5.097;0.324;0.113;4.54;0.062;12;318;0.99778;3.325;0.486;10.778;4
9.123;0.17;0.269;74.5;0.058;45;424;0.99599;3.312;0.377;10.68;7
8.06;0.345;0.516;2.33;0.086;20;204;0.99448;3.274;0.576;10.828;6
4.919;0.688;0.307;2.81;0.064;24;213;0.99866;3.309;0.507;10.906;7
8.864;0.283;0.321;2.93;0.073;32;421;0.99847;3.307;0.664;11.003;8
6.331;0.382;0.501;3.78;0.052;7;196;0.99812;3.306;0.573;11.196;6
7.557;0.337;0.354;5.37;0.063;45;197;0.99782;3.323;0.443;9.811;5
9.797;0.431;0.418;4.2;0.048;20;171;0.99771;3.304;0.634;12.495;6
10.282;0.521;0.269;34.21;0.083;20;89;0.99773;3.305;0.469;10.869;6
6.73;0.377;0.416;3.61;0.065;31;39;0.99737;3.351;0.44;10.769;7
7.999;0.505;0.283;2.87;0.081;26;228;0.99367;3.3;0.489;10.662;5
6.992;0.295;0.384;4.84;0.093;13;303;0.99768;3.318;0.472;10.989;5
7.712;0.424;0.361;3.75;0.074;20;152;0.99831;3.322;0.435;11.454;7
2.71;0.283;0.461;3.65;0.082;44;96;0.99641;3.349;0.479;10.01;6
7.44;0.365;0.453;9.54;0.118;28;366;0.99796;3.315;0.452;11.338;6
7.135;0.336;0.302;5.91;0.091;34;193;0.99727;3.321;0.41;10.713;6
7.626;0.412;0.209;11.38;0.11;27;58;0.99479;3.319;0.667;9.802;6
5.577;0.287;0.272;2.88;0.11;28;369;0.99933;3.355;0.342;9.98;6
8.211;0.409;0.248;7.37;0.096;42;244;0.99527;3.356;0.603;10.88;6
8.443;0.404;0.46;4.83;0.09;23;44;0.99788;3.329;0.51;10.522;6
6.878;0.338;0.262;3.42;0.048;31;205;0.99499;3.316;0.358;11.106;6
5.89;0.337;0.058;2.51;0.093;24;219;0.99512;3.347;0.395;10.084;5
5.613;0.302;0.318;4.55;0.064;38;377;0.99864;3.376;0.279;9.805;5
6.828;0.362;0.381;2.79;0.054;40;124;0.99599;3.323;0.405;10.326;6
8.793;0.423;0.228;8.03;0.077;33;398;0.99604;3.335;0.607;11.484;6
10.056;0.337;0.422;6.54;0.096;19;375;0.99555;3.294;0.253;10.601;6
6.561;0.393;0.194;6.65;0.089;8;252;0.99731;3.323;0.553;10.566;5
6.446;0.482;0.371;58.31;0.088;3;116;0.99947;3.332;0.512;11.572;6
6.042;0.347;0.307;12.9;0.093;6;10;0.9962;3.332;0.373;10.239;6
8.343;0.419;0.343;2.31;0.095;11;383;0.99747;3.313;0.428;9.108;6
6.888;0.487;0.34;7.25;0.06;42;324;0.9967;3.329;0.599;10.024;7
7.596;0.432;0.255;5.47;0.056;11;30;1.00018;3.318;0.433;11.24;7
6.894;0.457;0.363;5.48;0.085;37;173;0.99802;3.352;0.473;10.668;7
7.572;0.393;0.267;3.61;0.099;19;247;0.99536;3.306;0.395;11.559;7
7.322;0.56;0.347;9.46;0.075;25;140;0.99551;3.318;0.465;12.0;5
5.818;0.367;0.468;2.13;0.062;20;403;1.00001;3.345;0.523;10.539;7
6.186;0.345;0.227;2.65;0.067;17;153;0.99717;3.351;0.558;10.234;4
6.77;0.462;0.306;7.37;0.072;30;319;1.00121;3.342;0.345;11.402;5
6.912;0.577;0.447;5.38;0.07;29;111;0.99576;3.364;0.541;10.439;6
6.02;0.547;0.422;9.43;0.06;6;428;0.99888;3.346;0.576;10.889;5
5.992;0.407;0.231;3.83;0.113;35;38;0.99691;3.349;0.425;10.004;5
9.476;0.45;0.274;3.54;0.079;43;84;0.99669;3.357;0.567;11.313;6
7.186;0.403;0.404;8.42;0.041;3;320;0.99676;3.299;0.437;11.698;6
7.154;0.401;0.244;5.29;0.083;16;88;0.9989;3.347;0.545;10.792;7
6.35;0.46;0.315;2.42;0.09;24;176;0.99688;3.295;0.505;10.777;6
5.669;0.453;0.176;9.64;0.096;8;173;0.99796;3.315;0.476;11.505;6
4.633;0.409;0.371;2.85;0.059;8;67;0.99595;3.333;0.571;11.429;6
5.638;0.584;0.132;9.17;0.045;13;296;0.99656;3.34;0.563;10.693;6
5.632;0.357;0.321;5.38;0.125;17;94;0.99833;3.36;0.506;10.219;5
8.55;0.514;0.398;7.15;0.051;6;416;0.99844;3.327;0.488;10.139;7
5.495;0.592;0.254;10.31;0.05;15;326;0.99712;3.36;0.584;10.491;6
5.635;0.63;0.128;2.92;0.087;30;308;1.00112;3.327;0.464;11.049;5
7.658;0.426;0.178;7.58;0.102;36;363;0.99575;3.334;0.718;10.033;5
6.225;0.393;0.1;4.58;0.102;38;354;0.995;3.328;0.229;10.9;7
8.091;0.211;0.508;4.09;0.06;13;239;0.99893;3.28;0.604;12.105;6
7.509;0.409;0.096;4.77;0.083;18;264;0.9985;3.331;0.607;9.678;5
4.668;0.63;0.189;3.59;0.063;24;397;0.99577;3.33;0.497;10.908;7
6.378;0.231;0.346;4.88;0.079;19;418;1.00017;3.317;0.314;11.885;7
5.331;0.243;0.308;5.58;0.067;33;246;0.99706;3.319;0.548;10.526;6
8.427;0.491;0.397;3.38;0.132;11;81;1.00244;3.323;0.479;10.125;6
5.807;0.49;0.405;10.98;0.108;35;358;0.99466;3.325;0.526;9.567;5
8.462;0.174;0.39;5.05;0.07;11;144;0.99515;3.306;0.65;11.539;6
9.719;0.37;0.32;2.83;0.074;45;238;0.99834;3.293;0.498;10.36;7
6.581;0.417;0.263;6.51;0.106;10;95;0.99965;3.33;0.472;10.605;6
7.822;0.206;0.325;6.83;0.06;10;249;0.99971;3.266;0.583;10.604;5
7.511;0.486;0.406;2.58;0.074;4;133;0.99624;3.292;0.442;10.944;6
7.038;0.237;0.393;5.76;0.067;25;110;0.99687;3.315;0.454;10.49;7
8.777;0.501;0.377;3.83;0.079;13;231;0.99816;3.336;0.511;10.611;6
8.675;0.387;0.168;5.63;0.11;31;280;0.99852;3.313;0.529;12.181;6
8.43;0.317;0.239;4.28;0.066;23;237;0.99633;3.298;0.584;11.56;5
7.182;0.221;0.251;6.18;0.053;35;305;0.99686;3.321;0.622;10.977;6
6.167;0.366;0.247;5.36;0.058;36;438;0.99423;3.304;0.503;9.831;5
6.59;0.373;0.213;2.23;0.065;16;382;0.99926;3.333;0.426;11.174;6
6.974;0.354;0.403;4.99;0.048;38;219;0.99495;3.352;0.714;11.266;6
3.691;0.366;0.382;6.98;0.059;17;162;0.99905;3.35;0.69;10.497;6
7.632;0.361;0.501;8.0;0.061;17;43;0.99761;3.306;0.598;10.693;7
7.945;0.483;0.254;12.51;0.09;36;278;0.99803;3.342;0.343;12.058;6
6.822;0.302;0.299;5.97;0.084;12;211;0.99672;3.356;0.331;10.408;6
5.375;0.402;0.288;13.39;0.077;29;137;0.99928;3.321;0.487;10.643;6
7.153;0.429;0.318;8.97;0.085;37;351;0.99837;3.341;0.353;10.965;5
6.712;0.409;0.207;3.65;0.083;43;425;0.99574;3.329;0.55;10.406;5
7.336;0.479;0.39;3.29;0.077;16;341;0.99715;3.338;0.526;11.434;6
9.108;0.561;0.095;12.96;0.063;7;95;0.99796;3.349;0.553;9.438;5
4.799;0.39;0.228;7.89;0.1;30;43;0.99606;3.325;0.478;10.579;5
7.289;0.417;0.116;2.41;0.079;35;234;0.99799;3.305;0.464;10.531;6
6.925;0.134;0.336;2.88;0.08;19;19;1.00025;3.392;0.349;9.306;5
6.658;0.37;0.158;11.69;0.074;44;242;1.00001;3.368;0.302;11.86;6
6.494;0.461;0.193;5.27;0.082;28;47;0.99674;3.36;0.648;10.541;6
5.509;0.275;0.313;2.42;0.077;13;301;0.99112;3.338;0.577;10.391;6
6.15;0.52;0.211;6.44;0.054;32;356;0.99869;3.334;0.311;10.182;6
7.913;0.201;0.337;10.05;0.067;18;300;0.99878;3.342;0.518;11.293;6
9.999;0.485;0.314;7.58;0.049;18;82;0.99629;3.307;0.483;11.189;6
6.432;0.32;0.526;4.61;0.017;3;335;0.99711;3.321;0.568;11.069;7
7.091;0.307;0.17;4.22;0.056;30;13;0.99656;3.348;0.525;10.673;6
7.234;0.358;0.213;3.54;0.133;27;277;0.99586;3.347;0.662;10.117;5
7.907;0.381;0.351;3.57;0.046;22;110;0.99908;3.333;0.356;11.65;5
7.637;0.273;0.339;5.69;0.074;23;238;0.99953;3.315;0.446;11.396;8
7.327;0.26;0.348;44.35;0.095;33;407;0.9978;3.364;0.624;10.484;6
7.856;0.35;0.27;47.56;0.077;6;193;0.99556;3.329;0.439;10.049;6
5.858;0.461;0.431;4.29;0.073;31;93;0.99363;3.306;0.607;10.606;5
7.055;0.427;0.35;2.55;0.058;4;349;0.99852;3.331;0.61;10.32;6
4.312;0.528;0.44;4.48;0.065;5;286;0.99864;3.322;0.465;11.482;6
3.657;0.347;0.158;4.02;0.067;8;211;1.00019;3.302;0.46;10.472;4
5.903;0.348;0.344;4.09;0.054;35;420;0.99655;3.301;0.581;10.627;7
5.211;0.337;0.309;2.45;0.073;33;230;0.99577;3.269;0.392;10.872;5
7.903;0.393;0.363;4.54;0.09;40;240;0.99583;3.291;0.303;11.912;6
8.883;0.413;0.24;3.36;0.094;22;436;0.99887;3.342;0.542;10.621;6
5.132;0.62;0.339;4.89;0.121;15;144;1.00204;3.345;0.329;9.449;6
6.719;0.46;0.179;2.51;0.091;20;148;0.99557;3.266;0.46;10.31;5
7.514;0.369;0.438;4.85;0.139;45;371;0.99565;3.3;0.62;10.763;8
7.485;0.488;0.405;2.73;0.077;18;270;0.9959;3.339;0.623;10.66;6
6.973;0.316;0.127;3.11;0.058;20;169;0.99879;3.3;0.671;10.967;5
6.892;0.278;0.331;3.35;0.053;21;379;0.99619;3.356;0.528;10.91;7
6.578;0.443;0.131;3.51;0.082;17;259;0.99883;3.3;0.531;11.181;6
5.784;0.407;0.368;3.51;0.096;18;82;0.99833;3.318;0.408;11.126;7
5.224;0.439;0.114;3.49;0.104;9;256;0.9985;3.334;0.388;9.751;5
7.622;0.5;0.288;3.4;0.083;41;377;0.99952;3.35;0.186;10.184;5
7.048;0.326;0.314;3.28;0.102;25;420;0.9949;3.301;0.664;11.638;7
9.359;0.362;0.165;3.47;0.078;38;160;0.99544;3.315;0.447;12.207;5
7.149;0.404;0.15;3.87;0.068;12;413;0.99975;3.299;0.438;11.675;7
8.228;0.479;0.338;23.17;0.08;8;278;0.9976;3.356;0.336;9.981;5
6.212;0.448;0.303;9.43;0.076;12;123;0.99513;3.316;0.466;11.798;5
5.26;0.428;0.394;3.43;0.096;25;246;0.99724;3.311;0.434;9.036;5
7.807;0.407;0.316;2.62;0.054;26;70;0.9951;3.306;0.395;11.105;7
7.007;0.17;0.564;11.4;0.062;12;83;0.99945;3.328;0.496;10.799;6
7.138;0.494;0.348;4.7;0.101;16;369;0.99539;3.314;0.467;10.678;5
9.848;0.229;0.492;6.01;0.072;7;262;0.99897;3.322;0.455;10.349;5
7.467;0.366;0.366;11.67;0.101;16;49;0.99851;3.326;0.302;11.763;6
7.415;0.639;0.325;2.35;0.092;18;317;0.99703;3.325;0.391;10.159;6
5.932;0.363;0.36;3.41;0.087;35;62;1.00129;3.352;0.575;10.235;5
9.182;0.233;0.234;5.36;0.104;20;391;0.99751;3.311;0.426;10.272;5
7.325;0.582;0.216;14.47;0.081;7;23;0.99878;3.347;0.274;10.285;6
7.996;0.313;0.499;4.5;0.09;13;121;0.99868;3.346;0.369;10.988;6
5.069;0.354;0.313;4.98;0.093;32;425;0.99552;3.334;0.633;11.31;6
7.102;0.385;0.185;4.63;0.103;23;69;0.99517;3.346;0.555;10.627;5
6.103;0.468;0.359;4.62;0.062;37;391;0.99815;3.325;0.474;10.885;5
7.455;0.467;0.229;5.23;0.079;11;177;0.99574;3.308;0.563;9.322;5
8.96;0.346;0.352;3.47;0.106;4;35;0.99428;3.282;0.442;10.816;6
6.105;0.49;0.438;3.26;0.093;18;301;0.99513;3.31;0.546;10.458;6
7.091;0.303;0.439;3.81;0.108;45;114;0.99911;3.314;0.508;10.911;5
7.975;0.463;0.49;7.4;0.112;23;409;1.00121;3.357;0.421;11.262;6
6.519;0.351;0.407;11.76;0.072;42;193;0.99788;3.315;0.408;10.02;6
6.435;0.459;0.38;5.16;0.08;32;244;0.99719;3.338;0.502;10.13;7
5.507;0.318;0.373;4.04;0.109;31;370;0.99795;3.33;0.347;9.954;6
5.711;0.355;0.334;12.43;0.093;35;431;0.99908;3.37;0.581;9.729;5
5.213;0.533;0.315;7.03;0.062;32;373;0.99732;3.307;0.527;10.477;6
8.692;0.26;0.559;8.11;0.087;29;121;0.99597;3.35;0.33;11.255;6
7.309;0.261;0.318;4.4;0.087;7;138;0.99865;3.296;0.35;10.253;6
5.18;0.447;0.482;3.74;0.07;39;364;0.9964;3.341;0.28;10.287;5
7.054;0.355;0.31;6.67;0.071;7;181;0.9957;3.355;0.378;10.628;5
5.035;0.348;0.435;4.32;0.099;12;401;0.99582;3.318;0.492;10.391;5
2.331;0.372;0.032;11.8;0.094;34;211;0.996;3.334;0.31;10.295;6
8.877;0.59;0.342;3.05;0.056;24;151;0.99662;3.344;0.385;10.711;6
7.636;0.321;0.217;5.93;0.067;13;43;0.99784;3.327;0.423;9.43;5
5.456;0.336;0.499;4.8;0.07;13;30;0.99791;3.298;0.469;10.848;6
5.377;0.426;0.446;2.91;0.083;10;398;0.99671;3.307;0.441;10.775;6
7.832;0.269;0.279;3.87;0.075;14;218;0.99667;3.317;0.435;12.089;7
6.433;0.382;0.312;2.88;0.063;34;97;0.9964;3.307;0.641;10.885;6
6.262;0.414;0.432;3.88;0.083;25;16;0.99692;3.354;0.428;11.33;6
6.26;0.294;0.351;4.05;0.039;15;161;0.99955;3.327;0.556;11.446;6
6.003;0.523;0.305;50.71;0.066;10;308;0.99689;3.36;0.344;10.68;5
6.872;0.244;0.446;2.89;0.076;21;128;0.99342;3.318;0.549;11.563;7
7.345;0.368;0.192;7.54;0.079;21;280;0.99896;3.37;0.658;10.315;6
6.694;0.417;0.485;3.67;0.077;3;363;0.99809;3.354;0.537;10.733;6
5.933;0.703;0.368;6.08;0.086;18;331;0.99814;3.322;0.268;9.825;6
7.45;0.192;0.05;3.91;0.08;41;222;0.99229;3.321;0.58;10.883;6
5.2;0.391;0.253;3.15;0.07;38;89;0.99459;3.277;0.556;10.679;7
9.098;0.634;0.318;14.95;0.111;23;407;0.99782;3.332;0.425;11.363;6
3.825;0.354;0.522;11.27;0.082;31;260;0.99743;3.319;0.55;10.087;6
6.466;0.51;0.306;2.42;0.134;10;100;0.99695;3.35;0.562;10.426;5
7.89;0.389;0.189;4.35;0.043;45;406;0.99894;3.336;0.451;10.853;8
8.354;0.21;0.492;3.87;0.092;17;41;0.99438;3.299;0.57;11.518;6
7.304;0.426;0.362;2.49;0.054;33;75;0.99619;3.348;0.5;11.141;5
8.497;0.306;0.313;5.3;0.046;27;298;0.99787;3.308;0.539;10.301;5
6.125;0.365;0.458;6.76;0.055;45;60;0.99488;3.298;0.523;11.883;7
6.617;0.245;0.275;4.9;0.022;35;434;0.99592;3.293;0.299;11.743;5
7.158;0.459;0.312;6.53;0.069;27;345;0.99676;3.315;0.512;10.434;6
6.139;0.149;0.42;20.73;0.078;32;226;0.99592;3.315;0.363;10.139;5
5.658;0.387;0.35;3.68;0.062;19;370;0.99706;3.346;0.353;10.678;7
9.2;0.497;0.44;12.68;0.067;17;365;0.99895;3.338;0.633;11.4;6
6.557;0.413;0.312;31.35;0.085;26;122;0.99418;3.311;0.499;11.118;8
6.566;0.339;0.505;2.12;0.065;27;292;0.99569;3.344;0.471;10.129;8
5.863;0.39;0.154;4.16;0.102;5;205;0.99645;3.364;0.184;9.729;5
6.762;0.339;0.192;14.0;0.064;11;6;0.99644;3.281;0.441;10.729;6
7.82;0.632;0.401;5.99;0.113;4;49;0.99754;3.31;0.537;11.518;6
6.785;0.375;0.3;3.42;0.078;23;256;1.00032;3.321;0.434;11.51;8
7.208;0.395;0.335;15.01;0.054;36;166;1.00008;3.367;0.4;10.707;7
7.341;0.304;0.338;9.24;0.092;24;192;1.0022;3.339;0.512;11.034;6
7.116;0.358;0.29;2.48;0.087;7;85;0.99447;3.342;0.411;10.313;7
7.881;0.486;0.18;8.76;0.055;24;217;0.99658;3.331;0.36;10.515;6
5.38;0.34;0.341;4.28;0.121;10;141;1.00247;3.344;0.336;10.081;5
9.161;0.309;0.454;5.45;0.071;44;61;0.99768;3.356;0.374;10.225;7
6.408;0.327;0.246;2.77;0.09;40;171;0.99775;3.324;0.49;11.224;7
7.445;0.368;0.499;7.0;0.137;18;28;0.99727;3.314;0.596;9.321;5
7.335;0.396;0.49;5.32;0.065;27;185;0.99629;3.345;0.451;11.223;6
6.247;0.349;0.231;3.0;0.066;31;168;1.00037;3.301;0.377;10.912;5
3.947;0.377;0.397;3.93;0.09;45;279;0.99774;3.325;0.465;9.979;6
9.009;0.318;0.209;15.02;0.032;10;32;0.99628;3.35;0.337;10.065;6
5.786;0.513;0.31;16.68;0.102;34;200;0.99758;3.311;0.414;10.412;4
6.29;0.377;0.235;2.55;0.059;25;19;0.99694;3.317;0.439;11.303;6
8.852;0.337;0.29;6.81;0.106;4;152;0.99818;3.294;0.528;11.671;6
7.379;0.402;0.154;4.01;0.102;22;205;0.99816;3.356;0.515;10.646;6
8.333;0.432;0.261;3.6;0.064;25;205;0.999;3.347;0.478;10.632;7
9.059;0.238;0.213;5.65;0.054;16;107;0.99722;3.343;0.412;10.701;7
7.608;0.381;0.224;16.48;0.107;7;218;0.99821;3.322;0.616;10.503;5
7.204;0.554;0.126;7.08;0.055;37;66;0.99722;3.368;0.485;10.271;5
7.297;0.465;0.302;2.99;0.084;21;382;0.99572;3.367;0.399;10.816;6
5.761;0.477;0.544;4.96;0.085;9;396;0.997;3.319;0.52;11.426;6
7.536;0.304;0.305;6.54;0.095;14;160;0.99412;3.333;0.433;10.673;7
6.686;0.255;0.293;11.34;0.083;21;24;0.99778;3.302;0.53;10.233;5
6.575;0.304;0.225;4.6;0.062;7;40;0.99557;3.328;0.428;11.23;7
7.158;0.526;0.274;5.25;0.097;9;240;1.00065;3.356;0.488;9.998;6
4.579;0.299;0.228;5.62;0.091;35;389;0.99874;3.323;0.645;10.955;6
8.846;0.28;0.196;7.68;0.098;25;275;0.99616;3.312;0.617;11.081;8
8.551;0.504;0.23;2.36;0.06;32;251;0.99676;3.323;0.554;10.337;6
4.517;0.385;0.25;14.68;0.115;31;53;0.99969;3.347;0.441;10.854;6
6.676;0.384;0.339;5.98;0.093;27;130;0.99588;3.34;0.41;10.082;5
9.062;0.425;0.291;4.84;0.073;41;190;1.00034;3.295;0.451;10.351;6
6.857;0.421;0.327;2.86;0.096;43;292;1.00068;3.353;0.541;11.068;5
6.089;0.332;0.479;5.74;0.074;30;289;0.99824;3.31;0.597;11.812;6
4.891;0.438;0.392;26.05;0.046;5;302;0.99711;3.338;0.498;9.316;5
8.538;0.298;0.3;3.47;0.064;40;240;0.99841;3.313;0.595;11.196;4
9.716;0.373;0.158;2.48;0.085;37;190;0.99668;3.312;0.392;11.489;5
5.022;0.467;0.29;6.53;0.088;18;120;0.99415;3.338;0.579;9.698;6
7.269;0.268;0.345;4.9;0.083;13;336;0.99531;3.299;0.285;10.896;7
6.409;0.342;0.447;4.67;0.061;42;57;0.99922;3.291;0.401;11.135;6
6.476;0.274;0.337;2.54;0.059;16;336;0.99711;3.325;0.422;10.866;6
6.851;0.481;0.583;6.44;0.074;20;353;0.99678;3.359;0.415;9.581;6
7.15;0.436;0.303;7.63;0.082;8;189;0.99985;3.316;0.498;10.749;7
6.899;0.443;0.428;2.03;0.072;44;382;0.99774;3.308;0.815;10.988;6
9.216;0.515;0.207;5.35;0.09;8;426;0.99936;3.334;0.432;10.884;6
6.787;0.485;0.227;8.46;0.065;17;135;0.99806;3.328;0.668;10.555;5
6.709;0.456;0.296;3.06;0.067;7;72;0.99482;3.318;0.415;10.863;6
7.848;0.333;0.32;2.28;0.071;32;15;0.99772;3.368;0.598;10.362;3
6.8;0.485;0.387;5.11;0.074;12;300;0.99444;3.336;0.418;10.715;6
6.533;0.299;0.004;30.9;0.068;17;132;0.99959;3.331;0.573;10.279;6
8.745;0.599;0.456;6.17;0.075;5;14;0.99529;3.328;0.529;11.547;6
5.789;0.403;0.486;34.68;0.068;18;159;1.00144;3.338;0.572;10.313;6
7.35;0.47;0.434;6.07;0.11;29;123;0.99522;3.361;0.471;10.476;5
8.892;0.241;0.43;4.22;0.062;29;426;0.99463;3.317;0.36;11.211;5
7.095;0.523;0.281;3.21;0.065;5;29;0.99989;3.343;0.378;10.564;5
6.809;0.498;0.384;15.15;0.087;38;83;0.99343;3.332;0.497;10.073;5
7.03;0.224;0.457;2.66;0.112;26;251;0.99681;3.315;0.571;10.774;6
5.113;0.307;0.249;3.45;0.073;9;207;0.99715;3.307;0.458;10.966;6
6.738;0.339;0.39;3.79;0.055;8;269;1.00251;3.325;0.458;11.199;5
8.036;0.293;0.402;5.89;0.091;5;30;0.99731;3.325;0.582;11.831;7
8.153;0.523;0.31;4.97;0.058;20;155;0.99801;3.327;0.404;10.803;6
7.594;0.584;0.521;2.56;0.075;20;120;0.99666;3.272;0.518;11.47;6
6.774;0.264;0.269;2.78;0.071;38;201;0.99652;3.298;0.501;11.768;7
6.762;0.451;0.265;20.27;0.049;31;229;0.99492;3.315;0.592;10.644;6
6.983;0.355;0.323;5.11;0.095;16;287;0.99799;3.317;0.318;10.373;8
7.683;0.5;0.282;4.83;0.083;32;361;0.99599;3.318;0.472;11.391;6
8.847;0.131;0.466;3.93;0.075;32;233;0.99644;3.314;0.649;11.172;6
7.051;0.338;0.161;5.84;0.084;42;366;0.99356;3.347;0.323;10.985;6
5.81;0.524;0.174;3.25;0.058;11;292;0.99875;3.344;0.451;10.601;5
7.012;0.3;0.363;11.51;0.072;45;438;0.99708;3.339;0.467;11.321;6
5.826;0.522;0.38;9.18;0.088;29;228;0.99698;3.311;0.398;10.293;7
6.018;0.358;0.18;4.8;0.097;23;54;0.99787;3.359;0.397;9.888;6
4.42;0.478;0.474;9.69;0.038;31;233;0.99947;3.306;0.413;11.724;7
4.251;0.463;0.111;4.37;0.091;43;125;0.9923;3.373;0.66;10.484;7
5.75;0.325;0.444;3.78;0.055;4;204;0.99858;3.312;0.515;10.854;5
7.281;0.321;0.221;10.31;0.038;44;378;0.99654;3.329;0.536;10.856;5
6.763;0.371;0.272;4.55;0.096;19;290;0.99639;3.292;0.426;11.691;5
7.197;0.499;0.504;3.17;0.101;23;58;0.99815;3.332;0.34;10.802;6
8.759;0.376;0.324;18.04;0.057;16;281;0.99856;3.306;0.588;10.572;6
5.189;0.331;0.245;4.31;0.097;23;161;0.99471;3.32;0.559;10.673;5
8.177;0.731;0.332;6.63;0.082;32;124;0.99992;3.349;0.389;10.026;5
7.435;0.229;0.509;16.71;0.095;17;418;0.99581;3.373;0.375;10.264;6
6.242;0.351;0.34;2.71;0.116;5;29;0.99984;3.312;0.65;11.049;5
9.531;0.418;0.265;4.02;0.101;37;428;0.99646;3.294;0.567;11.094;6
5.557;0.257;0.366;10.15;0.079;9;406;1.0027;3.275;0.497;11.308;6
5.563;0.377;0.204;4.05;0.055;29;24;0.99456;3.312;0.565;10.91;6
6.78;0.338;0.257;3.74;0.064;44;386;0.99752;3.333;0.669;11.356;7
6.764;0.266;0.235;4.42;0.077;20;331;1.00081;3.312;0.556;10.4;6
6.783;0.426;0.39;4.04;0.066;44;318;0.99566;3.306;0.606;10.444;5
4.581;0.247;0.296;4.02;0.083;14;304;0.99747;3.346;0.591;11.864;7
6.364;0.316;0.362;6.41;0.092;43;262;0.99272;3.353;0.477;10.114;6
7.205;0.493;0.451;5.13;0.114;31;386;0.99333;3.345;0.431;11.457;6
11.06;0.249;0.502;20.58;0.099;18;302;0.99377;3.297;0.695;11.97;6
8.902;0.443;0.154;6.06;0.053;9;99;0.99636;3.311;0.263;10.978;6
7.404;0.492;0.327;19.64;0.128;23;246;0.99374;3.301;0.438;10.735;5
5.387;0.486;0.203;5.31;0.079;41;24;0.99775;3.322;0.52;9.337;5
6.851;0.454;0.362;20.99;0.074;8;190;0.99676;3.331;0.41;10.231;7
4.732;0.385;0.321;4.47;0.047;44;347;0.99168;3.346;0.466;10.52;4
7.054;0.251;0.313;12.82;0.083;6;415;0.99833;3.344;0.489;10.667;6
7.703;0.389;0.277;5.41;0.125;25;409;0.99912;3.335;0.522;10.625;6
6.015;0.444;0.209;18.66;0.081;15;164;0.9988;3.35;0.545;11.138;6
6.906;0.349;0.136;3.22;0.093;34;26;0.99886;3.353;0.62;10.892;5
5.868;0.311;0.392;3.73;0.092;15;381;0.99657;3.331;0.673;10.368;5
6.151;0.472;0.3;6.39;0.101;17;337;0.99622;3.322;0.551;11.439;6
9.111;0.277;0.325;3.01;0.064;25;347;0.99711;3.313;0.517;10.336;6
8.0;0.419;0.362;16.15;0.062;41;362;0.99716;3.366;0.531;11.515;5
6.692;0.329;0.406;4.36;0.092;39;387;0.9985;3.323;0.447;10.759;5
5.971;0.212;0.512;7.11;0.099;27;420;1.0008;3.309;0.452;11.336;6
7.311;0.541;0.307;10.78;0.065;44;262;0.99935;3.309;0.507;10.622;6
7.99;0.435;0.396;7.54;0.086;4;251;0.99624;3.316;0.574;10.811;7
7.985;0.444;0.151;3.29;0.101;8;107;0.99204;3.33;0.597;11.087;5
9.89;0.206;0.317;2.68;0.082;10;15;0.99282;3.311;0.465;11.731;7
6.276;0.423;0.197;2.47;0.079;26;433;0.99853;3.35;0.505;9.644;5
5.331;0.415;0.255;3.07;0.123;36;180;0.99461;3.362;0.526;10.464;6
9.903;0.303;0.442;3.27;0.109;12;212;1.00067;3.312;0.696;10.159;6
9.069;0.528;0.352;3.21;0.09;33;416;0.99566;3.322;0.616;10.604;6
8.013;0.185;0.323;6.71;0.077;30;438;0.99643;3.356;0.603;11.211;8
9.16;0.439;0.343;2.65;0.052;28;329;0.99742;3.295;0.395;11.403;7
5.687;0.162;0.33;2.49;0.066;7;398;0.99501;3.294;0.415;11.554;8
6.24;0.234;0.291;5.46;0.082;33;84;0.99668;3.353;0.49;10.326;6
5.39;0.289;0.222;22.0;0.065;23;414;1.00026;3.32;0.531;9.821;6
8.438;0.446;0.261;3.04;0.102;23;300;0.99946;3.339;0.349;11.34;6
4.985;0.324;0.264;4.51;0.056;10;264;1.00094;3.315;0.525;11.082;7
6.603;0.311;0.306;4.69;0.113;42;438;0.99997;3.341;0.542;11.221;5
8.67;0.306;0.119;11.31;0.074;38;168;1.00001;3.37;0.538;9.469;6
8.251;0.218;0.343;9.29;0.061;39;62;0.99315;3.308;0.659;11.27;4
6.487;0.289;0.319;3.76;0.073;22;262;0.99671;3.308;0.356;10.366;6
9.19;0.297;0.347;9.75;0.092;13;36;0.99572;3.334;0.381;10.894;6
4.892;0.358;0.2;5.07;0.102;32;13;0.99692;3.31;0.541;10.228;6
7.089;0.363;0.208;8.84;0.06;21;284;0.99807;3.311;0.435;9.9;6
6.816;0.133;0.407;22.45;0.092;18;211;0.99803;3.309;0.548;11.014;6
8.331;0.289;0.276;2.26;0.066;5;259;0.99768;3.312;0.589;10.71;6
6.276;0.513;0.356;2.61;0.054;37;58;0.99955;3.365;0.309;10.803;5
6.216;0.316;0.27;2.65;0.053;44;223;0.99822;3.338;0.69;11.09;6
6.824;0.389;0.184;2.73;0.107;3;325;1.00013;3.357;0.648;10.337;6
5.074;0.309;0.173;5.18;0.052;9;188;0.99445;3.348;0.346;10.586;5
8.923;0.261;0.309;5.23;0.059;24;169;0.994;3.303;0.479;11.977;7
5.68;0.404;0.24;20.75;0.085;28;10;0.99808;3.319;0.56;10.348;5
8.781;0.221;0.221;15.2;0.107;9;80;0.99791;3.333;0.471;11.374;6
6.863;0.34;0.482;5.87;0.032;33;220;0.9934;3.302;0.558;10.899;6
5.179;0.245;0.288;4.45;0.087;7;286;0.99367;3.368;0.382;10.68;6
6.658;0.445;0.198;7.83;0.088;28;297;0.99946;3.335;0.598;10.188;5
8.217;0.237;0.451;6.49;0.048;6;79;0.99673;3.32;0.353;10.447;6
4.329;0.433;0.412;3.69;0.068;11;343;0.9981;3.334;0.487;11.34;5
6.924;0.486;0.237;7.98;0.073;17;287;0.99888;3.338;0.512;10.653;6
7.941;0.209;0.223;3.63;0.09;28;32;0.99779;3.337;0.36;10.937;7
5.308;0.431;0.315;4.54;0.071;38;181;0.9951;3.313;0.529;10.853;6
5.589;0.341;0.386;4.38;0.069;11;220;0.99888;3.337;0.514;10.662;5
8.14;0.48;0.193;3.47;0.081;24;32;0.99599;3.295;0.571;10.959;7
5.265;0.344;0.413;3.39;0.104;3;185;0.99909;3.346;0.332;10.974;4
6.576;0.327;0.302;5.01;0.049;5;421;0.99363;3.29;0.644;11.425;6
8.971;0.36;0.389;4.45;0.082;16;68;0.9982;3.339;0.401;10.229;6
6.203;0.479;0.329;2.73;0.071;26;170;0.99645;3.326;0.434;10.997;5
5.806;0.18;0.371;19.04;0.077;12;222;0.99624;3.349;0.444;10.88;7
3.398;0.466;0.37;19.74;0.1;5;421;0.99859;3.343;0.547;9.674;6
6.129;0.357;0.476;18.65;0.062;26;404;0.99712;3.298;0.488;10.793;8
5.254;0.326;0.25;12.0;0.048;10;88;0.99721;3.322;0.47;10.637;5
8.625;0.379;0.481;4.51;0.078;17;216;0.99824;3.356;0.523;10.769;7
8.528;0.472;0.191;3.0;0.053;30;434;0.99533;3.346;0.468;9.62;5
4.596;0.482;0.327;2.93;0.116;39;102;0.99812;3.327;0.419;10.271;6
9.288;0.559;0.373;2.42;0.11;27;341;0.99515;3.344;0.415;10.506;6
8.565;0.288;0.346;3.95;0.053;19;300;0.99425;3.348;0.478;10.724;7
6.111;0.209;0.385;2.43;0.082;18;356;0.9976;3.323;0.493;9.605;5
8.023;0.321;0.159;5.12;0.045;20;11;0.99756;3.339;0.612;10.568;5
7.302;0.362;0.31;5.7;0.076;11;258;0.99547;3.341;0.497;10.164;6
6.561;0.304;0.447;3.54;0.065;37;328;0.99433;3.315;0.62;11.195;5
4.276;0.506;0.313;3.54;0.119;39;147;0.99483;3.339;0.564;11.219;5
5.162;0.624;0.191;4.58;0.092;30;201;0.99635;3.367;0.625;10.751;6
6.441;0.432;0.317;7.11;0.087;22;321;0.99601;3.346;0.504;9.857;6
6.446;0.196;0.34;3.92;0.102;23;83;1.00027;3.333;0.46;10.777;8
5.781;0.484;0.218;19.26;0.071;31;183;0.9945;3.329;0.283;11.103;5
8.088;0.318;0.444;3.05;0.094;13;249;0.99666;3.325;0.468;9.934;5
5.911;0.361;0.286;3.41;0.062;29;44;0.9987;3.298;0.553;10.925;6
8.449;0.447;0.231;3.64;0.065;45;380;0.99721;3.303;0.566;10.412;7
6.136;0.417;0.326;4.21;0.12;3;103;0.99707;3.301;0.336;10.866;5
7.239;0.362;0.263;5.47;0.02;20;301;0.99976;3.321;0.423;11.051;6
5.338;0.405;0.3;6.94;0.092;45;246;0.99939;3.31;0.407;10.471;6
7.262;0.437;0.358;3.93;0.061;14;368;0.99914;3.29;0.456;11.185;7
6.214;0.423;0.294;17.19;0.096;33;141;0.9958;3.345;0.582;10.821;6
5.085;0.559;0.402;2.37;0.06;19;137;0.99802;3.315;0.567;11.087;7
6.469;0.093;0.333;5.65;0.085;13;19;0.9987;3.354;0.6;10.306;5
5.874;0.336;0.402;4.86;0.057;23;353;0.99651;3.371;0.317;9.923;5
7.321;0.346;0.192;2.63;0.106;31;291;0.99941;3.371;0.311;10.004;4
7.459;0.452;0.333;2.58;0.063;29;62;0.99742;3.325;0.495;11.349;6
4.421;0.441;0.302;5.04;0.056;4;412;0.99686;3.299;0.389;9.623;6
5.879;0.468;0.341;11.34;0.014;6;72;0.99751;3.341;0.486;10.61;6
3.513;0.231;0.114;6.16;0.041;34;264;0.99761;3.327;0.494;10.755;5
4.739;0.378;0.19;4.48;0.097;19;81;0.99771;3.309;0.554;10.587;4
8.226;0.459;0.334;3.92;0.055;3;304;0.99714;3.286;0.586;10.242;6
9.819;0.337;0.41;3.58;0.047;5;102;0.9927;3.337;0.463;11.531;6
8.414;0.317;0.342;3.75;0.076;31;300;0.99616;3.343;0.542;11.147;5
7.239;0.406;0.335;7.33;0.076;15;248;0.99693;3.356;0.542;10.671;6
8.343;0.515;0.466;10.5;0.078;37;269;0.99256;3.348;0.653;11.784;6
8.193;0.14;0.31;6.81;0.069;17;105;0.99773;3.343;0.543;11.34;6
4.234;0.545;0.234;3.28;0.118;18;43;0.99697;3.344;0.32;10.674;7
6.938;0.354;0.518;6.94;0.047;31;417;0.99733;3.317;0.567;11.823;6
8.151;0.305;0.365;10.09;0.067;37;213;0.99794;3.356;0.45;10.259;6
8.447;0.445;0.301;2.37;0.074;10;223;0.99648;3.342;0.352;10.902;6
6.774;0.398;0.232;5.75;0.093;22;164;0.9936;3.34;0.582;10.016;6
6.342;0.502;0.474;3.49;0.11;17;80;0.99634;3.344;0.431;9.947;5
5.811;0.317;0.271;5.01;0.083;13;35;0.99488;3.329;0.481;10.403;6
5.98;0.479;0.234;2.68;0.097;3;258;0.99553;3.316;0.433;9.969;5
5.942;0.272;0.459;2.85;0.085;18;292;0.99553;3.364;0.509;11.271;5
4.169;0.41;0.173;4.35;0.141;17;105;0.996;3.376;0.525;10.471;5
7.02;0.449;0.302;3.47;0.066;14;411;0.99795;3.356;0.539;11.728;6
6.604;0.354;0.396;3.56;0.106;45;306;0.99783;3.309;0.705;10.941;4
6.033;0.462;0.27;3.03;0.082;23;328;0.99763;3.331;0.663;10.133;5
9.737;0.297;0.289;6.22;0.081;37;297;0.99446;3.342;0.454;11.017;6
7.614;0.486;0.36;10.32;0.094;39;144;0.99588;3.342;0.587;9.686;6
5.859;0.328;0.198;2.94;0.106;30;349;0.9979;3.328;0.627;11.387;5
7.948;0.295;0.309;5.49;0.064;11;435;1.00027;3.361;0.59;9.418;7
4.709;0.368;0.387;3.64;0.077;19;77;0.99571;3.333;0.547;10.347;5
8.161;0.378;0.205;5.47;0.061;43;122;0.99573;3.333;0.503;9.925;5
6.743;0.313;0.436;10.67;0.026;5;178;0.99603;3.339;0.451;10.415;5
6.607;0.456;0.299;5.47;0.123;34;241;0.99669;3.318;0.42;10.259;7
7.719;0.362;0.314;4.31;0.082;30;250;0.99826;3.349;0.429;9.98;5
8.894;0.437;0.273;2.86;0.078;14;397;0.99554;3.297;0.553;10.336;6
5.764;0.246;0.358;10.74;0.065;34;37;0.99626;3.339;0.429;10.294;6
5.045;0.264;0.254;17.24;0.077;4;223;0.99629;3.352;0.576;10.776;5
9.142;0.376;0.316;2.34;0.091;24;263;1.00062;3.373;0.382;9.702;4
6.925;0.276;0.445;6.89;0.104;4;80;0.99694;3.343;0.592;11.217;6
8.676;0.374;0.432;4.18;0.087;13;79;0.99944;3.311;0.403;10.433;4
5.833;0.437;0.166;2.67;0.083;23;277;0.9993;3.349;0.395;11.184;5
7.157;0.498;0.443;18.68;0.058;44;217;0.99708;3.35;0.441;10.577;6
6.047;0.521;0.274;6.62;0.066;22;73;0.99758;3.331;0.667;10.692;6
7.387;0.47;0.335;26.5;0.081;36;242;0.99681;3.325;0.594;11.112;7
5.046;0.364;0.272;3.13;0.049;39;308;0.99757;3.329;0.311;9.319;5
5.973;0.431;0.348;3.6;0.068;11;49;0.99429;3.323;0.645;10.527;6
8.329;0.352;0.233;2.53;0.084;25;54;0.99597;3.346;0.446;10.594;6
6.769;0.454;0.354;4.83;0.116;9;51;0.99628;3.395;0.302;10.058;5
3.57;0.291;0.4;2.43;0.046;39;394;0.99878;3.349;0.669;10.332;6
6.68;0.506;0.268;3.87;0.05;30;85;0.99602;3.332;0.471;10.044;5
4.907;0.446;0.29;10.91;0.1;45;407;0.9956;3.307;0.391;10.797;5
5.358;0.341;0.407;6.63;0.027;14;178;0.99755;3.304;0.603;11.231;6
5.692;0.256;0.411;9.35;0.128;21;393;0.99604;3.324;0.605;10.223;5
5.702;0.425;0.332;5.01;0.086;45;222;0.9966;3.336;0.332;11.346;6
6.657;0.335;0.336;7.94;0.099;23;204;0.9953;3.332;0.567;11.12;8
5.627;0.408;0.361;4.31;0.092;39;325;0.9987;3.354;0.399;9.606;4
4.71;0.289;0.303;2.68;0.042;3;376;0.99579;3.354;0.382;11.149;7
6.523;0.307;0.368;6.38;0.089;18;108;0.99722;3.349;0.486;11.478;6
9.161;0.396;0.335;4.45;0.053;43;162;0.99397;3.3;0.536;11.466;7
4.944;0.526;0.284;3.12;0.075;35;269;0.99589;3.322;0.443;11.406;5
8.1;0.236;0.103;2.8;0.077;12;345;0.99047;3.308;0.403;11.688;7
7.696;0.35;0.15;11.54;0.082;7;231;0.998;3.297;0.492;9.771;7
6.34;0.412;0.359;2.45;0.095;9;148;1.00118;3.302;0.624;10.29;6
6.986;0.374;0.38;3.07;0.082;7;220;0.99337;3.343;0.448;10.878;5
5.471;0.347;0.349;5.84;0.105;41;207;1.00062;3.32;0.607;11.107;6
7.254;0.556;0.367;7.01;0.08;13;94;0.99877;3.328;0.467;11.217;6
4.656;0.325;0.257;5.37;0.072;35;90;0.99949;3.337;0.49;9.403;6
7.672;0.407;0.381;2.52;0.087;41;293;0.99629;3.318;0.516;10.301;6
8.813;0.327;0.281;10.35;0.07;34;214;0.99611;3.331;0.401;11.568;5
6.235;0.355;0.331;4.32;0.094;39;188;0.99932;3.327;0.667;10.892;7
7.94;0.172;0.442;2.54;0.075;27;104;0.99656;3.397;0.522;10.142;5
3.658;0.476;0.172;10.29;0.074;44;295;0.99465;3.32;0.51;9.753;5
5.271;0.371;0.245;4.35;0.102;13;278;0.99596;3.342;0.494;9.636;5
4.818;0.306;0.269;2.37;0.045;19;371;0.998;3.313;0.503;10.695;5
9.079;0.551;0.123;2.15;0.09;40;150;0.99687;3.325;0.573;10.118;5
5.902;0.355;0.196;4.2;0.07;28;145;0.9967;3.362;0.629;11.266;6
8.142;0.308;0.43;3.33;0.092;7;290;0.99699;3.339;0.531;10.938;8
4.363;0.279;0.383;5.48;0.09;43;241;1.00068;3.363;0.536;10.939;6
6.387;0.509;0.279;5.06;0.063;9;438;0.99832;3.306;0.447;10.636;5
8.09;0.363;0.464;3.13;0.086;43;346;0.99758;3.306;0.405;10.789;7
6.577;0.356;0.212;6.11;0.114;23;418;0.99519;3.337;0.541;10.686;6
2.905;0.252;0.499;5.31;0.072;34;342;0.9962;3.312;0.353;11.536;4
7.18;0.284;0.314;2.84;0.094;21;345;0.99909;3.315;0.597;11.131;6
8.34;0.398;0.272;8.03;0.127;28;334;0.99774;3.297;0.516;10.185;7
8.301;0.391;0.409;5.23;0.042;16;112;0.99852;3.35;0.378;10.333;6
7.108;0.189;0.357;4.14;0.076;30;116;0.99682;3.327;0.502;9.008;6
3.764;0.32;0.308;5.78;0.122;12;47;0.99474;3.34;0.329;9.838;4
6.687;0.395;0.311;3.1;0.075;3;418;0.9964;3.302;0.418;11.374;6
8.495;0.631;0.154;3.11;0.074;41;213;0.99599;3.316;0.306;11.711;6
6.244;0.281;0.134;4.32;0.054;26;281;1.00009;3.356;0.666;11.041;6
7.262;0.171;0.302;2.95;0.025;38;61;0.99522;3.351;0.453;10.075;5
6.27;0.451;0.415;15.2;0.094;43;190;0.9957;3.329;0.372;11.449;6
6.101;0.365;0.203;5.4;0.098;38;129;1.00147;3.327;0.516;9.921;5
7.159;0.276;0.295;7.67;0.11;44;337;0.99711;3.337;0.384;9.976;7
5.721;0.44;0.157;19.79;0.092;6;87;0.99605;3.334;0.412;10.549;7
10.393;0.373;0.151;14.29;0.061;22;282;0.99912;3.377;0.491;10.557;5
6.211;0.316;0.277;26.79;0.045;4;314;0.9964;3.348;0.573;9.601;5
6.577;0.277;0.355;3.05;0.089;26;203;0.99752;3.338;0.569;10.095;6
6.102;0.354;0.401;17.39;0.108;10;190;0.9962;3.322;0.521;10.772;6
6.622;0.399;0.422;3.71;0.089;32;101;0.99855;3.314;0.418;11.151;6
5.567;0.236;0.201;4.13;0.096;38;207;0.99713;3.35;0.419;10.245;5
5.7;0.441;0.335;5.33;0.11;24;228;0.99682;3.295;0.464;10.977;5
4.434;0.262;0.382;4.92;0.07;12;410;0.99509;3.32;0.504;10.175;4
7.152;0.522;0.211;4.62;0.076;40;190;0.99623;3.323;0.444;10.715;6
7.075;0.397;0.3;5.74;0.097;28;142;0.99688;3.368;0.403;10.792;6
2.677;0.379;0.296;15.71;0.073;16;330;0.99603;3.373;0.536;10.754;5
4.408;0.389;0.336;2.26;0.06;16;325;0.99778;3.317;0.441;9.946;5
5.77;0.345;0.376;2.57;0.074;45;310;0.99742;3.357;0.332;9.814;6
6.209;0.393;0.336;2.67;0.096;27;311;0.99319;3.343;0.6;10.976;6
7.88;0.535;0.279;5.7;0.062;40;250;1.00042;3.34;0.599;10.127;7
5.015;0.325;0.083;5.04;0.073;31;99;0.99628;3.331;0.33;10.714;7
8.151;0.441;0.412;6.09;0.082;30;99;0.99837;3.338;0.484;9.823;5
5.541;0.323;0.378;22.53;0.066;14;139;0.99895;3.379;0.377;9.809;5
6.252;0.372;0.37;4.8;0.067;30;32;0.99707;3.328;0.609;11.076;8
6.798;0.468;0.356;2.59;0.082;8;79;0.99785;3.354;0.471;11.506;6
8.32;0.254;0.363;6.3;0.083;30;338;0.99791;3.33;0.541;11.204;5
8.518;0.376;0.47;20.9;0.058;19;77;0.99459;3.334;0.384;10.259;8
8.087;0.163;0.265;24.56;0.067;5;87;0.99866;3.309;0.527;10.299;5
6.914;0.222;0.35;4.54;0.092;19;42;0.99412;3.327;0.784;10.976;6
6.477;0.335;0.218;5.2;0.069;20;342;0.99937;3.314;0.643;10.068;7
5.138;0.47;0.29;5.87;0.079;17;229;0.99584;3.318;0.614;10.312;5
6.696;0.425;0.259;7.16;0.072;9;96;0.99726;3.323;0.662;11.196;7
5.989;0.299;0.222;4.34;0.067;38;240;0.99699;3.382;0.459;9.817;5
6.102;0.369;0.115;3.64;0.094;19;160;0.9984;3.339;0.547;10.183;6
7.675;0.403;0.298;16.35;0.074;30;253;0.99648;3.358;0.518;9.771;6
7.391;0.224;0.412;16.06;0.043;21;174;0.99634;3.344;0.452;9.751;7
7.441;0.439;-0.0;4.78;0.115;31;296;0.99683;3.333;0.479;10.7;6
6.815;0.522;0.431;3.46;0.075;23;17;0.99778;3.31;0.644;10.339;6
7.491;0.537;0.276;3.4;0.087;13;191;1.00013;3.324;0.574;10.553;5
7.413;0.303;0.263;2.8;0.083;41;76;0.99461;3.288;0.495;10.905;7
7.521;0.364;0.317;2.73;0.074;13;267;0.99188;3.35;0.573;9.963;6
8.913;0.23;0.344;4.03;0.048;34;301;0.99557;3.308;0.76;12.67;8
8.474;0.305;0.33;3.26;0.056;24;170;0.99555;3.324;0.45;11.264;5
7.284;0.332;0.475;5.66;0.063;3;94;0.99707;3.332;0.49;9.99;6
5.253;0.441;0.336;3.57;0.092;8;342;0.99699;3.369;0.442;10.19;7
4.395;0.403;0.332;3.02;0.075;10;136;0.99644;3.331;0.661;10.004;5
10.17;0.262;0.31;3.8;0.085;32;383;0.99609;3.327;0.458;11.415;6
7.305;0.463;0.293;2.19;0.031;11;110;0.99682;3.343;0.467;10.662;5
7.352;0.471;0.219;6.01;0.059;23;239;0.99535;3.348;0.357;10.774;4
6.324;0.329;0.29;4.09;0.082;8;44;0.99506;3.331;0.46;9.983;6
6.516;0.341;0.249;13.78;0.054;10;228;0.99463;3.353;0.547;10.797;5
10.142;0.397;0.397;3.68;0.098;14;180;0.99468;3.33;0.402;10.838;4
5.76;0.194;0.31;4.31;0.071;37;233;0.99636;3.325;0.431;11.247;8
6.016;0.421;0.356;3.02;0.077;23;313;0.99936;3.307;0.395;9.374;6
6.714;0.448;0.438;27.19;0.058;14;156;0.99949;3.336;0.633;10.777;7
5.32;0.571;0.416;5.64;0.074;44;344;0.99567;3.327;0.653;11.354;5
5.096;0.396;0.247;12.0;0.048;19;312;0.99774;3.323;0.821;11.693;7
5.694;0.356;0.471;3.89;0.098;10;45;0.99505;3.319;0.349;9.501;6
6.951;0.34;0.15;7.08;0.081;6;282;0.99638;3.332;0.59;10.859;7
6.166;0.439;0.453;2.98;0.072;3;431;0.99637;3.347;0.341;10.755;6
8.373;0.442;0.08;3.4;0.054;28;210;1.0;3.376;0.463;10.6;5
3.944;0.342;0.174;3.96;0.095;4;123;0.99705;3.339;0.394;9.501;5
7.699;0.386;0.317;3.04;0.059;33;50;0.99553;3.339;0.466;10.046;6
9.161;0.433;0.253;7.88;0.098;15;364;0.99476;3.339;0.327;10.619;6
7.435;0.204;0.078;8.61;0.096;23;248;0.99536;3.369;0.654;10.395;6
4.7;0.538;0.143;11.6;0.067;7;88;0.99898;3.329;0.531;10.165;6
3.136;0.34;0.354;3.02;0.072;41;119;0.99955;3.312;0.504;11.605;6
7.382;0.491;0.118;3.44;0.119;4;262;0.99608;3.341;0.455;9.976;5
7.087;0.392;0.357;4.56;0.094;4;72;0.99483;3.326;0.427;10.758;5
6.325;0.342;0.437;7.39;0.097;4;298;0.99532;3.327;0.658;10.949;6
8.721;0.368;0.448;2.7;0.067;40;306;0.99388;3.315;0.531;10.339;7
6.324;0.406;0.339;4.01;0.094;24;210;0.99643;3.332;0.445;10.948;5
6.639;0.48;0.293;10.03;0.054;5;238;1.00008;3.359;0.622;10.562;6
5.556;0.346;0.279;4.97;0.091;10;193;0.99485;3.33;0.619;10.581;6
7.808;0.246;0.604;4.38;0.095;15;212;0.99644;3.332;0.638;9.955;6
6.42;0.302;0.438;2.8;0.073;5;245;0.99749;3.344;0.474;11.852;6
5.188;0.319;0.336;3.86;0.093;7;107;0.99474;3.363;0.496;10.534;6
8.28;0.458;0.342;7.59;0.071;15;140;0.99656;3.34;0.486;10.799;4
7.002;0.289;0.414;9.88;0.074;42;88;0.99438;3.301;0.677;11.146;5
4.177;0.554;0.101;2.44;0.087;35;229;0.99828;3.317;0.637;9.336;5
8.869;0.35;0.439;6.05;0.081;10;382;0.99643;3.343;0.717;11.636;8
7.466;0.392;0.234;3.79;0.085;26;78;0.99706;3.324;0.533;10.63;7
6.551;0.475;0.119;2.97;0.083;26;187;0.99143;3.314;0.567;11.56;6
6.042;0.352;0.411;20.8;0.059;31;279;0.99566;3.356;0.567;10.839;6
7.457;0.328;0.258;7.36;0.045;31;79;0.99671;3.304;0.366;10.33;5
6.907;0.441;0.372;2.83;0.085;36;397;0.99525;3.282;0.611;11.162;8
6.653;0.468;0.225;2.88;0.032;25;379;0.99843;3.319;0.462;10.593;7
7.828;0.276;0.276;5.16;0.044;24;384;0.99741;3.346;0.544;11.454;6
6.136;0.626;0.47;2.54;0.051;24;98;0.99794;3.351;0.443;10.574;5
10.232;0.417;0.364;4.09;0.091;44;21;0.99658;3.336;0.546;11.195;7
6.355;0.234;0.371;6.43;0.089;33;167;0.99794;3.369;0.672;11.262;6
5.519;0.385;0.135;2.63;0.144;20;414;0.9964;3.365;0.531;10.736;5
9.853;0.462;0.411;5.12;0.071;39;260;0.99591;3.288;0.368;10.909;6
10.344;0.395;0.255;6.11;0.071;18;92;0.99811;3.291;0.463;10.894;5
6.607;0.477;0.347;3.28;0.078;26;162;0.99487;3.331;0.517;10.55;5
6.194;0.632;0.196;5.85;0.053;12;149;0.99388;3.299;0.538;10.5;6
4.745;0.497;0.324;7.23;0.102;17;389;0.99866;3.359;0.462;10.504;5
9.011;0.558;0.389;6.06;0.056;34;294;0.99851;3.28;0.468;10.414;7
7.476;0.432;0.184;3.26;0.06;44;43;0.99785;3.324;0.583;10.82;6
5.319;0.327;0.33;8.4;0.084;23;305;1.00154;3.314;0.483;10.357;6
7.044;0.546;0.21;3.81;0.07;41;438;0.99742;3.348;0.473;10.53;7
9.349;0.287;0.459;5.21;0.085;21;122;0.99297;3.362;0.571;11.074;6
7.139;0.503;0.322;4.75;0.097;16;296;0.99642;3.342;0.484;9.368;6
9.838;0.45;0.314;4.56;0.095;34;364;0.99282;3.28;0.439;10.893;5
8.138;0.309;0.599;2.3;0.08;24;323;0.99667;3.321;0.375;10.088;6
6.306;0.356;0.349;9.79;0.068;8;429;0.99821;3.332;0.547;9.395;4
7.085;0.352;0.286;6.28;0.076;42;21;0.99972;3.326;0.423;11.014;7
7.56;0.423;0.397;4.94;0.056;28;438;1.00056;3.361;0.588;11.018;6
9.224;0.487;0.368;6.93;0.043;24;378;0.99677;3.31;0.432;11.272;6
9.295;0.339;0.496;3.64;0.039;43;279;0.99872;3.295;0.58;11.772;7
8.267;0.574;0.212;4.19;0.099;44;160;0.99857;3.301;0.49;10.811;6
7.646;0.45;0.526;6.4;0.047;45;426;0.99549;3.289;0.412;11.284;6
8.216;0.306;0.275;2.26;0.1;15;30;0.99551;3.298;0.323;10.866;5
8.742;0.313;0.283;3.16;0.076;23;340;0.99346;3.323;0.555;10.239;8
6.055;0.413;0.218;3.36;0.074;34;85;0.99682;3.351;0.412;10.284;5
5.982;0.293;0.321;3.85;0.074;25;59;0.99563;3.318;0.59;10.972;7
8.928;0.387;0.488;3.44;0.113;7;112;0.99553;3.324;0.582;10.589;5
7.68;0.46;0.332;3.12;0.049;45;168;0.99682;3.336;0.631;10.679;6
6.129;0.413;0.203;5.31;0.088;9;432;0.99578;3.317;0.469;10.379;6
6.943;0.49;0.289;7.88;0.07;26;195;1.00094;3.354;0.535;9.597;5
6.258;0.324;0.328;6.14;0.058;14;102;0.99418;3.307;0.38;11.382;6
5.023;0.275;0.43;9.58;0.032;40;210;0.99853;3.287;0.578;9.38;7
7.18;0.22;0.305;6.4;0.055;25;208;0.99522;3.322;0.571;10.541;6
4.914;0.203;0.335;14.32;0.058;20;89;0.99617;3.315;0.566;11.022;7
6.741;0.355;0.588;15.84;0.081;42;82;0.99797;3.363;0.411;10.262;7
7.144;0.373;0.318;3.57;0.093;29;173;0.9924;3.31;0.589;10.969;8
7.996;0.382;0.307;3.08;0.089;7;408;0.99616;3.343;0.353;10.378;7
6.22;0.403;0.177;3.36;0.076;8;237;0.99857;3.344;0.555;10.59;5
7.75;0.573;0.422;3.76;0.111;30;296;0.99371;3.348;0.566;10.108;5
7.696;0.225;0.318;7.55;0.058;6;316;0.99297;3.336;0.661;11.036;7
6.511;0.35;0.503;6.46;0.078;7;399;0.99159;3.3;0.431;11.116;6
4.641;0.346;0.423;5.22;0.073;21;247;0.99599;3.293;0.635;11.18;7
8.611;0.279;0.408;3.26;0.09;45;273;0.99347;3.308;0.345;11.091;6
5.908;0.567;0.216;3.64;0.095;31;21;0.99704;3.361;0.56;10.754;5
5.548;0.401;0.261;4.07;0.081;11;206;0.99592;3.354;0.567;9.521;5
8.049;0.474;0.312;5.24;0.086;34;253;0.99678;3.303;0.547;11.383;7
6.828;0.25;0.344;2.1;0.081;34;69;0.99902;3.359;0.681;11.275;7
5.043;0.604;0.247;5.34;0.07;18;338;0.99424;3.34;0.537;10.702;5
6.679;0.632;0.239;6.33;0.101;22;348;0.99574;3.366;0.278;9.474;7
8.759;0.29;0.332;3.19;0.067;41;431;0.99506;3.325;0.587;10.526;5
6.676;0.376;0.319;13.69;0.065;29;70;0.99986;3.298;0.591;9.989;7
4.414;0.39;0.258;7.82;0.096;21;98;0.99645;3.326;0.509;9.719;5
6.599;0.417;0.428;7.4;0.065;13;35;0.99442;3.338;0.522;10.746;8
9.534;0.248;0.423;2.47;0.078;16;173;0.9933;3.349;0.453;9.504;8
4.679;0.473;0.217;7.97;0.137;22;221;0.99829;3.35;0.543;9.843;5
8.7;0.451;0.533;5.02;0.095;19;67;0.99407;3.37;0.53;10.768;5
6.25;0.336;0.341;5.16;0.07;40;170;0.99538;3.341;0.409;11.146;6
7.462;0.176;0.418;2.22;0.071;5;420;0.99858;3.351;0.521;9.623;6
6.329;0.332;0.484;2.49;0.101;32;425;0.99734;3.349;0.505;11.249;7
4.778;0.34;0.179;3.85;0.085;5;288;0.99706;3.324;0.372;10.562;6
6.138;0.467;0.358;2.61;0.061;41;367;0.99785;3.31;0.467;10.772;7
10.111;0.311;0.416;12.36;0.091;11;262;0.99499;3.329;0.454;10.846;6
6.571;0.274;0.429;2.77;0.047;13;385;0.99456;3.331;0.458;10.577;6
8.149;0.427;0.412;7.66;0.102;44;163;0.9955;3.315;0.552;10.456;6
6.031;0.437;0.4;5.78;0.107;36;334;0.99517;3.344;0.274;10.577;5
6.398;0.47;0.154;54.51;0.114;45;144;0.99884;3.331;0.626;10.797;6
6.644;0.417;0.193;4.71;0.057;31;362;0.99841;3.364;0.474;10.803;7
7.047;0.51;0.352;14.58;0.095;3;336;0.99722;3.358;0.508;9.484;6
9.905;0.439;0.11;3.61;0.12;5;239;0.99749;3.324;0.345;10.133;4
8.222;0.152;0.315;2.76;0.08;11;164;0.99496;3.34;0.522;11.752;6
6.263;0.419;0.282;5.76;0.078;15;350;0.99665;3.337;0.421;10.647;7
5.084;0.497;0.317;12.12;0.111;41;425;0.99933;3.315;0.561;10.225;4
5.189;0.383;0.41;3.45;0.05;10;313;0.99364;3.304;0.554;10.238;6
4.837;0.523;0.347;9.87;0.076;23;366;0.99721;3.32;0.471;12.315;6
7.502;0.352;0.22;6.84;0.09;7;50;0.99938;3.349;0.408;11.093;6
4.306;0.453;0.221;4.63;0.07;3;353;0.99508;3.32;0.539;10.954;6
8.126;0.291;0.327;5.24;0.085;3;66;0.99725;3.367;0.429;9.836;6
8.146;0.382;0.375;5.01;0.098;8;309;0.99688;3.375;0.41;9.851;7
6.668;0.322;0.36;3.36;0.095;17;333;0.9962;3.311;0.642;10.542;5
5.994;0.256;0.358;5.04;0.074;5;79;0.99788;3.324;0.549;10.73;6
6.642;0.265;0.315;6.08;0.057;21;349;0.99775;3.32;0.629;10.042;5
6.393;0.428;0.156;3.19;0.052;17;251;0.99744;3.367;0.517;10.584;4
8.459;0.428;0.312;2.16;0.061;42;390;0.99627;3.296;0.525;10.514;5
6.336;0.302;0.41;7.18;0.066;32;239;0.99424;3.342;0.528;11.147;6
6.368;0.261;0.204;3.26;0.064;31;180;0.99814;3.324;0.483;10.618;5
6.469;0.311;0.344;6.73;0.138;40;101;0.9967;3.34;0.449;10.425;6
6.851;0.447;0.398;3.04;0.073;34;25;0.99525;3.332;0.664;11.147;7
6.239;0.256;0.555;5.94;0.075;27;372;0.99612;3.316;0.443;10.839;5
4.16;0.512;0.296;4.04;0.094;41;390;1.00074;3.32;0.483;10.344;6
3.986;0.242;0.266;3.85;0.056;21;152;0.99595;3.379;0.567;9.716;6
6.362;0.396;0.212;4.47;0.065;30;309;0.99839;3.337;0.675;10.608;7
6.729;0.445;0.213;5.82;0.09;32;433;0.99462;3.338;0.676;9.967;6
8.511;0.498;0.164;2.4;0.063;19;349;0.99466;3.359;0.44;10.731;5
10.553;0.325;0.155;11.88;0.097;24;278;0.99971;3.311;0.556;10.283;8
9.191;0.312;0.381;9.73;0.067;16;391;0.99474;3.352;0.507;10.451;7
7.438;0.243;0.314;5.69;0.084;27;198;0.99704;3.329;0.391;10.743;7
9.05;0.495;0.327;2.45;0.111;11;200;1.0004;3.307;0.51;10.433;6
6.294;0.389;0.14;8.44;0.104;38;339;0.9936;3.325;0.346;10.646;6
6.292;0.334;0.12;4.62;0.081;7;179;0.99636;3.333;0.391;10.678;8
9.903;0.352;0.131;17.19;0.083;4;195;0.99743;3.318;0.428;10.878;6
5.886;0.391;0.495;3.59;0.091;34;216;0.99527;3.304;0.667;10.453;6
5.752;0.411;0.404;4.12;0.074;17;427;0.99862;3.355;0.329;9.502;6
6.692;0.496;0.189;9.5;0.056;30;261;0.99732;3.332;0.629;10.396;7
8.661;0.181;0.314;2.26;0.101;38;148;0.99667;3.326;0.179;10.604;6
6.916;0.435;0.366;3.71;0.097;16;100;0.99712;3.286;0.541;11.432;7
8.093;0.328;0.223;4.16;0.084;9;270;0.99624;3.342;0.464;11.328;6
5.946;0.392;0.237;2.22;0.077;36;309;0.9936;3.361;0.509;10.918;5
5.335;0.348;0.416;2.94;0.056;18;62;0.99755;3.332;0.496;10.122;5
7.243;0.376;0.387;5.35;0.067;12;369;1.0003;3.344;0.416;10.78;6
6.705;0.478;0.388;5.75;0.075;20;247;0.99886;3.335;0.445;10.707;5
6.352;0.364;0.391;17.42;0.078;44;58;0.99651;3.339;0.478;11.179;8
5.59;0.245;0.324;9.25;0.097;6;111;0.9942;3.355;0.419;10.4;4
6.548;0.348;0.396;2.62;0.076;3;186;0.99484;3.326;0.415;11.346;6
8.55;0.363;0.313;8.09;0.086;39;237;0.99807;3.347;0.65;11.434;5
7.877;0.409;0.497;5.95;0.051;20;289;0.99709;3.325;0.486;11.752;6
7.277;0.388;0.341;4.93;0.082;4;196;0.99924;3.362;0.661;11.195;6
6.886;0.405;0.342;2.77;0.107;7;252;0.99671;3.366;0.435;9.443;5
6.336;0.484;0.312;21.43;0.065;35;16;0.99342;3.328;0.477;11.425;5
7.386;0.284;0.243;19.32;0.042;8;103;0.99406;3.36;0.442;12.154;5
6.342;0.592;0.323;5.62;0.091;7;306;0.99732;3.333;0.45;10.589;6
5.218;0.322;0.292;3.09;0.108;6;300;0.99817;3.326;0.439;10.642;7
5.394;0.303;0.217;2.77;0.097;11;114;0.99703;3.345;0.486;10.092;5
6.532;0.49;0.371;2.79;0.073;41;255;0.99815;3.333;0.471;10.009;5
7.326;0.481;0.527;8.84;0.09;38;23;0.99713;3.34;0.482;11.155;6
8.946;0.488;0.368;2.42;0.034;25;28;0.99802;3.322;0.319;10.872;6
4.396;0.537;0.301;10.97;0.082;3;212;0.99531;3.336;0.705;9.918;6
6.784;0.426;0.254;4.18;0.063;27;368;0.99491;3.37;0.486;10.534;6
8.06;0.368;0.196;5.85;0.098;22;128;0.99475;3.273;0.519;10.908;6
5.168;0.439;0.362;7.97;0.062;13;107;0.99733;3.33;0.555;10.356;6
7.085;0.392;0.368;36.58;0.121;44;416;0.99728;3.362;0.527;11.545;6
6.016;0.344;0.226;7.84;0.129;41;395;0.99428;3.321;0.207;11.18;7
5.635;0.534;0.338;4.2;0.116;45;322;0.99688;3.301;0.431;10.92;5
8.376;0.571;0.23;5.95;0.1;15;376;0.99803;3.36;0.488;10.925;5
4.939;0.387;0.457;5.07;0.065;38;408;0.99542;3.367;0.423;10.369;7
7.35;0.401;0.291;4.75;0.079;36;82;0.99821;3.34;0.594;9.43;5
6.231;0.341;0.358;4.96;0.099;11;275;0.99487;3.339;0.561;9.991;6
5.821;0.208;0.496;2.91;0.086;42;259;0.99711;3.321;0.369;10.582;5
5.521;0.324;0.092;5.72;0.068;5;173;0.99472;3.316;0.517;9.17;6
5.669;0.342;0.351;2.61;0.076;13;276;0.99731;3.347;0.619;9.864;6
6.192;0.365;0.364;10.95;0.06;20;85;0.99358;3.338;0.499;11.963;7
6.517;0.317;0.259;3.77;0.092;23;315;0.99427;3.345;0.303;9.385;5
4.5;0.187;0.329;2.75;0.077;3;392;0.99838;3.308;0.551;10.71;7
8.895;0.441;0.452;7.38;0.104;36;184;0.99668;3.331;0.455;10.603;6
7.712;0.573;0.239;7.51;0.096;15;150;0.9957;3.326;0.307;9.806;6
8.664;0.181;0.247;4.98;0.073;33;316;0.99898;3.324;0.415;10.563;7
5.628;0.369;0.494;2.52;0.106;27;6;0.99257;3.335;0.471;10.821;6
3.805;0.466;0.426;2.65;0.032;26;294;0.99827;3.33;0.485;10.962;7
5.914;0.274;0.363;6.76;0.051;6;385;0.99769;3.306;0.561;10.505;6
6.551;0.247;0.395;32.16;0.068;27;416;0.99606;3.349;0.529;10.225;5
7.617;0.378;0.34;5.51;0.088;30;255;0.99695;3.318;0.377;10.457;7
6.155;0.364;0.29;5.65;0.117;26;213;0.9992;3.325;0.487;10.335;8
6.279;0.343;0.285;7.01;0.098;30;198;0.99849;3.317;0.55;11.13;5
7.304;0.543;0.359;3.05;0.084;22;73;0.99686;3.313;0.434;9.465;6
5.428;0.509;0.302;10.81;0.075;15;375;0.99706;3.29;0.463;11.338;7
10.027;0.428;0.187;3.36;0.04;40;376;0.99891;3.319;0.483;10.541;6
4.946;0.396;0.289;4.79;0.07;7;405;0.99566;3.321;0.427;11.267;6
8.153;0.319;0.383;3.11;0.096;9;75;0.99756;3.308;0.391;11.589;8
8.944;0.454;0.328;2.73;0.083;18;111;0.99377;3.345;0.541;11.008;7
5.788;0.365;0.386;3.17;0.068;20;199;0.99995;3.317;0.518;11.611;6
7.12;0.528;0.358;2.98;0.077;20;305;0.99795;3.345;0.553;11.129;6
9.753;0.49;0.438;3.73;0.063;30;322;0.99527;3.304;0.486;10.547;7
7.702;0.28;0.381;16.04;0.034;29;132;0.99706;3.311;0.458;12.043;8
8.09;0.475;0.293;5.67;0.076;11;386;0.99627;3.302;0.525;11.056;7
7.375;0.542;0.38;3.46;0.066;35;220;0.99743;3.331;0.517;10.858;5
7.157;0.456;0.405;6.17;0.055;22;312;0.99486;3.343;0.464;10.828;6
7.212;0.322;0.249;3.45;0.079;17;162;0.99887;3.279;0.59;9.458;3
7.288;0.333;0.265;11.02;0.069;11;153;0.99697;3.301;0.603;10.02;7
6.972;0.34;0.467;8.3;0.08;13;302;0.9969;3.332;0.349;9.967;6
7.794;0.419;0.251;3.83;0.082;45;71;0.99816;3.341;0.454;10.672;6
6.941;0.405;0.344;4.55;0.085;39;430;0.99635;3.322;0.445;10.508;5
7.5;0.358;0.271;4.91;0.075;14;288;0.99747;3.327;0.627;10.741;5
4.398;0.509;0.309;2.9;0.069;27;375;0.9986;3.354;0.36;10.275;5
7.111;0.518;0.465;2.78;0.076;36;100;0.99536;3.333;0.459;11.388;5
8.567;0.335;0.485;4.32;0.079;4;130;0.99583;3.297;0.494;10.099;6
8.235;0.24;0.195;3.02;0.098;30;283;1.00043;3.343;0.693;10.544;6
7.735;0.413;0.193;4.62;0.078;4;258;0.99552;3.309;0.348;10.551;7
6.986;0.359;0.023;8.72;0.06;41;434;0.99656;3.319;0.386;11.239;6
6.064;0.432;0.379;4.12;0.095;19;150;0.99501;3.332;0.371;10.155;6
7.359;0.329;0.467;7.06;0.079;4;39;0.99435;3.326;0.311;10.033;6
9.666;0.389;0.377;19.89;0.091;43;356;0.99869;3.341;0.365;11.78;6
7.343;0.285;0.307;3.7;0.12;36;307;0.99879;3.337;0.424;10.966;9
8.298;0.518;0.384;14.67;0.098;6;117;0.99506;3.346;0.389;10.501;5
5.869;0.584;0.204;3.11;0.057;41;386;0.9931;3.374;0.454;10.07;6
8.869;0.287;0.396;2.79;0.059;14;110;0.99502;3.317;0.431;11.372;5
5.63;0.127;0.458;5.29;0.089;15;80;1.00133;3.326;0.331;10.681;6
7.179;0.343;0.442;4.28;0.046;42;203;0.99799;3.348;0.538;10.408;5
5.488;0.336;0.393;2.56;0.069;28;353;0.99702;3.327;0.551;10.25;6
7.971;0.406;0.276;12.88;0.082;36;255;0.99627;3.31;0.383;11.201;7
7.159;0.416;0.266;8.81;0.072;3;88;0.99748;3.348;0.611;9.986;5
5.232;0.456;0.217;2.95;0.064;23;287;0.99698;3.349;0.385;9.217;6
5.859;0.664;0.503;4.19;0.078;26;30;0.99902;3.304;0.518;10.195;5
6.344;0.335;0.445;4.49;0.071;39;26;0.9975;3.341;0.374;10.719;6
5.553;0.326;0.343;2.72;0.064;11;35;0.99874;3.306;0.441;10.484;6
5.074;0.458;0.292;5.86;0.092;43;182;0.99674;3.338;0.513;10.78;5
5.482;0.217;0.335;2.63;0.067;10;343;1.0003;3.337;0.493;10.64;6
7.348;0.498;0.229;2.42;0.078;29;189;0.99793;3.369;0.575;10.065;5
9.457;0.306;0.396;14.83;0.1;37;279;0.99565;3.326;0.545;12.199;6
5.938;0.264;0.355;3.38;0.098;20;180;0.99524;3.358;0.428;10.418;7
6.65;0.303;0.368;3.2;0.078;35;209;0.99541;3.323;0.647;10.235;5
7.848;0.418;0.351;4.13;0.071;26;327;0.99733;3.326;0.432;11.152;6
6.117;0.48;0.071;3.25;0.084;14;86;0.99875;3.319;0.399;11.088;6
6.842;0.506;0.314;29.31;0.081;36;9;0.99544;3.351;0.545;11.395;6
6.933;0.484;0.136;6.46;0.06;40;205;0.99661;3.349;0.433;9.83;5
7.059;0.329;0.148;8.69;0.064;25;434;1.00089;3.322;0.427;9.927;6
6.052;0.479;0.51;9.09;0.105;5;398;0.99776;3.362;0.471;10.791;6
6.185;0.383;0.274;28.89;0.059;37;162;0.99848;3.345;0.359;10.99;6
8.97;0.628;0.301;2.24;0.112;20;337;0.99685;3.34;0.567;10.551;6
5.709;0.202;0.276;8.28;0.095;27;68;0.99514;3.343;0.442;10.951;6
7.099;0.555;0.236;5.29;0.078;24;66;0.99603;3.337;0.449;11.652;4
5.623;0.465;0.484;4.97;0.069;28;127;0.9937;3.334;0.544;10.712;6
5.845;0.445;0.128;11.58;0.083;14;259;0.99593;3.334;0.307;11.291;6
6.813;0.395;0.357;7.33;0.096;45;26;0.99547;3.327;0.545;11.092;6
5.903;0.357;0.243;2.42;0.091;19;262;0.99604;3.345;0.491;10.26;7
7.373;0.31;0.432;5.56;0.108;45;121;0.99525;3.327;0.523;10.467;5
7.947;0.202;0.439;4.27;0.083;5;315;0.99302;3.344;0.628;11.332;6
4.659;0.612;0.314;11.03;0.068;14;230;0.99731;3.337;0.451;9.966;6
3.669;0.49;0.171;2.29;0.091;9;201;0.99769;3.33;0.511;10.451;5
8.257;0.465;0.394;7.41;0.095;10;6;0.99722;3.296;0.639;10.425;7
6.651;0.41;0.436;5.18;0.074;6;402;0.99913;3.314;0.552;10.97;7
9.174;0.196;0.391;7.53;0.06;35;418;0.99905;3.325;0.449;10.178;6
7.025;0.364;0.293;6.15;0.063;27;298;0.99651;3.293;0.371;10.429;7
5.047;0.44;0.349;2.29;0.095;45;254;0.99833;3.33;0.441;9.762;6
7.461;0.521;0.233;7.74;0.063;24;430;0.99792;3.318;0.58;11.024;6
7.064;0.274;0.364;4.62;0.112;9;151;0.9984;3.319;0.527;10.985;6
6.618;0.436;0.342;3.16;0.096;10;241;0.99624;3.351;0.551;9.671;5
5.889;0.361;0.306;9.52;0.042;24;230;1.00045;3.29;0.582;11.032;6
7.587;0.408;0.212;4.59;0.059;34;104;0.99732;3.342;0.454;9.95;6
7.61;0.352;0.263;18.19;0.086;39;66;1.0002;3.365;0.262;9.785;6
6.364;0.425;0.239;10.68;0.053;38;76;0.9952;3.348;0.369;10.98;6
9.345;0.407;0.198;2.82;0.077;33;222;0.99644;3.329;0.616;10.87;5
6.056;0.212;0.419;8.33;0.098;35;76;0.99471;3.3;0.395;10.218;7
7.292;0.517;0.304;4.71;0.092;31;103;0.99694;3.342;0.57;11.405;7
4.75;0.611;0.272;4.64;0.057;23;28;0.996;3.33;0.558;10.726;6
3.756;0.328;0.248;4.32;0.097;32;24;0.99617;3.35;0.418;9.847;5
9.801;0.514;0.358;10.16;0.1;34;291;0.99862;3.345;0.349;11.046;5
9.009;0.295;0.29;3.14;0.064;23;49;0.996;3.325;0.622;11.242;7
7.265;0.394;0.198;6.35;0.1;29;291;0.99856;3.322;0.441;9.259;5
4.67;0.568;0.349;2.52;0.066;39;363;0.99475;3.314;0.617;10.313;7
6.959;0.428;0.321;5.86;0.054;41;78;0.99427;3.305;0.458;9.993;6
7.123;0.564;0.214;2.69;0.105;35;94;1.0014;3.342;0.367;10.894;6
6.998;0.428;0.211;2.69;0.102;5;287;0.99827;3.322;0.473;10.702;5
7.107;0.507;0.436;4.59;0.062;40;330;0.99805;3.292;0.491;10.989;6
5.664;0.38;0.291;2.81;0.026;15;149;0.9951;3.288;0.489;9.275;5
7.37;0.514;0.463;10.93;0.096;33;152;0.99734;3.328;0.627;10.683;7
5.578;0.566;0.386;2.83;0.065;33;165;0.9969;3.296;0.531;10.68;7
5.531;0.502;0.275;17.3;0.092;24;182;0.99777;3.308;0.407;9.456;5
6.902;0.363;0.272;8.59;0.056;11;298;0.99971;3.358;0.388;10.248;5
6.22;0.345;0.494;5.02;0.087;37;283;0.99979;3.317;0.4;10.267;6
6.405;0.309;0.249;7.38;0.102;43;271;0.99853;3.316;0.609;10.681;6
6.146;0.465;0.272;5.4;0.083;45;77;0.99552;3.33;0.481;10.529;7
6.888;0.452;0.234;36.92;0.096;37;171;0.99558;3.357;0.604;10.916;6
8.418;0.32;0.311;6.68;0.084;21;141;0.99713;3.323;0.552;11.37;6
7.553;0.478;0.237;3.44;0.097;26;152;0.99435;3.35;0.587;10.603;7
7.747;0.33;0.34;6.13;0.067;32;172;0.99562;3.337;0.585;11.015;6
4.326;0.604;0.171;3.89;0.071;13;102;0.99563;3.336;0.393;9.676;5
6.277;0.486;0.363;4.53;0.041;28;92;0.99814;3.347;0.375;11.207;6
7.938;0.563;0.346;3.44;0.071;42;331;0.99929;3.309;0.41;9.632;6
5.693;0.328;0.337;3.53;0.073;45;273;0.99742;3.302;0.399;10.906;6
5.368;0.337;0.22;8.78;0.062;8;159;0.99971;3.33;0.437;9.511;6
5.446;0.221;0.439;4.6;0.1;28;378;0.99668;3.352;0.409;10.873;6
8.175;0.488;0.491;8.25;0.077;22;230;0.99773;3.324;0.435;11.008;6
7.092;0.254;0.337;3.96;0.134;20;286;0.99716;3.309;0.694;11.609;7
6.578;0.506;0.268;4.48;0.087;31;274;0.99551;3.299;0.468;11.807;6
8.717;0.376;0.418;3.64;0.057;31;362;0.99742;3.314;0.581;10.522;7
8.603;0.47;0.302;12.97;0.078;31;107;0.99571;3.314;0.373;9.719;5
7.58;0.272;0.33;18.08;0.094;12;101;0.99478;3.341;0.373;10.641;7
8.505;0.332;0.389;4.49;0.099;34;196;0.99756;3.309;0.738;10.648;5
6.911;0.43;0.171;9.2;0.111;23;246;0.99891;3.332;0.603;10.064;5
6.797;0.471;0.391;2.58;0.07;6;386;0.99997;3.344;0.527;10.283;5
5.888;0.287;0.198;2.69;0.102;4;82;0.99392;3.316;0.428;10.634;6
5.933;0.445;0.183;8.07;0.08;14;402;0.99834;3.31;0.38;10.507;6
5.877;0.325;0.271;2.42;0.099;17;361;1.00018;3.31;0.432;11.25;4
8.207;0.45;0.492;57.95;0.072;12;341;0.99777;3.28;0.724;10.954;6
6.735;0.378;0.254;10.19;0.078;42;134;0.99636;3.348;0.411;10.611;6
8.029;0.33;0.402;19.94;0.08;12;96;0.99243;3.314;0.42;11.94;6
8.776;0.403;0.266;4.5;0.06;45;318;0.99759;3.329;0.476;11.914;5
6.458;0.531;0.363;2.64;0.081;13;72;0.99392;3.325;0.465;10.71;7
4.977;0.377;0.347;3.06;0.087;24;85;0.99889;3.329;0.481;10.585;6
5.174;0.548;0.405;3.07;0.046;32;290;0.99518;3.358;0.436;9.871;5
5.077;0.311;0.324;8.9;0.07;11;121;0.99695;3.339;0.404;10.659;5
4.2;0.43;0.315;2.9;0.07;24;434;0.99377;3.356;0.445;11.344;7
7.02;0.29;0.131;3.15;0.1;24;38;0.99709;3.325;0.746;11.078;6
5.656;0.404;0.365;17.11;0.08;12;335;0.9995;3.282;0.578;11.054;6
4.927;0.317;0.387;2.74;0.08;44;240;0.99757;3.307;0.324;10.76;3
5.513;0.399;0.341;3.39;0.064;8;404;0.99685;3.307;0.646;11.271;6
8.125;0.462;0.334;14.18;0.088;35;226;0.99663;3.324;0.627;10.672;6
6.521;0.302;0.374;43.84;0.073;28;303;0.99546;3.31;0.564;11.271;6
8.356;0.223;0.404;2.46;0.098;23;63;0.99876;3.304;0.53;10.791;6
6.632;0.388;0.222;2.2;0.075;38;88;0.99392;3.319;0.691;10.793;4
6.295;0.452;0.309;3.3;0.078;34;132;0.9951;3.299;0.341;11.387;6
7.916;0.414;0.368;5.48;0.09;38;202;0.9965;3.324;0.488;10.392;6
6.954;0.341;0.31;4.64;0.093;13;411;0.99465;3.338;0.384;9.91;5
7.416;0.469;0.236;3.51;0.046;35;28;0.99316;3.333;0.642;11.006;6
6.029;0.348;0.144;2.68;0.08;22;264;0.99609;3.347;0.414;11.251;5
6.144;0.481;0.343;8.97;0.079;40;349;0.99363;3.327;0.569;10.257;5
4.82;0.329;0.37;3.58;0.045;33;419;1.00055;3.369;0.336;10.5;7
7.141;0.42;0.505;3.36;0.051;26;377;0.99822;3.308;0.65;10.79;6
6.685;0.531;0.344;4.9;0.1;4;92;1.00019;3.322;0.446;10.1;5
7.645;0.387;0.177;15.56;0.094;30;212;1.00088;3.339;0.35;9.659;6
8.579;0.383;0.348;5.38;0.072;28;271;0.99918;3.314;0.38;11.267;5
8.117;0.451;0.316;48.98;0.096;8;372;0.99504;3.347;0.436;10.849;6
8.206;0.453;0.248;3.96;0.045;24;80;0.99841;3.288;0.462;11.734;5
7.774;0.413;0.197;7.44;0.103;43;14;0.99787;3.326;0.516;11.426;6
11.053;0.376;0.147;2.27;0.066;11;359;0.99734;3.331;0.379;11.134;6
9.092;0.242;0.249;3.37;0.109;13;157;0.99564;3.331;0.647;11.619;6
9.921;0.426;0.248;4.72;0.075;25;68;0.99248;3.336;0.516;10.397;7
6.937;0.29;0.302;3.3;0.072;28;36;0.99855;3.348;0.402;10.277;6
7.757;0.396;0.329;3.19;0.083;10;205;0.99645;3.349;0.581;10.634;7
8.673;0.154;0.35;3.52;0.072;38;194;0.9984;3.317;0.622;10.432;6
6.706;0.56;0.486;2.96;0.103;11;118;0.99441;3.338;0.519;11.199;6
7.261;0.591;0.307;3.55;0.096;35;294;0.99501;3.352;0.343;10.92;7
5.927;0.427;0.467;5.04;0.07;12;96;0.99392;3.281;0.502;10.637;7
7.363;0.349;0.205;6.21;0.081;12;420;0.99751;3.36;0.429;10.598;6
5.821;0.419;0.194;2.86;0.087;33;316;0.99915;3.331;0.305;10.364;4
7.928;0.491;0.26;4.23;0.115;18;40;0.99689;3.322;0.495;11.428;6
6.901;0.452;0.151;3.16;0.077;35;326;0.99982;3.342;0.404;11.876;7
4.199;0.338;0.47;9.61;0.101;29;112;0.99949;3.345;0.413;10.945;6
6.977;0.543;0.316;20.85;0.082;25;178;0.99877;3.339;0.517;10.665;8
8.738;0.462;0.395;5.48;0.061;23;38;0.9991;3.317;0.301;10.973;7
4.715;0.467;0.47;6.44;0.049;19;328;0.99613;3.322;0.541;10.626;7
6.03;0.344;0.38;4.1;0.081;15;21;0.99712;3.322;0.397;11.418;7
6.63;0.392;0.483;6.83;0.088;18;12;0.99972;3.34;0.625;10.308;7
6.668;0.323;0.087;4.24;0.084;23;108;0.99555;3.347;0.442;10.76;6
4.803;0.406;0.453;2.7;0.103;16;97;0.99868;3.329;0.364;11.907;6
8.919;0.35;0.328;13.05;0.097;20;436;1.00083;3.339;0.731;10.043;5
8.679;0.5;0.276;35.29;0.114;18;346;0.9986;3.344;0.765;11.28;6
5.987;0.404;0.421;7.63;0.092;5;210;1.00201;3.32;0.264;9.811;3
4.937;0.396;0.341;4.82;0.058;34;380;0.99579;3.317;0.566;11.231;8
7.995;0.407;0.27;6.78;0.098;7;324;0.99659;3.324;0.252;10.687;6
9.393;0.441;0.112;19.96;0.06;15;12;0.99563;3.328;0.516;10.31;6
8.663;0.233;0.516;3.7;0.073;22;65;0.99905;3.335;0.458;10.681;7
8.831;0.513;0.07;8.4;0.052;30;402;0.99735;3.319;0.498;10.323;7
5.138;0.425;0.305;5.45;0.1;38;56;0.99756;3.33;0.461;11.071;6
7.586;0.329;0.488;2.26;0.106;5;38;0.99964;3.371;0.447;10.776;8
4.559;0.312;0.371;3.93;0.053;31;104;0.99583;3.318;0.355;10.869;6
9.419;0.34;0.244;7.33;0.063;25;255;0.99803;3.349;0.501;11.168;6
7.731;0.336;0.29;6.22;0.065;34;25;0.99928;3.334;0.557;11.331;6
4.421;0.38;0.274;4.51;0.038;6;168;0.9931;3.306;0.463;11.663;6
4.167;0.318;0.334;2.72;0.077;19;337;0.99825;3.338;0.622;10.63;6
7.422;0.415;0.302;5.78;0.074;8;193;0.99882;3.308;0.407;11.023;5
6.433;0.439;0.161;5.48;0.055;4;235;0.99475;3.316;0.549;9.64;6
6.307;0.336;0.163;7.21;0.034;43;180;1.00028;3.337;0.607;10.833;5
8.47;0.588;0.457;22.6;0.044;21;342;0.99735;3.274;0.385;12.258;7
10.066;0.372;0.203;5.02;0.081;29;238;0.99586;3.285;0.555;10.882;6
7.418;0.431;0.203;11.63;0.047;21;255;0.99718;3.314;0.422;11.048;5
4.134;0.418;0.536;6.93;0.079;4;281;0.9965;3.318;0.43;9.353;6
6.437;0.391;0.222;62.31;0.084;12;415;0.99888;3.336;0.749;10.241;7
4.817;0.474;0.174;7.04;0.093;25;208;0.9999;3.293;0.548;9.381;5
5.172;0.558;0.194;55.25;0.08;18;254;0.99809;3.344;0.475;9.522;6
6.399;0.428;0.352;2.97;0.088;15;73;0.99677;3.331;0.34;9.493;4
6.674;0.311;0.241;2.76;0.107;39;314;0.99617;3.324;0.526;10.816;4
4.792;0.476;0.276;6.95;0.07;41;110;0.99765;3.316;0.431;9.414;5
7.853;0.144;0.124;4.5;0.072;39;409;0.99644;3.291;0.507;11.878;7
5.11;0.438;0.227;14.34;0.107;15;137;0.99641;3.391;0.454;10.718;6
7.822;0.371;0.325;9.15;0.053;41;120;0.99988;3.33;0.737;11.345;6
6.026;0.45;0.297;9.29;0.094;20;237;0.99335;3.334;0.548;10.488;6
7.712;0.236;0.47;3.24;0.024;30;279;0.99786;3.359;0.528;10.027;7
6.048;0.372;0.345;4.86;0.048;42;180;1.00065;3.36;0.532;9.465;6
8.152;0.286;0.035;9.55;0.045;19;197;0.99566;3.262;0.395;10.06;7
6.425;0.354;0.14;3.59;0.076;19;112;1.00112;3.33;0.555;10.67;5
6.466;0.47;0.208;5.03;0.08;18;219;0.99666;3.349;0.486;10.694;5
6.321;0.367;0.292;13.39;0.03;16;254;0.9984;3.31;0.401;9.681;6
7.755;0.31;0.345;4.86;0.111;26;260;0.99741;3.306;0.599;11.482;6
4.337;0.515;0.372;5.9;0.121;29;192;0.9952;3.342;0.25;10.306;7
11.21;0.373;0.168;13.49;0.1;21;369;0.99736;3.31;0.488;10.517;7
5.767;0.201;0.084;6.94;0.075;34;6;0.99757;3.323;0.426;10.428;5
6.607;0.308;0.374;2.6;0.09;45;131;0.99965;3.31;0.357;10.7;4
6.995;0.404;0.243;5.44;0.06;25;165;0.99748;3.309;0.457;12.034;5
5.43;0.468;0.046;5.1;0.072;38;128;0.99722;3.333;0.449;10.871;7
6.94;0.436;0.196;6.39;0.066;20;380;0.99914;3.336;0.55;10.013;5
5.558;0.444;0.243;39.68;0.088;11;135;1.00202;3.355;0.572;9.454;7
6.14;0.31;0.185;12.65;0.069;45;352;0.99872;3.322;0.548;10.746;6
4.648;0.396;0.182;5.56;0.071;11;207;0.99715;3.286;0.62;10.623;5
7.084;0.216;0.472;3.46;0.105;24;136;0.99633;3.276;0.315;12.321;5
5.396;0.304;0.207;9.71;0.071;5;363;0.99728;3.34;0.339;11.258;6
10.0;0.279;0.365;5.73;0.087;24;238;0.9957;3.301;0.532;10.962;5
5.589;0.286;0.356;14.84;0.083;19;23;0.99359;3.31;0.395;10.859;6
5.178;0.366;0.267;6.31;0.071;15;418;0.99587;3.347;0.477;10.552;6
7.16;0.369;0.547;11.14;0.07;39;179;1.00042;3.373;0.552;9.614;5
10.019;0.267;0.222;3.25;0.095;35;186;0.99873;3.271;0.687;11.677;8
4.382;0.503;0.564;4.49;0.069;36;17;0.99827;3.359;0.559;10.059;5
4.801;0.343;0.219;5.21;0.092;30;104;0.99801;3.334;0.55;10.437;6
7.274;0.534;0.293;3.22;0.069;20;105;1.00054;3.321;0.537;11.474;6
6.476;0.525;0.306;6.65;0.077;26;387;1.00063;3.304;0.385;10.226;5
4.531;0.286;0.407;3.99;0.111;36;109;0.99713;3.307;0.434;9.967;6
4.503;0.472;0.387;4.02;0.043;22;295;0.99724;3.345;0.368;11.117;6
5.571;0.251;0.278;3.4;0.064;37;104;0.99856;3.287;0.49;10.005;5
7.309;0.557;0.252;4.73;0.07;40;304;0.99648;3.38;0.495;10.14;5
6.668;0.428;0.423;2.5;0.088;22;320;0.99816;3.336;0.382;9.691;6
8.06;0.286;0.47;10.09;0.064;35;215;0.99795;3.323;0.563;10.291;7
6.654;0.176;0.255;6.72;0.081;9;314;0.99785;3.284;0.408;10.271;6
7.334;0.329;0.454;7.64;0.089;22;239;0.99744;3.318;0.668;10.667;7
7.377;0.27;0.354;13.95;0.12;37;316;0.99827;3.353;0.483;10.512;4
6.578;0.502;0.332;6.07;0.099;44;258;0.99774;3.338;0.411;9.705;5
6.769;0.283;0.184;4.16;0.053;18;109;0.99784;3.343;0.556;9.608;7
5.123;0.384;0.167;14.99;0.116;32;133;0.99781;3.34;0.624;9.899;6
6.372;0.423;0.369;3.96;0.077;26;257;0.99651;3.331;0.524;10.679;7
6.613;0.425;-0.002;5.56;0.065;31;418;0.9985;3.36;0.462;10.637;5
6.652;0.408;0.267;2.28;0.083;30;283;0.99626;3.365;0.393;10.884;6
5.526;0.375;0.343;3.64;0.061;29;327;0.99737;3.317;0.381;9.269;6
7.425;0.473;0.131;4.89;0.073;5;6;0.99712;3.33;0.337;9.816;6
7.92;0.284;0.487;8.08;0.059;3;97;0.99749;3.341;0.473;11.002;6
6.354;0.463;0.458;7.26;0.072;36;85;0.99782;3.325;0.66;11.459;5
5.42;0.284;0.191;10.54;0.031;27;55;0.99583;3.299;0.454;10.051;6
8.019;0.408;0.297;3.59;0.105;10;7;0.99973;3.331;0.333;11.251;7
10.186;0.281;0.293;3.58;0.081;40;277;0.99455;3.317;0.514;11.002;5
6.74;0.326;0.299;5.69;0.089;19;325;0.99592;3.335;0.522;11.783;5
3.96;0.474;0.234;3.22;0.091;38;428;0.99815;3.367;0.574;8.681;7
5.563;0.517;0.352;3.88;0.078;30;69;0.99711;3.355;0.542;10.312;5
5.249;0.221;0.467;5.1;0.107;36;421;0.99906;3.362;0.31;10.109;5
5.317;0.302;0.33;2.32;0.103;18;132;0.99775;3.349;0.517;11.19;5
5.041;0.297;0.317;2.5;0.072;32;207;1.00015;3.327;0.499;9.696;6
6.945;0.55;0.282;6.52;0.101;13;145;0.99476;3.323;0.368;10.208;6
8.656;0.277;0.267;3.3;0.068;30;165;0.99738;3.33;0.636;11.168;6
8.246;0.483;0.348;8.54;0.073;44;136;0.99921;3.383;0.476;10.847;5
7.678;0.344;0.254;3.67;0.089;36;42;0.99776;3.342;0.429;10.452;5
5.579;0.268;0.19;2.91;0.084;9;416;0.99422;3.368;0.455;9.667;6
7.488;0.432;0.342;7.6;0.081;7;32;0.9997;3.361;0.536;10.65;4
5.78;0.282;0.118;4.13;0.039;5;425;0.99874;3.341;0.607;10.359;6
6.554;0.45;0.27;6.24;0.06;21;18;0.99448;3.301;0.547;10.119;5
5.392;0.46;0.281;3.35;0.079;19;112;0.99817;3.329;0.5;10.68;5
8.307;0.528;0.289;3.17;0.094;20;149;0.9939;3.357;0.539;10.041;6
8.495;0.277;0.168;3.96;0.09;39;173;0.99819;3.322;0.398;10.696;6
6.04;0.547;0.212;3.18;0.068;34;348;0.99736;3.33;0.471;10.011;6
6.47;0.479;0.3;4.29;0.087;9;146;0.99688;3.307;0.444;11.236;6
6.773;0.214;0.368;2.92;0.054;20;273;0.99711;3.302;0.441;10.539;5
7.212;0.601;0.305;6.08;0.087;34;236;0.9958;3.312;0.702;10.43;5
7.361;0.579;0.265;8.56;0.12;38;97;0.99648;3.31;0.546;10.002;4
6.887;0.285;0.227;6.65;0.074;22;149;0.9984;3.35;0.49;10.015;6
7.51;0.414;0.319;2.69;0.057;23;101;0.99342;3.357;0.302;11.349;6
4.392;0.267;0.02;12.75;0.102;3;299;0.99859;3.305;0.577;9.55;4
6.073;0.386;0.363;2.41;0.078;6;363;0.99766;3.349;0.492;10.886;6
4.911;0.381;0.432;5.5;0.075;23;433;0.9993;3.326;0.449;11.008;5
9.34;0.447;0.311;5.1;0.089;44;410;0.99819;3.317;0.434;10.572;7
8.941;0.299;0.222;8.41;0.071;37;66;1.00124;3.327;0.524;11.889;5
7.942;0.379;0.45;3.32;0.092;45;28;1.00072;3.362;0.294;10.843;6
9.15;0.264;0.275;3.59;0.06;18;222;0.99602;3.313;0.398;11.924;7
8.477;0.47;0.4;11.87;0.07;43;393;0.99955;3.358;0.511;9.11;5
9.08;0.414;0.323;11.63;0.079;15;375;0.99499;3.301;0.46;10.628;6
4.724;0.388;0.241;2.91;0.086;4;247;0.99811;3.324;0.426;11.068;7
6.008;0.521;0.27;4.03;0.086;20;404;0.99834;3.289;0.38;11.142;6
3.61;0.458;0.247;3.17;0.091;38;86;0.99654;3.324;0.64;10.42;6
7.116;0.366;0.353;2.16;0.069;5;286;0.99827;3.316;0.462;12.095;8
5.331;0.491;0.372;11.6;0.064;44;244;0.99605;3.288;0.513;11.052;6
6.483;0.277;0.273;3.34;0.09;34;210;0.99816;3.329;0.555;11.007;7
6.783;0.406;0.243;4.95;0.05;3;155;0.99947;3.295;0.423;10.8;4
5.942;0.194;0.327;5.64;0.076;22;66;0.99626;3.334;0.424;10.642;5
6.02;0.401;0.335;2.67;0.1;23;306;0.99611;3.328;0.698;10.0;7
6.953;0.35;0.302;9.46;0.091;38;35;0.99723;3.34;0.545;9.505;5
6.291;0.48;0.354;3.33;0.103;27;122;0.99593;3.297;0.569;10.049;5
7.561;0.303;0.41;2.56;0.068;36;343;0.99919;3.315;0.464;11.72;6
3.346;0.327;0.337;5.99;0.074;13;37;0.99815;3.333;0.767;9.424;6
6.811;0.352;0.408;5.31;0.065;42;297;0.99834;3.292;0.579;11.827;6
7.846;0.376;0.311;3.52;0.069;18;277;0.99663;3.347;0.388;10.596;7
6.842;0.451;0.412;4.6;0.085;19;321;0.99553;3.367;0.32;9.8;6
5.213;0.281;0.372;19.65;0.095;27;384;0.99775;3.313;0.623;11.368;6
6.736;0.226;0.408;7.93;0.076;43;350;0.99553;3.307;0.388;10.907;6
6.638;0.251;0.271;4.79;0.113;34;335;0.998;3.347;0.605;9.43;7
5.961;0.48;0.192;3.86;0.085;37;321;0.99499;3.363;0.329;10.552;7
8.069;0.249;0.281;22.79;0.036;21;208;0.99467;3.317;0.445;11.43;6
5.241;0.358;0.298;3.71;0.095;30;9;0.99902;3.314;0.628;10.195;5
6.472;0.272;0.354;2.32;0.069;45;176;0.99664;3.326;0.453;11.254;6
6.404;0.484;0.299;12.56;0.082;32;238;0.99661;3.311;0.552;10.255;4
9.736;0.338;0.45;3.6;0.065;30;243;0.9993;3.329;0.479;10.872;6
5.925;0.525;0.167;2.25;0.071;19;354;0.99313;3.31;0.591;10.238;5
5.936;0.32;0.135;2.59;0.121;13;14;0.99926;3.305;0.498;9.922;7
7.916;0.412;0.299;2.62;0.099;23;108;0.99697;3.362;0.493;10.725;7
5.381;0.492;0.214;2.25;0.077;42;337;0.99503;3.349;0.577;10.352;5
7.286;0.474;0.324;3.2;0.063;27;165;0.99423;3.312;0.472;10.437;7
3.012;0.294;0.352;3.43;0.075;10;95;0.99626;3.327;0.517;10.675;6
7.285;0.348;0.583;18.59;0.066;3;412;0.99764;3.359;0.753;10.643;6
6.569;0.387;0.174;4.5;0.093;15;278;0.99417;3.321;0.477;10.16;5
4.565;0.223;0.189;3.45;0.105;41;297;0.99896;3.354;0.602;10.597;6
8.714;0.457;0.307;4.28;0.048;3;67;0.99685;3.337;0.439;10.672;4
7.365;0.39;0.203;5.4;0.083;37;61;0.99673;3.333;0.437;11.441;6
7.152;0.412;0.262;10.17;0.074;17;41;0.99543;3.329;0.494;10.275;6
4.184;0.28;0.408;13.61;0.079;8;269;0.99706;3.324;0.571;10.116;5
5.327;0.373;0.338;2.32;0.09;17;326;0.99762;3.295;0.636;10.904;7
6.135;0.425;0.315;2.54;0.064;20;417;0.99816;3.327;0.556;10.594;6
4.678;0.489;0.422;4.69;0.062;11;237;0.99513;3.323;0.454;10.106;6
6.653;0.369;0.11;24.67;0.083;35;287;0.99593;3.361;0.524;10.621;3
8.246;0.445;0.333;3.6;0.064;5;395;0.99585;3.316;0.495;11.284;7
6.764;0.547;0.342;11.07;0.064;27;270;0.9997;3.282;0.705;10.794;7
4.623;0.341;0.342;3.49;0.095;24;42;0.99598;3.321;0.565;10.705;5
5.895;0.361;0.2;3.48;0.056;7;137;0.99988;3.372;0.506;10.467;5
4.848;0.374;0.251;4.07;0.107;14;301;0.99735;3.305;0.48;10.56;5
6.879;0.246;0.296;14.67;0.108;9;352;1.00067;3.327;0.446;10.216;6
7.345;0.34;0.396;3.62;0.071;44;221;0.9986;3.34;0.51;11.02;6
7.068;0.513;0.275;4.99;0.088;28;113;0.99712;3.347;0.711;12.571;6
6.661;0.305;0.363;5.97;0.06;40;218;0.99723;3.338;0.35;10.379;7
8.086;0.375;0.097;9.57;0.076;11;96;0.99899;3.363;0.539;10.755;5
9.043;0.511;0.348;4.95;0.072;21;427;0.99979;3.323;0.55;10.097;6
5.763;0.456;0.376;9.38;0.065;4;12;0.99638;3.341;0.359;10.089;6
8.018;0.402;0.231;19.86;0.098;7;190;0.99777;3.319;0.583;10.646;6
6.743;0.343;0.295;8.65;0.086;10;22;0.99426;3.29;0.574;10.329;6
4.516;0.408;0.28;3.84;0.104;19;102;0.99549;3.346;0.317;9.488;5
7.961;0.414;0.315;4.39;0.053;30;304;0.99657;3.295;0.58;11.009;5
7.911;0.433;0.452;5.78;0.075;5;346;0.99952;3.356;0.482;10.625;6
7.167;0.388;0.338;4.08;0.071;45;236;0.99774;3.37;0.448;10.718;6
7.557;0.47;0.301;2.81;0.048;45;263;0.99622;3.349;0.413;10.361;6
6.376;0.211;0.285;3.0;0.103;45;303;1.00093;3.314;0.493;10.309;6
5.384;0.466;0.341;3.51;0.082;13;280;0.99519;3.321;0.615;9.503;7
9.518;0.326;0.398;2.32;0.087;20;80;0.99583;3.334;0.435;11.017;6
8.265;0.38;0.346;70.49;0.11;34;240;0.99629;3.349;0.639;10.392;8
6.701;0.364;0.24;9.16;0.073;19;249;0.99702;3.33;0.695;10.79;6
8.379;0.442;0.288;3.5;0.111;31;267;0.99703;3.316;0.62;11.091;7
9.031;0.359;0.252;3.23;0.042;23;407;0.99597;3.326;0.425;10.683;6
6.088;0.467;0.21;12.75;0.111;40;261;0.99864;3.364;0.529;9.634;6
8.32;0.28;0.293;2.59;0.093;35;376;0.99632;3.308;0.467;11.319;7
6.686;0.393;0.27;2.9;0.055;28;286;0.99672;3.354;0.357;10.659;6
7.344;0.523;0.373;10.74;0.058;11;285;0.99605;3.337;0.507;9.978;6
6.474;0.497;0.197;4.56;0.132;31;94;0.9958;3.317;0.288;10.537;6
10.216;0.352;0.32;8.56;0.069;42;371;0.99822;3.324;0.497;10.871;6
6.609;0.389;0.21;5.14;0.103;30;198;0.99645;3.311;0.386;10.29;6
7.846;0.338;0.403;4.79;0.087;23;6;0.99689;3.329;0.341;11.173;6
6.894;0.398;0.32;3.37;0.087;30;356;0.99653;3.331;0.436;10.356;6
5.757;0.412;0.412;6.75;0.082;8;76;0.9942;3.321;0.407;10.353;6
8.396;0.496;0.377;5.64;0.055;26;383;0.99597;3.329;0.625;10.977;5
6.76;0.442;0.216;5.61;0.057;15;259;0.99168;3.315;0.615;9.864;6
6.436;0.523;0.325;3.75;0.063;31;361;0.9971;3.323;0.714;10.566;6
7.177;0.525;0.266;12.49;0.097;20;92;0.99873;3.342;0.525;11.057;7
6.258;0.242;0.282;5.02;0.039;7;11;0.99462;3.339;0.472;10.706;5
7.764;0.447;0.185;7.43;0.064;19;336;0.9949;3.341;0.473;9.827;5
8.187;0.323;0.303;2.77;0.086;30;129;0.99474;3.322;0.619;11.886;6
7.836;0.242;0.308;2.45;0.081;8;10;0.99774;3.333;0.478;10.402;6
5.459;0.259;0.355;8.28;0.068;22;126;0.9963;3.256;0.638;11.534;7
7.803;0.313;0.578;3.36;0.057;36;154;0.99627;3.308;0.481;11.278;6
4.934;0.584;0.265;3.11;0.05;19;72;0.99403;3.334;0.416;10.491;5
7.127;0.388;0.329;6.18;0.064;35;73;0.99709;3.341;0.632;11.149;6
8.486;0.374;0.3;14.15;0.058;20;13;0.99652;3.355;0.566;10.132;6
7.457;0.373;0.3;4.06;0.068;33;415;0.9969;3.315;0.564;10.415;8
6.6;0.312;0.285;4.02;0.061;38;256;0.99809;3.311;0.489;10.534;6
7.926;0.423;0.3;6.56;0.052;45;401;0.99884;3.308;0.453;10.293;6
7.613;0.403;0.269;7.13;0.111;42;43;0.99759;3.347;0.497;9.355;5
9.707;0.215;0.396;5.01;0.036;37;384;0.99455;3.336;0.404;10.729;6
4.798;0.312;0.378;2.38;0.092;30;101;0.99779;3.306;0.483;10.661;7
6.832;0.736;0.21;8.53;0.074;8;374;0.99825;3.357;0.382;10.596;5
5.396;0.483;0.28;3.19;0.073;18;318;0.99787;3.362;0.501;10.133;5
6.433;0.344;0.377;29.88;0.05;35;112;0.99851;3.311;0.415;10.301;5
7.477;0.433;0.307;3.31;0.057;16;421;0.99428;3.313;0.342;12.021;6
4.759;0.309;0.274;5.57;0.073;4;422;0.9974;3.326;0.43;9.197;3
3.442;0.406;0.294;4.64;0.039;37;6;0.99879;3.334;0.39;11.459;7
5.504;0.476;0.37;5.49;0.1;38;330;0.99587;3.285;0.429;10.519;7
6.569;0.225;0.335;46.25;0.082;22;64;0.99711;3.291;0.358;12.381;6
9.013;0.332;0.244;4.12;0.081;6;438;0.99712;3.33;0.745;10.412;6
6.729;0.311;0.346;10.67;0.072;42;342;0.99705;3.319;0.512;11.718;7
5.251;0.357;0.435;4.83;0.101;39;193;0.99533;3.348;0.667;10.699;6
4.233;0.33;0.229;3.91;0.077;20;231;1.00051;3.278;0.545;10.343;6
5.877;0.432;0.358;8.52;0.097;9;341;0.99461;3.364;0.471;9.323;6
5.887;0.511;0.266;6.09;0.069;14;213;0.99765;3.3;0.357;9.755;5
6.884;0.427;0.665;4.3;0.115;16;300;0.99583;3.339;0.582;10.228;7
4.725;0.491;0.371;2.96;0.066;41;220;0.99901;3.333;0.535;10.665;5
5.642;0.495;0.314;6.49;0.058;11;105;0.99417;3.302;0.508;10.966;6
3.324;0.342;0.29;122.23;0.067;18;272;0.99503;3.339;0.487;10.666;5
7.202;0.408;0.173;4.43;0.096;26;154;0.99763;3.321;0.397;10.801;6
4.73;0.347;0.268;7.67;0.11;44;224;0.99442;3.322;0.387;11.155;6
3.44;0.433;0.525;3.49;0.083;34;383;0.9951;3.324;0.519;11.161;5
8.564;0.349;0.353;131.4;0.121;20;20;0.9958;3.301;0.549;11.585;7
7.085;0.387;0.268;2.59;0.061;9;345;0.99798;3.312;0.653;11.5;6
7.114;0.562;0.305;3.48;0.065;18;226;0.99823;3.295;0.288;10.544;5
7.967;0.344;0.344;2.36;0.065;41;204;0.99281;3.329;0.559;11.206;6
5.332;0.236;0.221;8.06;0.105;35;432;0.99723;3.338;0.484;11.121;7
8.352;0.398;0.325;5.36;0.06;37;148;1.00021;3.307;0.412;10.849;6
5.201;0.423;0.356;6.54;0.08;20;47;0.99972;3.308;0.461;10.708;6
9.083;0.355;0.155;4.79;0.058;18;6;0.99838;3.334;0.547;9.861;3
7.458;0.382;0.303;17.83;0.081;10;397;0.99411;3.304;0.462;10.613;7
3.686;0.51;0.029;14.9;0.065;26;117;0.9993;3.344;0.459;10.506;5
7.743;0.349;0.14;12.31;0.141;29;84;0.9958;3.346;0.451;10.601;5
9.807;0.36;0.402;2.15;0.093;39;89;0.9972;3.299;0.486;10.26;5
6.757;0.307;0.443;3.04;0.067;25;76;0.99769;3.325;0.773;10.106;5
8.93;0.396;0.516;5.19;0.092;7;371;0.99625;3.307;0.746;10.767;7
6.913;0.36;0.205;9.53;0.075;40;128;0.99836;3.339;0.623;10.763;6
6.002;0.295;0.308;2.14;0.066;16;119;0.99722;3.289;0.321;10.569;7
3.253;0.371;0.283;18.38;0.089;27;254;0.99646;3.349;0.687;10.065;7
8.771;0.558;0.424;6.12;0.048;12;318;0.99562;3.32;0.47;9.485;5
5.487;0.25;0.316;18.55;0.113;33;431;0.99693;3.341;0.505;9.969;5
7.535;0.245;0.329;2.78;0.103;29;423;0.99542;3.314;0.448;10.776;7
4.22;0.462;0.331;3.21;0.062;18;379;0.99556;3.303;0.514;11.049;5
5.389;0.259;0.264;2.89;0.077;17;385;0.99914;3.335;0.38;10.372;6
8.082;0.591;0.394;3.42;0.042;31;163;1.0001;3.353;0.597;10.338;6
5.556;0.271;0.252;3.2;0.094;10;54;0.99779;3.356;0.53;10.705;5
6.324;0.258;0.421;2.41;0.085;30;196;0.99454;3.325;0.444;11.092;5
4.74;0.351;0.319;13.84;0.085;22;327;0.99614;3.306;0.471;10.68;6
6.962;0.5;0.33;7.13;0.069;10;244;0.99699;3.3;0.397;9.582;6
7.807;0.471;0.201;3.13;0.078;26;105;0.99501;3.345;0.491;10.61;6
5.66;0.465;0.146;2.29;0.068;16;213;0.99721;3.334;0.461;10.703;5
6.997;0.4;0.181;12.14;0.071;33;122;0.99728;3.326;0.455;11.177;5
4.303;0.548;0.328;2.23;0.07;8;290;0.99511;3.332;0.379;9.619;3
8.683;0.215;0.105;2.82;0.066;38;130;0.99386;3.314;0.484;9.829;5
5.788;0.422;0.437;2.69;0.066;43;7;0.99862;3.339;0.454;11.208;8
6.205;0.544;0.267;3.24;0.029;30;255;0.99797;3.308;0.473;10.867;5
9.05;0.289;0.18;6.64;0.063;21;179;0.99862;3.348;0.418;10.615;6
6.38;0.425;0.342;9.21;0.097;27;153;0.99608;3.337;0.639;10.697;6
4.399;0.518;0.185;5.94;0.109;36;35;0.99631;3.347;0.436;10.019;6
5.798;0.5;0.328;2.77;0.065;25;338;1.0004;3.335;0.628;11.542;7
6.42;0.371;0.292;13.73;0.079;4;62;0.99847;3.352;0.507;10.882;3
9.276;0.572;0.426;12.39;0.105;41;121;0.99923;3.327;0.573;11.641;6
6.887;0.448;0.389;8.61;0.047;39;266;0.9991;3.346;0.277;10.56;5
6.547;0.491;0.404;40.34;0.086;35;96;0.99564;3.337;0.684;10.884;7
8.921;0.247;0.307;2.85;0.039;28;280;0.99668;3.322;0.341;11.242;5
9.181;0.294;0.453;3.19;0.083;34;410;0.99229;3.32;0.463;11.056;5
6.218;0.296;0.325;3.17;0.071;4;214;0.99916;3.294;0.434;11.579;7
8.963;0.556;0.329;3.39;0.075;14;67;0.9927;3.347;0.599;11.379;5
7.731;0.173;0.343;7.66;0.076;5;156;0.99817;3.367;0.567;10.419;6
7.403;0.212;0.337;5.48;0.118;11;363;0.99625;3.337;0.389;10.933;6
3.608;0.462;0.19;3.77;0.024;33;344;0.99897;3.348;0.563;11.171;6
7.169;0.4;0.377;11.93;0.049;42;66;0.99826;3.321;0.584;11.049;6
8.423;0.114;0.148;4.52;0.085;15;217;0.99751;3.306;0.424;10.303;6
6.112;0.363;0.345;3.48;0.086;15;74;0.99717;3.373;0.454;9.938;6
10.119;0.357;0.308;3.37;0.063;8;303;0.99741;3.328;0.475;10.411;5
7.084;0.5;0.327;2.65;0.085;12;124;0.99765;3.308;0.494;10.605;6
4.482;0.239;0.173;4.13;0.084;23;22;0.99825;3.353;0.525;11.337;6
7.919;0.327;0.418;3.05;0.079;27;439;0.99849;3.305;0.572;9.683;7
8.02;0.461;0.33;4.42;0.097;21;260;0.99892;3.332;0.457;11.223;7
7.533;0.482;0.375;6.14;0.064;22;361;0.99585;3.35;0.484;10.909;5
6.438;0.302;0.241;6.55;0.083;13;287;0.99996;3.326;0.518;9.629;5
8.038;0.386;0.22;3.65;0.101;36;233;0.99529;3.349;0.476;10.516;6
6.431;0.23;0.335;24.27;0.065;45;376;0.99825;3.296;0.349;10.418;6
6.54;0.541;0.392;2.76;0.107;23;93;0.99577;3.353;0.359;9.573;6
4.738;0.36;0.174;7.96;0.063;44;173;1.00117;3.333;0.408;10.434;7
5.581;0.518;0.253;4.8;0.045;8;85;0.99785;3.313;0.444;10.658;6
7.581;0.448;0.284;5.73;0.053;33;235;0.9984;3.326;0.575;10.951;3
5.453;0.321;0.269;3.28;0.083;27;270;1.00153;3.331;0.385;10.316;5
5.458;0.404;0.24;3.15;0.104;4;113;1.00003;3.345;0.707;9.252;5
6.762;0.443;0.424;7.5;0.069;34;386;1.00021;3.342;0.377;11.392;6
7.308;0.427;0.385;2.4;0.077;39;322;0.99448;3.335;0.496;10.835;6
8.663;0.508;0.345;5.15;0.073;31;132;0.99532;3.315;0.511;10.97;6
7.175;0.528;0.364;2.54;0.096;28;209;0.99819;3.337;0.355;10.332;5
7.392;0.456;0.376;2.36;0.064;25;54;0.99718;3.342;0.558;9.494;5
7.402;0.445;0.266;4.93;0.074;5;77;0.99602;3.343;0.533;10.229;8
6.249;0.313;0.251;3.44;0.058;31;259;0.99611;3.295;0.442;10.333;6
4.97;0.316;0.394;25.07;0.085;6;222;0.99484;3.334;0.468;10.755;7
7.24;0.412;0.551;2.39;0.09;10;38;0.99944;3.321;0.399;10.614;8
4.869;0.456;0.054;5.18;0.037;21;323;1.00017;3.306;0.568;9.81;5
3.923;0.296;0.24;5.03;0.085;44;383;0.99761;3.323;0.49;9.937;6
8.924;0.391;0.378;5.26;0.076;28;315;0.99985;3.333;0.407;10.199;5
4.624;0.296;0.252;3.61;0.091;40;161;0.99486;3.35;0.589;11.662;6
7.567;0.327;0.405;2.45;0.062;14;226;1.00344;3.329;0.305;10.59;6
7.053;0.538;0.312;8.08;0.082;17;117;0.99688;3.326;0.515;10.037;4
6.072;0.315;0.177;8.17;0.056;16;345;1.00013;3.343;0.534;10.792;6
11.103;0.302;0.293;6.15;0.091;28;40;0.99561;3.329;0.508;11.087;7
7.503;0.419;0.374;5.66;0.121;18;319;0.99761;3.327;0.553;11.787;7
7.367;0.332;0.293;12.2;0.074;20;18;0.99797;3.354;0.639;11.483;8
9.268;0.409;0.367;10.0;0.11;3;363;0.99982;3.335;0.593;10.714;6
6.439;0.22;0.372;7.83;0.106;33;241;0.99537;3.291;0.443;10.57;6
4.489;0.4;0.272;3.35;0.075;43;229;0.99717;3.356;0.574;10.48;7
5.192;0.363;0.342;10.3;0.082;14;201;0.9969;3.316;0.44;10.879;6
5.647;0.323;0.268;3.03;0.084;12;141;1.00083;3.371;0.431;10.282;6
6.915;0.335;0.335;6.17;0.1;24;268;0.99677;3.341;0.536;10.827;7
7.147;0.368;0.212;2.9;0.066;20;97;0.99568;3.329;0.435;10.841;7
4.46;0.48;0.439;4.27;0.095;31;43;0.99391;3.333;0.557;9.506;6
7.327;0.573;0.288;8.5;0.061;12;161;0.99239;3.334;0.554;10.363;6
9.822;0.408;0.416;3.93;0.093;44;399;0.99397;3.356;0.557;10.979;6
5.934;0.53;0.522;9.75;0.077;24;105;0.99818;3.343;0.405;10.726;5
6.431;0.41;0.455;3.6;0.045;33;56;0.99496;3.337;0.511;10.388;5
7.641;0.254;0.304;19.13;0.072;40;303;0.99626;3.312;0.575;10.506;5
9.014;0.377;0.347;4.28;0.086;8;98;0.99528;3.326;0.609;10.932;5
6.047;0.508;0.315;50.24;0.074;41;13;0.99467;3.344;0.689;10.427;6
5.958;0.507;0.362;8.0;0.081;27;233;0.995;3.326;0.62;10.816;8
5.215;0.313;0.227;4.6;0.125;9;72;0.99817;3.327;0.357;10.554;5
8.239;0.613;0.135;2.79;0.053;10;221;0.99641;3.309;0.478;11.241;5
8.386;0.308;0.355;3.71;0.062;12;71;0.99829;3.364;0.516;10.745;6
3.229;0.341;0.296;25.98;0.066;5;228;0.99775;3.339;0.347;9.762;5
4.323;0.319;0.48;2.68;0.076;14;423;0.9937;3.322;0.456;10.908;6
5.992;0.495;0.522;2.48;0.063;41;301;0.99559;3.315;0.396;11.688;7
5.034;0.417;0.196;5.78;0.072;39;371;0.99863;3.315;0.457;11.095;5
6.82;0.503;0.201;12.9;0.065;11;325;1.00086;3.325;0.625;9.811;4
6.265;0.211;0.352;3.79;0.068;38;10;0.99511;3.391;0.469;10.174;5
9.246;0.401;0.411;3.05;0.12;35;259;0.99837;3.316;0.377;10.333;5
8.251;0.369;0.337;4.12;0.128;40;94;0.99918;3.316;0.346;11.036;7
7.194;0.451;0.326;4.14;0.074;43;405;1.00162;3.299;0.439;11.239;5
8.452;0.348;0.135;11.4;0.081;20;296;0.99669;3.325;0.713;10.727;6
5.455;0.511;0.527;23.69;0.045;4;75;0.99916;3.338;0.44;10.08;6
5.741;0.289;0.282;4.31;0.065;45;185;0.99446;3.307;0.486;10.484;7
6.407;0.275;0.348;3.09;0.097;30;230;0.99974;3.369;0.762;9.985;5
8.66;0.213;0.366;2.72;0.084;10;302;0.99828;3.341;0.556;11.356;6
4.754;0.505;0.236;2.4;0.073;38;43;0.99391;3.314;0.451;10.907;5
7.541;0.487;0.372;4.5;0.119;27;281;0.99632;3.32;0.467;9.537;6
8.2;0.31;0.458;2.48;0.138;34;175;0.99648;3.365;0.383;9.866;6
6.099;0.499;0.308;7.95;0.075;14;355;0.9978;3.323;0.589;10.574;7
6.478;0.399;0.303;4.09;0.061;6;404;0.99786;3.336;0.471;9.324;5
5.851;0.404;0.352;3.24;0.095;24;32;0.99829;3.365;0.342;10.315;7
6.281;0.277;0.38;15.26;0.101;16;42;0.99857;3.361;0.341;10.11;6
7.987;0.338;0.396;2.4;0.061;41;185;0.99496;3.33;0.417;9.829;5
5.543;0.408;0.222;9.35;0.078;8;266;0.99465;3.337;0.376;10.438;6
8.455;0.406;0.23;5.04;0.1;45;214;0.99772;3.329;0.521;10.287;6
7.625;0.355;0.243;5.59;0.09;4;293;0.99522;3.339;0.267;10.04;6
8.005;0.493;0.051;4.66;0.062;18;206;0.99617;3.322;0.62;10.706;6
4.136;0.527;0.191;2.77;0.096;42;420;0.99678;3.346;0.596;10.045;7
3.728;0.332;0.276;7.27;0.065;24;369;1.00082;3.341;0.26;10.853;7
7.107;0.459;0.221;12.1;0.115;19;384;0.99801;3.348;0.351;10.813;6
6.416;0.228;0.249;2.29;0.076;15;292;0.99974;3.317;0.513;10.642;7
5.939;0.428;0.401;5.01;0.04;32;157;0.99867;3.307;0.559;11.242;6
4.958;0.33;0.314;4.36;0.066;38;82;0.99591;3.363;0.567;8.658;4
4.703;0.386;0.383;3.94;0.096;26;261;1.00075;3.339;0.483;10.205;5
6.74;0.396;0.31;6.22;0.114;9;181;0.99606;3.312;0.514;9.88;6
6.635;0.335;0.307;4.16;0.081;17;338;0.99888;3.319;0.407;10.897;6
5.532;0.508;0.216;3.72;0.075;25;376;0.99818;3.3;0.531;11.466;6
7.808;0.305;0.348;12.05;0.124;44;72;0.99589;3.323;0.417;9.814;6
5.908;0.317;0.171;2.92;0.047;36;342;0.99314;3.338;0.482;11.726;5
8.284;0.43;0.224;3.71;0.101;33;180;0.9983;3.341;0.417;10.749;5
4.34;0.362;0.396;3.67;0.044;20;15;0.99638;3.312;0.531;10.06;6
9.282;0.462;0.35;3.1;0.05;6;334;1.00275;3.344;0.616;10.176;6
5.359;0.354;0.325;3.49;0.054;11;16;0.9957;3.315;0.563;10.388;5
7.48;0.322;0.196;14.57;0.097;9;33;0.99736;3.328;0.382;10.16;5
7.327;0.489;0.335;3.06;0.089;24;266;0.99673;3.34;0.585;10.654;6
7.193;0.385;0.257;44.51;0.073;37;228;0.99549;3.295;0.61;11.301;6
8.177;0.468;0.313;2.46;0.086;35;399;0.99951;3.306;0.374;10.103;5
7.034;0.507;0.235;2.18;0.062;30;229;0.99938;3.324;0.442;10.987;5
4.676;0.344;0.501;3.22;0.108;22;154;0.99456;3.325;0.603;10.786;5
7.333;0.321;0.456;2.65;0.081;41;57;0.99605;3.345;0.434;10.599;6
8.154;0.361;0.22;12.5;0.092;45;73;0.99667;3.342;0.451;11.137;6
5.666;0.345;0.186;6.38;0.054;38;7;0.99573;3.338;0.599;10.386;5
4.222;0.208;0.3;2.8;0.079;34;218;0.99914;3.309;0.577;11.257;5
6.176;0.543;0.381;4.11;0.053;20;310;0.99706;3.341;0.632;10.602;6
7.106;0.44;0.425;3.86;0.094;6;261;0.99647;3.301;0.403;10.862;6
6.906;0.632;0.293;50.43;0.048;33;184;0.99781;3.325;0.667;9.904;4
8.616;0.33;0.203;5.08;0.093;31;362;0.99772;3.329;0.268;10.542;5
7.593;0.451;0.34;5.54;0.101;5;415;0.99667;3.313;0.529;10.08;5
8.989;0.362;0.396;6.75;0.082;37;59;0.99567;3.327;0.566;11.747;8
5.354;0.331;0.216;5.39;0.097;36;117;0.99719;3.33;0.457;11.123;8
9.324;0.515;0.261;4.63;0.114;44;37;0.99894;3.32;0.326;9.696;5
6.475;0.41;0.267;3.01;0.075;43;108;0.99611;3.316;0.471;10.165;5
7.307;0.416;0.189;4.91;0.074;38;402;0.99901;3.347;0.539;9.626;5
5.848;0.428;0.314;5.31;0.072;30;8;0.99396;3.337;0.392;10.717;6
7.08;0.159;0.432;2.59;0.076;38;427;0.99633;3.364;0.546;9.897;7
6.503;0.34;0.393;4.87;0.077;42;125;0.99961;3.351;0.514;9.865;6
8.44;0.348;0.202;2.65;0.078;6;317;1.00197;3.385;0.434;10.384;5
8.9;0.556;0.253;2.41;0.115;35;175;0.99863;3.304;0.417;11.441;6
7.892;0.442;0.386;4.41;0.079;12;69;0.9979;3.304;0.634;11.107;5
9.532;0.474;0.276;6.66;0.071;26;124;1.0022;3.314;0.394;10.509;6
5.937;0.467;0.266;9.4;0.111;23;139;1.00054;3.309;0.582;10.554;5
7.803;0.365;0.532;3.41;0.054;5;65;0.99745;3.301;0.417;10.906;5
6.217;0.551;0.069;2.51;0.077;22;244;0.99703;3.363;0.474;10.532;5
8.909;0.364;0.259;2.97;0.089;8;354;0.99278;3.334;0.504;10.692;6
7.331;0.239;0.25;3.96;0.09;6;10;0.99848;3.341;0.639;10.308;6
7.81;0.471;0.291;4.3;0.056;45;131;0.996;3.35;0.434;10.785;6
9.417;0.502;0.481;6.39;0.05;28;67;0.99777;3.328;0.58;10.527;6
3.423;0.422;0.281;4.13;0.057;36;84;0.99484;3.325;0.42;10.855;5
10.216;0.417;0.297;10.42;0.06;28;182;0.99542;3.344;0.644;11.235;5
7.879;0.462;0.351;3.28;0.099;26;264;0.99865;3.354;0.422;10.732;7
6.147;0.55;0.274;6.39;0.078;10;366;0.99868;3.3;0.598;9.567;7
4.918;0.417;0.381;7.32;0.081;45;69;1.0024;3.343;0.634;11.064;7
5.916;0.575;0.536;6.02;0.064;26;281;0.9994;3.349;0.362;10.821;6
4.096;0.4;0.269;6.73;0.065;33;277;1.00045;3.305;0.63;12.497;6
7.482;0.575;0.314;2.78;0.089;32;255;0.9977;3.297;0.426;10.813;8
5.837;0.291;0.275;8.96;0.09;33;109;0.99758;3.342;0.398;10.242;4
8.979;0.503;0.093;3.48;0.076;11;402;0.99711;3.331;0.373;10.085;6
6.264;0.426;0.366;4.14;0.099;9;326;0.99742;3.343;0.404;11.018;6
8.59;0.397;0.315;2.85;0.065;34;113;0.99844;3.324;0.475;8.884;7
8.221;0.282;0.114;5.95;0.069;27;189;1.00203;3.31;0.561;10.999;6
9.869;0.494;0.29;3.61;0.069;12;304;0.99739;3.33;0.702;11.082;5
5.894;0.399;0.304;3.23;0.07;9;401;0.99572;3.329;0.494;10.028;6
7.955;0.297;0.228;7.61;0.095;42;340;0.9974;3.351;0.366;9.982;6
4.694;0.332;0.417;3.13;0.048;44;423;0.99376;3.351;0.574;10.571;6
4.654;0.395;0.232;5.93;0.091;40;343;0.99857;3.347;0.32;10.465;7
6.616;0.397;0.176;5.23;0.04;17;334;0.99195;3.348;0.55;9.825;6
6.478;0.32;0.376;6.76;0.045;4;77;0.99301;3.335;0.408;10.905;7
3.825;0.356;0.248;4.78;0.086;10;107;0.99909;3.347;0.384;9.856;5
5.809;0.452;0.308;2.69;0.087;29;146;0.99876;3.379;0.341;9.777;5
7.775;0.39;0.156;5.11;0.076;17;208;0.99572;3.296;0.583;11.489;6
6.619;0.566;0.198;5.98;0.034;32;401;0.99667;3.343;0.526;11.115;6
6.435;0.361;0.208;23.13;0.103;10;258;0.99819;3.373;0.477;10.871;6
6.25;0.438;0.325;22.92;0.097;6;193;0.99769;3.345;0.33;10.925;6
9.292;0.543;0.318;9.04;0.059;5;123;0.99466;3.309;0.436;11.088;5
9.909;0.354;0.465;9.89;0.102;19;181;0.99659;3.343;0.428;10.495;6
7.555;0.472;0.476;2.15;0.064;33;97;0.99304;3.326;0.618;9.855;5
7.066;0.408;0.34;3.47;0.077;14;421;0.99451;3.334;0.651;11.464;7
8.816;0.416;0.286;2.79;0.065;35;63;0.99601;3.327;0.574;10.634;5
7.849;0.536;0.506;7.21;0.056;44;239;0.99681;3.318;0.657;10.386;6
6.544;0.272;0.344;6.85;0.044;39;235;0.99817;3.343;0.633;10.845;7
4.847;0.338;0.406;6.89;0.073;3;398;0.99677;3.317;0.451;10.565;5
5.922;0.227;0.263;7.13;0.092;18;265;0.99648;3.309;0.505;11.344;6
9.131;0.417;0.268;6.0;0.076;19;202;0.99803;3.325;0.298;10.243;5
6.525;0.467;0.307;4.37;0.088;30;257;0.99625;3.295;0.573;11.444;7
11.18;0.362;0.253;3.4;0.095;19;303;0.9961;3.337;0.564;9.81;6
6.297;0.495;0.326;7.9;0.112;13;399;0.99986;3.369;0.346;9.613;6
6.612;0.318;0.236;4.7;0.099;14;156;0.99754;3.365;0.582;10.919;6
8.898;0.498;0.308;10.73;0.079;11;123;0.99868;3.287;0.472;11.27;5
6.478;0.384;0.351;3.64;0.084;39;168;0.99412;3.317;0.294;10.932;6
8.17;0.317;0.545;3.98;0.071;25;141;0.99465;3.331;0.501;11.431;8
5.721;0.537;0.145;3.12;0.06;6;258;0.9959;3.335;0.582;11.627;6
4.437;0.418;0.294;7.58;0.058;20;55;0.99609;3.338;0.416;10.262;6
5.686;0.453;0.371;3.08;0.114;15;428;0.99717;3.355;0.493;8.975;6
7.214;0.404;0.281;2.19;0.061;16;153;0.99672;3.348;0.537;10.461;5
6.132;0.452;0.405;3.09;0.089;15;322;0.99803;3.321;0.451;10.42;5
4.886;0.371;0.397;3.24;0.103;21;26;0.99967;3.279;0.459;10.801;7
6.913;0.303;0.334;4.66;0.087;42;277;0.99651;3.336;0.311;11.037;7
6.814;0.413;0.28;3.81;0.067;39;136;0.99731;3.341;0.528;10.693;7
6.997;0.418;0.314;12.98;0.083;15;148;0.99775;3.333;0.517;10.123;7
6.944;0.392;0.33;5.84;0.105;28;387;0.9991;3.332;0.694;10.702;8
4.196;0.349;0.241;9.92;0.056;39;385;0.99446;3.332;0.56;11.101;5
8.549;0.591;0.306;14.72;0.064;26;383;0.99793;3.298;0.458;9.826;5
6.226;0.321;0.214;10.65;0.068;38;104;0.99669;3.305;0.356;10.945;7
7.171;0.423;0.206;9.54;0.097;29;268;0.99873;3.369;0.273;10.616;6
9.246;0.398;0.196;3.6;0.093;41;278;0.99949;3.343;0.452;10.794;6
7.916;0.312;0.395;6.43;0.071;13;63;0.99615;3.361;0.426;10.153;6
7.499;0.265;0.273;4.43;0.078;30;370;0.99617;3.347;0.551;10.102;5
7.312;0.44;0.245;8.42;0.094;27;223;0.99762;3.32;0.505;10.071;6
7.339;0.457;0.39;3.43;0.055;42;78;0.99825;3.35;0.494;10.603;5
7.021;0.453;0.227;7.67;0.083;26;166;0.99444;3.334;0.574;9.968;5
7.414;0.251;0.333;3.56;0.089;21;376;1.00321;3.348;0.516;10.439;6
6.774;0.343;0.318;8.25;0.09;40;294;0.99596;3.321;0.551;10.275;7
7.1;0.433;0.331;12.66;0.095;5;280;0.99661;3.31;0.501;9.799;7
7.519;0.448;0.335;12.71;0.05;41;411;0.99719;3.293;0.539;10.515;7
7.835;0.508;0.105;3.74;0.078;8;197;0.99832;3.307;0.479;10.449;6
7.774;0.412;0.477;13.94;0.064;4;121;0.99664;3.33;0.671;11.404;7
9.177;0.472;0.422;2.41;0.082;21;72;0.99914;3.328;0.515;10.315;7
7.495;0.539;0.187;5.31;0.086;14;16;0.997;3.321;0.565;10.715;7
7.965;0.176;0.39;2.57;0.078;28;93;0.99715;3.331;0.62;9.591;6
6.949;0.488;0.292;4.8;0.084;24;221;0.99616;3.331;0.465;10.146;6
5.599;0.369;0.306;2.74;0.126;3;429;0.9982;3.371;0.417;10.273;4
5.848;0.426;0.449;4.62;0.114;29;305;0.99998;3.318;0.565;11.029;6
6.576;0.416;0.405;3.25;0.099;38;22;0.99752;3.311;0.624;10.649;6
8.113;0.276;0.425;13.3;0.077;14;104;0.99902;3.318;0.685;11.862;6
7.75;0.344;0.467;32.48;0.126;25;327;0.99794;3.326;0.466;9.309;5
7.089;0.421;0.431;9.21;0.064;6;206;0.99994;3.34;0.675;11.42;5
6.262;0.37;0.261;10.69;0.043;32;319;0.99657;3.334;0.479;11.096;7
6.656;0.442;0.212;6.67;0.072;23;151;0.99233;3.327;0.499;9.917;6
8.575;0.362;0.387;4.52;0.061;31;111;0.99591;3.35;0.554;10.337;5
7.416;0.583;0.166;4.17;0.03;35;311;0.99638;3.3;0.493;10.287;6
6.629;0.349;0.298;2.76;0.054;25;177;0.99654;3.306;0.415;10.354;5
7.501;0.609;0.261;3.16;0.073;17;14;0.9986;3.33;0.437;10.759;5
4.822;0.326;0.24;8.75;0.071;6;149;0.9965;3.311;0.774;10.819;5
6.976;0.449;0.439;3.77;0.087;45;108;0.99498;3.333;0.547;10.834;6
6.915;0.496;0.348;6.28;0.091;18;270;0.99806;3.305;0.564;10.57;6
5.971;0.295;0.263;3.04;0.095;32;190;0.99709;3.318;0.366;10.859;6
5.151;0.302;0.396;37.83;0.056;9;382;1.0001;3.31;0.454;10.731;6
8.383;0.428;0.278;14.7;0.093;3;229;0.99746;3.349;0.479;10.163;7
9.351;0.5;0.43;4.55;0.111;7;318;0.99808;3.349;0.51;9.95;8
4.696;0.535;0.497;24.52;0.075;4;108;0.99699;3.357;0.552;10.328;5
6.171;0.481;0.266;6.99;0.079;9;224;0.99672;3.355;0.327;11.108;5
8.432;0.468;0.323;11.54;0.084;15;381;0.99848;3.329;0.538;11.077;6
10.725;0.257;0.447;4.38;0.087;35;152;0.99635;3.314;0.621;10.758;8
6.924;0.326;0.152;3.72;0.075;11;206;0.9944;3.315;0.631;10.751;5
4.934;0.554;0.17;15.72;0.09;39;371;0.99865;3.341;0.19;10.019;5
6.759;0.344;0.211;8.44;0.06;30;20;0.99694;3.351;0.6;10.598;8
10.101;0.356;0.172;9.13;0.041;17;345;0.99625;3.285;0.457;11.114;7
6.243;0.255;0.283;10.69;0.071;22;85;0.99922;3.362;0.396;10.468;6
7.165;0.378;0.337;5.29;0.071;8;255;0.99451;3.351;0.634;10.492;5
9.12;0.252;0.298;3.72;0.079;35;154;0.9984;3.335;0.645;11.425;6
3.47;0.44;0.297;6.36;0.07;42;183;0.99769;3.371;0.439;10.196;5
3.687;0.536;0.397;2.41;0.06;39;435;0.99725;3.346;0.488;9.788;5
8.207;0.421;0.416;5.15;0.082;26;84;0.99712;3.334;0.423;11.066;6
8.624;0.383;0.457;11.95;0.084;26;85;0.99528;3.323;0.46;11.302;5
5.375;0.334;0.319;4.22;0.07;26;33;0.99534;3.339;0.465;11.352;7
7.253;0.459;0.3;24.6;0.073;36;266;0.99777;3.318;0.296;10.345;7
7.379;0.268;0.471;3.95;0.077;16;315;0.99689;3.353;0.479;11.275;6
6.601;0.371;0.328;2.91;0.071;8;200;0.99956;3.3;0.621;9.859;6
6.168;0.581;0.456;7.47;0.085;28;206;0.99532;3.309;0.423;10.83;8
5.679;0.289;0.246;4.36;0.071;38;228;0.99937;3.339;0.425;10.02;6
5.257;0.352;0.294;7.67;0.041;21;423;1.00097;3.322;0.458;11.397;6
7.541;0.234;0.275;3.4;0.111;37;179;0.99384;3.285;0.482;11.308;6
6.104;0.527;0.293;7.27;0.089;33;95;1.0002;3.357;0.46;10.33;5
9.013;0.38;0.342;5.25;0.098;15;241;0.99817;3.282;0.52;10.968;6
7.535;0.28;0.261;5.78;0.076;42;7;0.99709;3.35;0.537;10.488;6
4.685;0.269;0.502;10.19;0.075;15;152;0.99705;3.325;0.518;9.93;7
8.121;0.472;0.197;3.22;0.076;10;344;0.99856;3.325;0.558;11.1;6
8.615;0.469;0.382;4.38;0.083;10;180;0.99411;3.346;0.556;9.439;7
6.538;0.498;0.18;11.74;0.08;31;331;0.99965;3.315;0.596;9.323;5
8.5;0.383;0.344;13.07;0.061;32;432;0.99788;3.315;0.461;10.38;5
5.925;0.514;0.203;8.32;0.096;31;129;0.99982;3.294;0.342;11.205;5
7.532;0.531;0.305;2.84;0.082;40;227;0.99318;3.293;0.597;10.892;5
5.844;0.443;0.332;5.58;0.116;39;375;0.99176;3.329;0.398;11.427;5
7.812;0.245;0.229;3.83;0.064;8;250;0.9983;3.374;0.398;9.737;5
4.29;0.227;0.172;4.01;0.075;16;61;0.99484;3.345;0.518;10.41;4
8.422;0.263;0.233;2.52;0.08;29;405;0.99819;3.321;0.385;10.152;6
4.302;0.433;0.299;2.28;0.043;24;352;0.99697;3.353;0.424;9.632;6
3.783;0.25;0.388;10.44;0.062;8;197;0.99464;3.341;0.555;10.082;7
7.904;0.276;0.476;8.94;0.037;22;76;0.99355;3.348;0.521;11.061;7
6.987;0.379;0.163;2.57;0.064;33;379;0.99872;3.352;0.627;10.199;5
7.674;0.281;0.381;3.92;0.078;36;35;0.99653;3.335;0.556;11.894;7
7.043;0.285;0.25;5.03;0.084;20;438;0.99482;3.341;0.347;10.502;5
6.716;0.487;0.309;3.49;0.1;28;234;0.99817;3.3;0.615;10.774;7
6.119;0.417;0.364;6.93;0.08;36;90;0.99416;3.312;0.584;10.706;7
6.176;0.505;0.348;3.84;0.105;33;376;0.99882;3.338;0.288;10.335;5
7.184;0.486;0.344;2.61;0.091;39;65;0.9948;3.324;0.422;10.633;6
7.243;0.542;0.297;3.78;0.037;30;310;0.99732;3.344;0.46;11.002;5
9.237;0.405;0.441;6.63;0.085;27;418;0.99902;3.34;0.655;10.615;6
4.781;0.413;0.298;3.02;0.054;38;221;0.99603;3.333;0.456;10.492;3
6.93;0.222;0.31;8.45;0.092;30;167;0.99793;3.346;0.5;10.46;5
6.747;0.403;0.383;10.96;0.11;35;420;0.9956;3.348;0.559;10.829;5
5.83;0.348;0.188;7.5;0.109;35;125;0.99906;3.322;0.505;10.503;6
4.869;0.501;0.212;7.23;0.087;26;144;0.9957;3.342;0.449;10.572;6
6.299;0.444;0.46;4.54;0.078;12;103;0.99688;3.318;0.53;11.562;7
7.795;0.554;0.269;7.13;0.055;27;86;0.99547;3.352;0.501;9.64;6
7.172;0.466;0.17;3.26;0.09;33;304;0.99843;3.347;0.578;10.68;7
7.418;0.516;0.375;2.21;0.086;25;220;1.00378;3.305;0.446;10.281;5
5.705;0.444;0.422;3.29;0.074;14;193;0.99622;3.335;0.505;10.819;6
7.354;0.408;0.232;15.85;0.054;13;435;0.99657;3.327;0.558;10.038;6
5.405;0.372;0.168;10.73;0.055;36;73;0.9967;3.346;0.367;10.763;5
5.229;0.404;0.29;2.86;0.072;42;432;0.99546;3.363;0.346;10.1;6
7.545;0.276;0.366;4.18;0.092;28;280;0.99397;3.362;0.669;11.27;6
7.439;0.406;0.275;3.26;0.075;11;198;0.99848;3.322;0.235;11.435;8
8.94;0.382;0.223;2.75;0.062;42;171;0.99386;3.316;0.568;10.29;6
4.982;0.175;0.379;3.93;0.092;23;228;0.99966;3.362;0.388;10.877;6
7.487;0.133;0.358;8.59;0.101;31;168;0.99548;3.351;0.539;9.413;7
9.266;0.315;0.164;4.94;0.083;16;290;0.99547;3.336;0.552;10.409;5
8.837;0.342;0.206;4.1;0.074;10;385;0.99586;3.354;0.393;10.741;6
5.525;0.39;0.249;2.25;0.089;7;137;0.99573;3.323;0.443;9.815;4
6.23;0.498;0.265;32.59;0.074;23;101;0.99658;3.342;0.466;10.454;6
5.296;0.362;0.297;2.77;0.095;37;145;0.99691;3.355;0.445;9.36;5
7.791;0.246;0.38;4.81;0.054;7;361;0.99375;3.326;0.539;11.24;7
6.949;0.432;0.48;8.74;0.105;20;411;0.99725;3.313;0.53;10.77;7
7.353;0.484;0.345;5.34;0.08;12;344;0.99611;3.341;0.527;10.289;5
8.141;0.529;0.415;8.86;0.123;26;26;0.99924;3.374;0.5;10.921;5
5.585;0.28;0.174;2.21;0.035;26;251;0.9992;3.297;0.55;9.966;6
4.982;0.374;0.235;3.04;0.063;38;347;0.99431;3.366;0.621;10.285;6
5.094;0.347;0.411;3.3;0.049;16;47;0.99723;3.338;0.421;11.143;6
4.978;0.53;0.175;2.62;0.079;4;166;0.99772;3.344;0.691;10.655;7
6.205;0.475;0.417;2.48;0.09;31;279;0.99637;3.331;0.563;9.457;6
6.824;0.409;0.343;9.13;0.07;16;168;0.99619;3.386;0.481;10.215;6
10.522;0.456;0.324;2.67;0.082;42;230;0.99727;3.334;0.542;11.26;6
8.071;0.335;0.317;11.06;0.08;34;262;0.9966;3.314;0.519;10.658;7
6.309;0.391;0.177;9.29;0.067;15;63;0.99494;3.33;0.234;8.923;7
8.872;0.385;0.207;3.85;0.078;16;188;0.99698;3.353;0.412;10.747;6
6.035;0.33;0.27;2.59;0.054;12;295;0.99659;3.352;0.377;10.141;6
7.401;0.361;0.272;3.42;0.07;23;361;0.99808;3.294;0.572;11.004;6
7.619;0.446;0.401;3.23;0.071;33;58;0.99681;3.314;0.552;9.861;5
8.052;0.408;0.216;3.32;0.064;44;238;0.994;3.319;0.685;9.918;4
7.105;0.542;0.238;3.15;0.059;28;48;0.99694;3.285;0.615;10.833;7
6.45;0.466;0.149;4.86;0.085;22;339;0.99769;3.313;0.589;11.433;5
5.989;0.343;0.362;3.97;0.073;35;75;0.99389;3.301;0.628;11.645;7
5.739;0.213;0.274;4.54;0.12;40;29;0.99778;3.36;0.456;10.256;6
6.121;0.24;0.419;4.63;0.036;43;399;0.9977;3.353;0.52;10.338;6
8.19;0.325;0.506;12.34;0.074;5;437;0.99548;3.321;0.611;11.287;7
6.766;0.346;0.365;26.61;0.08;25;50;0.99422;3.348;0.664;11.015;6
7.328;0.275;0.216;4.75;0.092;45;105;0.99836;3.281;0.498;10.871;6
4.213;0.364;0.318;4.48;0.086;31;301;1.00141;3.323;0.453;10.631;5
7.64;0.422;0.313;4.27;0.129;33;422;1.00124;3.325;0.545;10.367;6
5.895;0.315;0.315;9.77;0.062;33;177;0.99576;3.335;0.601;10.629;7
4.855;0.363;0.218;7.8;0.044;30;232;0.9954;3.323;0.447;10.62;6
4.59;0.389;0.331;5.06;0.092;9;304;0.9948;3.363;0.329;10.243;6
5.749;0.327;0.187;4.31;0.063;30;322;0.99752;3.327;0.433;10.135;7
8.063;0.32;0.286;7.09;0.084;42;190;0.99668;3.334;0.527;9.823;5
7.88;0.374;0.281;10.54;0.073;23;140;0.99618;3.301;0.551;11.129;6
5.202;0.41;0.067;3.68;0.12;30;159;0.99881;3.357;0.52;11.233;6
6.937;0.288;0.366;6.34;0.059;4;66;0.99668;3.306;0.669;10.535;6
6.738;0.189;0.513;2.37;0.111;8;383;1.00078;3.364;0.311;10.857;6
3.829;0.325;0.244;3.3;0.092;17;302;0.99728;3.345;0.386;10.19;5
4.03;0.49;0.195;6.58;0.091;11;277;0.99781;3.393;0.499;9.378;5
4.006;0.228;0.401;2.48;0.081;30;341;0.99561;3.348;0.63;11.179;5
6.038;0.456;0.203;2.52;0.056;13;325;0.99961;3.296;0.329;10.844;5
2.228;0.362;0.279;5.57;0.085;23;37;0.99812;3.337;0.693;11.089;5
5.422;0.409;0.321;2.31;0.083;37;221;0.99952;3.321;0.466;11.732;6
5.647;0.306;0.262;3.9;0.071;28;438;0.99551;3.312;0.433;10.116;6
6.335;0.416;0.328;28.52;0.05;31;393;0.99658;3.322;0.427;10.537;7
5.762;0.386;0.233;5.98;0.067;27;10;0.99843;3.332;0.583;9.963;5
9.081;0.398;0.278;20.58;0.071;15;62;0.99328;3.309;0.781;11.286;6
6.733;0.184;0.388;17.02;0.073;18;345;0.99756;3.309;0.482;10.793;8
7.586;0.438;0.243;3.18;0.048;25;346;0.9979;3.338;0.678;11.159;7
8.121;0.217;0.263;4.18;0.081;22;377;0.99458;3.324;0.461;9.544;6
7.958;0.361;0.237;6.1;0.103;23;54;0.9983;3.328;0.566;10.255;6
8.163;0.421;0.371;11.11;0.074;12;437;0.99517;3.367;0.593;11.321;5
6.337;0.355;0.286;15.11;0.106;38;317;0.99583;3.329;0.503;10.594;6
5.514;0.423;0.239;8.38;0.083;27;136;0.99589;3.318;0.385;11.02;5
5.768;0.399;0.343;5.93;0.07;32;6;0.99886;3.338;0.47;10.744;7
6.633;0.375;0.138;2.86;0.056;22;7;0.99528;3.34;0.337;11.006;6
6.398;0.326;0.112;10.63;0.057;4;101;0.99669;3.355;0.436;11.002;6
6.907;0.473;0.344;3.44;0.063;3;69;0.99749;3.33;0.675;11.758;6
7.275;0.538;0.44;10.06;0.082;30;332;0.99677;3.322;0.498;10.17;6
6.463;0.343;0.254;13.83;0.059;25;45;0.99889;3.338;0.431;10.107;7
9.75;0.286;0.355;2.56;0.071;14;178;0.99544;3.364;0.412;12.208;6
8.333;0.404;0.179;26.97;0.114;20;281;0.99651;3.331;0.43;11.138;7
6.041;0.318;0.317;4.21;0.041;22;231;0.99722;3.333;0.28;10.634;5
7.574;0.418;0.308;10.95;0.087;24;246;0.99789;3.317;0.475;9.746;7
3.417;0.435;0.392;9.72;0.078;35;203;0.99694;3.307;0.451;11.536;6
9.092;0.437;0.25;23.11;0.085;5;29;1.00013;3.32;0.495;10.571;6
7.434;0.525;0.493;12.08;0.085;21;236;0.99538;3.311;0.519;10.06;6
7.608;0.421;0.227;18.55;0.077;19;268;0.99879;3.339;0.403;10.874;6
4.587;0.28;0.46;8.92;0.071;33;249;1.00184;3.316;0.647;10.487;6
11.09;0.278;0.233;3.16;0.071;8;313;0.99757;3.293;0.485;11.138;6
6.385;0.439;0.381;4.24;0.061;7;307;0.99757;3.307;0.289;10.353;5
6.001;0.591;0.411;7.88;0.069;8;39;0.99733;3.337;0.57;10.202;6
8.355;0.355;0.511;9.84;0.081;13;52;0.99754;3.277;0.464;10.733;6
7.143;0.275;0.322;5.24;0.077;6;307;0.99804;3.354;0.356;10.058;6
5.887;0.507;0.164;3.25;0.081;12;48;0.99822;3.344;0.562;10.803;6
7.813;0.372;0.391;2.69;0.064;3;226;0.99572;3.334;0.48;9.756;7
5.671;0.439;0.254;5.04;0.053;11;69;0.99872;3.307;0.533;11.311;6
7.97;0.484;0.211;77.26;0.121;41;271;0.99711;3.31;0.338;10.749;6
7.52;0.272;0.274;4.41;0.086;42;119;0.99397;3.313;0.44;10.683;7
7.97;0.37;0.204;3.61;0.1;28;412;0.99387;3.372;0.443;10.518;7
4.525;0.355;0.359;7.38;0.087;3;199;0.99893;3.349;0.381;10.259;5
8.932;0.423;0.34;8.18;0.092;38;433;0.99666;3.344;0.505;10.131;6
7.177;0.45;0.371;5.19;0.1;11;117;0.99832;3.355;0.533;10.256;6
9.837;0.331;0.398;2.31;0.106;18;163;0.99426;3.306;0.55;10.513;6
6.984;0.394;0.317;3.31;0.072;23;326;0.99856;3.279;0.615;11.728;7
9.377;0.221;0.372;3.38;0.091;25;70;0.99634;3.327;0.484;10.771;6
7.969;0.413;0.43;7.5;0.096;34;269;0.99389;3.302;0.439;10.898;6
7.54;0.434;0.469;3.39;0.051;7;163;0.99564;3.345;0.413;9.968;5
5.738;0.387;0.324;4.14;0.08;40;415;0.99926;3.329;0.412;10.036;7
8.021;0.232;0.301;2.82;0.085;17;33;1.00009;3.326;0.467;11.105;8
6.775;0.416;0.181;3.5;0.067;19;282;0.99827;3.339;0.577;10.477;4
4.739;0.32;0.237;33.4;0.073;13;129;0.99675;3.325;0.399;9.218;6
5.799;0.497;0.336;8.9;0.098;36;416;0.9995;3.331;0.674;10.534;6
5.502;0.367;0.325;6.43;0.09;33;10;0.99978;3.315;0.436;10.843;5
9.043;0.361;0.187;3.1;0.078;15;175;0.99213;3.333;0.42;11.188;4
7.133;0.371;0.275;2.72;0.068;34;371;0.9972;3.299;0.457;11.049;6
8.262;0.432;0.295;10.56;0.083;16;311;0.99813;3.309;0.387;10.502;6
7.564;0.38;0.267;4.74;0.145;40;122;0.99656;3.312;0.347;10.448;6
7.537;0.414;0.274;7.34;0.079;36;14;1.00054;3.343;0.387;11.656;7
6.844;0.31;0.331;5.86;0.062;5;58;0.9962;3.369;0.578;10.197;7
6.998;0.459;0.248;5.19;0.042;35;284;0.99827;3.323;0.621;10.346;7
8.176;0.355;0.339;2.18;0.104;28;279;0.99694;3.358;0.263;10.576;6
7.192;0.452;0.213;9.52;0.089;38;392;0.99736;3.333;0.58;10.882;6
8.501;0.353;0.385;21.29;0.053;32;207;0.99692;3.342;0.517;11.807;7
4.909;0.484;0.207;5.03;0.107;19;363;0.99878;3.299;0.488;10.482;6
8.23;0.34;0.46;4.31;0.1;4;310;0.99473;3.312;0.6;11.438;7
5.536;0.259;0.367;5.54;0.066;11;164;0.99981;3.346;0.57;11.019;5
6.008;0.281;0.433;4.11;0.066;40;235;0.99825;3.356;0.583;9.737;4
8.362;0.362;0.233;2.37;0.088;12;368;1.00047;3.318;0.511;10.607;6
5.275;0.515;0.186;3.88;0.079;19;197;0.9944;3.312;0.364;11.655;5
5.993;0.368;0.163;4.76;0.093;25;206;0.99621;3.337;0.572;10.042;5
7.152;0.413;0.266;10.98;0.105;45;325;0.99854;3.323;0.292;9.827;5
8.652;0.496;0.418;2.95;0.067;30;147;0.9967;3.301;0.548;10.161;6
5.226;0.366;0.343;3.98;0.091;13;287;0.99375;3.314;0.382;10.337;5
6.941;0.428;0.36;4.86;0.056;22;362;0.99447;3.322;0.314;11.112;6
7.546;0.399;0.206;6.68;0.091;30;165;0.99279;3.34;0.536;10.722;6
4.769;0.346;0.395;25.69;0.104;16;214;0.99712;3.346;0.456;10.352;5
3.402;0.421;0.365;7.66;0.026;31;412;0.99807;3.341;0.368;10.651;6
3.609;0.502;0.24;7.78;0.058;19;341;0.99077;3.347;0.508;10.289;6
8.178;0.464;0.088;2.75;0.084;15;26;0.99678;3.312;0.437;11.126;8
6.842;0.359;0.229;18.33;0.048;35;216;0.99892;3.357;0.522;11.048;6
5.003;0.655;0.301;2.42;0.08;17;366;0.99573;3.305;0.374;10.532;6
5.857;0.42;0.457;14.44;0.092;15;23;0.99587;3.317;0.524;10.751;6
7.296;0.317;0.372;9.35;0.076;34;91;0.99846;3.313;0.57;10.83;7
6.151;0.324;0.297;5.15;0.095;36;333;0.99252;3.293;0.365;10.166;6
5.952;0.326;0.428;2.88;0.083;26;233;0.9984;3.344;0.597;10.194;6
10.064;0.459;0.461;7.09;0.101;8;170;0.99873;3.363;0.342;11.574;6
5.537;0.121;0.339;3.68;0.075;41;356;0.99727;3.333;0.533;10.771;5
7.129;0.367;0.373;14.51;0.069;28;113;0.99844;3.345;0.412;10.575;6
5.048;0.283;0.402;2.11;0.065;39;245;1.00049;3.327;0.405;10.64;6
6.453;0.348;0.263;5.1;0.041;13;152;0.9961;3.319;0.391;10.825;6
5.381;0.389;0.341;2.16;0.078;7;256;0.99855;3.315;0.466;9.824;5
6.706;0.254;0.278;5.06;0.079;5;249;0.99735;3.314;0.469;10.661;7
5.169;0.327;0.184;4.0;0.081;36;108;0.99807;3.299;0.381;10.114;5
7.562;0.495;0.367;9.12;0.058;26;258;0.99878;3.349;0.535;11.512;6
6.931;0.341;0.407;2.8;0.072;38;142;1.0012;3.356;0.535;9.886;5
5.77;0.376;0.497;2.95;0.098;35;244;0.99567;3.332;0.471;11.141;4
9.816;0.346;0.394;2.26;0.082;40;416;0.99928;3.333;0.54;11.155;8
4.64;0.484;0.398;3.71;0.107;35;75;0.99503;3.343;0.338;10.131;6
7.42;0.496;0.297;5.38;0.088;30;35;0.99859;3.34;0.515;10.109;6
9.557;0.486;0.153;4.12;0.073;23;405;0.99983;3.354;0.489;10.69;6
6.017;0.429;0.259;2.96;0.122;13;385;0.99566;3.352;0.762;11.328;6
8.277;0.456;0.331;4.18;0.064;32;124;0.99362;3.333;0.384;10.173;6
8.629;0.283;0.245;7.17;0.048;6;413;0.99762;3.333;0.522;10.99;5
7.44;0.503;0.498;5.9;0.066;15;273;0.99537;3.349;0.44;11.409;7
3.796;0.348;0.411;2.32;0.086;40;73;0.99982;3.342;0.582;11.221;4
8.861;0.302;0.292;3.6;0.095;33;164;1.00049;3.346;0.532;10.434;7
6.432;0.371;0.455;3.04;0.088;36;424;0.9993;3.348;0.548;9.741;5
6.046;0.31;0.373;2.13;0.068;37;60;0.99845;3.346;0.532;10.995;6
8.226;0.441;0.451;7.38;0.11;21;10;0.99562;3.327;0.309;10.113;5
5.685;0.457;0.29;5.96;0.088;5;411;0.99625;3.327;0.426;9.216;5
8.059;0.517;0.374;2.88;0.085;39;25;0.99823;3.33;0.461;10.204;5
5.087;0.414;0.251;6.95;0.076;44;337;0.99594;3.344;0.398;9.443;6
7.394;0.337;0.305;5.62;0.115;6;206;0.99938;3.357;0.423;10.801;5
5.523;0.349;0.43;3.63;0.104;38;302;0.99477;3.329;0.749;11.186;4
6.221;0.277;0.492;5.89;0.063;41;159;0.99768;3.345;0.411;10.462;5
5.607;0.312;0.327;4.18;0.104;23;139;0.99658;3.34;0.583;10.35;5
6.236;0.555;0.357;3.29;0.083;27;324;0.99748;3.341;0.509;11.475;7
6.917;0.32;0.22;10.64;0.076;13;93;0.99296;3.38;0.474;10.289;6
5.828;0.372;0.261;2.49;0.108;28;414;0.99815;3.341;0.62;10.233;5
7.477;0.429;0.374;24.63;0.065;40;207;0.99535;3.307;0.503;11.215;6
9.15;0.39;0.212;5.66;0.079;44;27;0.99408;3.308;0.383;11.034;6
6.538;0.462;0.265;3.74;0.106;20;377;0.99628;3.331;0.503;10.212;4
4.38;0.295;0.214;6.43;0.083;40;297;0.99464;3.348;0.426;11.756;6
6.615;0.277;0.339;2.98;0.052;31;306;0.9982;3.314;0.661;10.153;6
6.957;0.508;0.397;3.77;0.067;9;132;0.99259;3.335;0.546;10.16;6
8.431;0.316;0.35;26.97;0.084;26;138;0.99823;3.324;0.487;10.729;6
8.138;0.383;0.278;6.66;0.067;37;324;1.00025;3.308;0.53;10.76;5
8.356;0.398;0.222;4.32;0.08;25;256;0.99633;3.299;0.594;10.138;6
5.918;0.235;0.134;4.34;0.098;10;260;0.99724;3.315;0.386;10.063;5
7.504;0.377;0.304;9.67;0.07;45;14;0.99672;3.327;0.479;10.126;6
4.84;0.321;0.46;9.67;0.055;28;103;0.9978;3.338;0.454;10.369;5
8.156;0.455;0.265;3.93;0.09;23;239;0.99777;3.329;0.503;10.873;4
6.429;0.397;0.264;12.28;0.12;22;346;0.99609;3.381;0.444;9.32;6
7.835;0.163;0.281;4.72;0.076;8;217;0.99782;3.32;0.634;11.509;7
4.919;0.514;0.149;4.65;0.097;23;81;0.99819;3.344;0.36;9.783;4
7.766;0.111;0.448;8.43;0.086;11;12;0.99458;3.295;0.616;11.378;6
6.212;0.333;0.393;3.24;0.085;29;104;0.99734;3.326;0.46;10.556;6
7.757;0.315;0.176;2.5;0.055;17;283;0.9978;3.336;0.398;9.553;5
4.868;0.33;0.191;4.36;0.09;38;401;0.99616;3.349;0.488;10.168;7
7.556;0.41;0.414;9.35;0.096;17;212;1.00015;3.344;0.507;9.955;5
7.542;0.477;0.225;4.0;0.065;20;74;0.99513;3.332;0.443;10.075;6
9.76;0.302;0.309;9.36;0.089;8;302;0.99434;3.328;0.374;10.301;6
6.667;0.332;0.209;12.63;0.065;42;186;1.0013;3.354;0.423;10.523;7
6.792;0.451;0.346;3.9;0.059;33;244;0.99274;3.31;0.612;12.067;6
7.431;0.419;0.25;4.81;0.061;6;26;0.99213;3.3;0.55;10.467;6
7.169;0.441;0.266;4.4;0.101;12;113;0.99767;3.302;0.201;10.741;6
6.454;0.425;0.197;7.76;0.1;9;369;0.99658;3.321;0.398;10.551;7
4.343;0.398;0.457;6.81;0.089;5;252;0.99761;3.368;0.46;9.82;6
5.478;0.33;0.569;5.45;0.112;38;209;0.99352;3.335;0.473;9.615;7
5.962;0.343;0.331;14.74;0.066;25;318;0.99435;3.348;0.562;10.861;7
6.835;0.453;0.393;6.35;0.096;30;158;0.99361;3.338;0.518;11.131;7
5.871;0.496;0.396;5.85;0.067;12;71;0.99515;3.316;0.441;11.549;6
5.707;0.55;0.334;3.25;0.036;42;13;0.99515;3.351;0.484;10.843;5
6.776;0.273;0.318;5.06;0.095;37;314;0.99824;3.304;0.419;10.767;7
8.397;0.342;0.298;14.36;0.083;29;140;0.99641;3.322;0.638;11.248;6
7.296;0.356;0.417;8.16;0.047;31;28;0.99794;3.312;0.533;10.046;6
7.648;0.376;0.189;5.21;0.074;10;125;0.99703;3.315;0.423;10.372;5
8.367;0.273;0.238;4.56;0.089;9;309;0.99319;3.321;0.397;9.319;6
8.326;0.574;0.395;3.02;0.071;23;310;0.99745;3.33;0.467;10.405;6
6.242;0.526;0.178;3.27;0.096;4;223;0.99314;3.34;0.523;10.736;6
6.266;0.369;0.467;10.8;0.049;3;120;0.9982;3.357;0.532;10.796;7
3.871;0.354;0.274;4.93;0.126;22;279;0.99913;3.313;0.479;9.888;6
6.086;0.375;0.339;5.14;0.076;43;144;0.99518;3.317;0.66;10.978;7
7.462;0.273;0.438;13.51;0.066;8;112;0.99989;3.345;0.452;9.819;7
5.45;0.346;0.315;3.81;0.069;42;32;0.99827;3.327;0.632;10.8;5
8.453;0.47;0.312;3.68;0.069;15;391;0.99711;3.352;0.674;10.197;5
9.542;0.514;0.282;15.68;0.044;4;79;0.99663;3.288;0.554;10.87;6
6.656;0.455;0.376;7.69;0.055;33;285;0.99624;3.335;0.394;10.85;5
7.647;0.527;0.358;2.5;0.087;21;99;1.00001;3.336;0.545;10.77;6
5.101;0.274;0.24;4.82;0.094;23;127;0.99686;3.326;0.389;11.811;5
5.19;0.086;0.369;3.21;0.057;15;100;0.9995;3.348;0.475;10.195;6
7.12;0.482;0.438;3.64;0.083;45;97;0.99826;3.312;0.455;10.402;7
7.097;0.392;0.367;4.21;0.07;23;323;0.99566;3.298;0.489;10.838;6
6.378;0.385;0.233;2.47;0.126;27;292;0.99796;3.323;0.609;10.453;5
5.72;0.538;0.406;3.3;0.092;19;6;0.99681;3.305;0.459;10.743;5
9.836;0.287;0.451;23.12;0.094;17;51;1.00042;3.367;0.705;11.095;8
7.222;0.296;0.264;4.29;0.087;39;247;0.99609;3.293;0.49;10.464;5
7.84;0.291;0.161;3.7;0.086;9;370;0.99629;3.329;0.406;11.536;8
7.976;0.531;0.251;10.23;0.075;16;108;0.99692;3.301;0.522;10.448;7
7.283;0.466;0.322;2.64;0.063;7;406;0.99404;3.337;0.397;11.134;6
6.106;0.233;0.421;4.23;0.115;11;301;0.9965;3.321;0.484;10.781;6
6.11;0.539;0.43;13.85;0.108;12;21;0.99723;3.296;0.702;10.388;5
4.006;0.406;0.359;4.9;0.105;44;379;0.99376;3.327;0.653;10.01;6
8.67;0.437;0.239;6.17;0.061;42;285;0.9992;3.35;0.365;10.739;3
5.553;0.311;0.387;4.26;0.08;15;228;0.99481;3.361;0.395;10.737;5
4.794;0.549;0.325;6.22;0.092;27;295;1.00023;3.361;0.386;11.147;6
5.674;0.427;0.214;8.22;0.082;33;240;0.99865;3.373;0.476;10.97;7
5.88;0.456;0.194;4.4;0.037;18;23;0.99599;3.313;0.498;12.084;6
9.622;0.293;0.406;5.24;0.08;25;400;0.99756;3.343;0.52;10.634;6
7.456;0.447;0.16;5.79;0.053;41;128;0.99363;3.335;0.35;11.005;6
8.56;0.405;0.421;2.36;0.059;34;9;0.99385;3.335;0.466;10.592;6
9.562;0.338;0.555;9.85;0.087;36;29;0.99938;3.307;0.416;11.432;6
7.682;0.307;0.317;23.25;0.016;26;53;0.9979;3.326;0.372;10.622;7
8.115;0.3;0.25;9.12;0.1;10;252;0.99563;3.326;0.594;11.193;6
5.434;0.289;0.236;5.76;0.061;37;31;0.9967;3.316;0.416;10.13;6
7.084;0.307;0.262;3.94;0.068;5;279;0.99926;3.312;0.684;10.665;7
5.65;0.395;0.336;6.33;0.078;9;214;0.99895;3.317;0.358;11.046;5
7.332;0.423;0.426;26.85;0.069;11;276;0.99578;3.329;0.541;11.694;6
5.749;0.24;0.236;16.84;0.075;43;357;0.99542;3.332;0.52;10.077;6
8.514;0.292;0.275;3.36;0.065;17;181;0.99846;3.339;0.646;11.282;7
8.159;0.317;0.259;17.47;0.081;14;163;0.99691;3.331;0.743;11.025;6
6.012;0.256;0.396;3.36;0.062;18;144;0.99816;3.354;0.711;10.797;5
4.077;0.372;0.392;3.45;0.08;42;215;0.99723;3.31;0.593;10.589;6
8.581;0.329;0.261;4.5;0.075;10;294;0.99579;3.308;0.616;11.575;8
7.539;0.389;0.26;7.82;0.078;3;396;1.00091;3.34;0.58;9.846;7
6.902;0.417;0.335;4.29;0.103;20;121;0.99844;3.365;0.592;11.033;5
5.303;0.464;0.151;10.74;0.075;25;323;0.99594;3.295;0.403;9.866;8
6.903;0.483;0.239;6.11;0.072;34;22;0.99904;3.337;0.287;8.912;5
8.482;0.406;0.331;18.44;0.122;19;308;0.998;3.293;0.402;10.706;6
4.407;0.429;0.19;2.65;0.107;21;143;0.99293;3.349;0.385;11.149;6
7.637;0.31;0.332;5.34;0.092;7;153;0.99662;3.322;0.553;10.443;7
4.209;0.297;0.315;8.1;0.075;14;400;0.99795;3.332;0.571;11.162;6
7.332;0.431;0.274;17.85;0.108;34;409;0.99844;3.327;0.476;11.314;6
9.894;0.416;0.434;2.3;0.083;9;308;0.99635;3.323;0.44;11.215;7
6.788;0.601;0.215;4.29;0.078;32;38;0.99857;3.347;0.561;10.617;5
7.237;0.375;0.342;2.34;0.079;25;177;0.99473;3.355;0.59;10.294;6
6.017;0.305;0.273;6.76;0.101;32;27;0.99957;3.357;0.519;10.193;6
6.616;0.421;0.409;3.61;0.087;36;108;1.00067;3.306;0.578;10.636;6
10.526;0.329;0.25;6.25;0.066;23;346;0.99556;3.299;0.409;10.138;6
8.831;0.297;0.374;10.94;0.036;8;334;0.99681;3.33;0.417;10.512;5
6.962;0.492;0.394;9.68;0.092;26;395;1.00124;3.324;0.644;10.527;8
7.13;0.535;0.455;4.38;0.076;13;121;0.99529;3.33;0.454;11.218;7
6.98;0.415;0.472;7.83;0.096;25;190;0.99629;3.308;0.641;11.078;7
9.853;0.327;0.162;89.87;0.085;16;58;0.99931;3.329;0.74;11.346;6
7.017;0.414;0.3;3.76;0.1;16;417;0.99292;3.32;0.508;10.392;6
9.084;0.353;0.235;7.56;0.086;8;167;0.99168;3.328;0.621;10.475;5
5.688;0.278;0.381;3.75;0.083;26;342;0.99496;3.331;0.512;11.02;7
4.99;0.465;0.442;9.5;0.077;36;126;1.00205;3.368;0.519;10.478;5
8.963;0.408;0.293;3.25;0.041;39;398;0.99347;3.33;0.481;11.415;6
7.002;0.493;0.346;7.8;0.047;44;147;0.99555;3.32;0.606;11.79;7
6.758;0.291;0.48;2.6;0.115;38;349;0.99693;3.318;0.556;10.527;6
6.394;0.362;0.354;5.72;0.059;18;245;0.99323;3.349;0.536;10.959;6
6.055;0.367;0.307;48.91;0.065;6;325;0.99507;3.318;0.314;10.558;5
5.838;0.226;0.149;2.87;0.122;16;437;0.99669;3.309;0.461;10.261;7
4.7;0.622;0.246;3.59;0.085;36;52;0.99987;3.336;0.469;10.296;5
8.442;0.19;0.404;10.25;0.041;38;252;0.99583;3.337;0.444;10.619;6
7.651;0.265;0.182;2.91;0.027;22;121;0.99928;3.319;0.387;10.53;7
8.163;0.354;0.337;2.24;0.046;18;288;0.99608;3.343;0.46;10.887;5
6.192;0.242;0.327;2.5;0.072;32;116;0.99786;3.352;0.642;10.559;6
7.851;0.405;0.332;5.74;0.093;4;194;0.99817;3.325;0.51;11.012;7
7.818;0.311;0.419;12.05;0.084;22;215;0.99423;3.368;0.363;11.273;6
9.003;0.373;0.26;5.35;0.066;21;351;0.99757;3.313;0.359;10.822;6
8.543;0.386;0.467;5.25;0.093;14;229;0.99823;3.317;0.526;10.988;8
6.381;0.431;0.231;11.86;0.057;26;237;1.0011;3.315;0.525;9.833;5
6.025;0.39;0.415;4.9;0.072;44;406;0.99733;3.361;0.528;10.474;4
5.435;0.359;0.269;15.13;0.1;25;435;0.99949;3.344;0.564;11.21;5
5.669;0.428;0.336;17.38;0.135;44;52;0.99903;3.348;0.463;11.144;6
5.985;0.461;0.282;4.14;0.066;31;378;0.99635;3.312;0.571;11.296;7
6.603;0.34;0.495;14.19;0.055;33;428;0.99812;3.363;0.551;11.477;7
4.987;0.347;0.208;8.54;0.084;5;432;0.99704;3.379;0.318;10.38;7
9.595;0.332;0.267;4.65;0.082;9;213;0.99991;3.323;0.642;10.001;6
6.819;0.432;0.437;4.97;0.098;8;403;0.99485;3.301;0.547;10.445;6
3.83;0.356;0.385;11.86;0.092;5;424;0.99979;3.342;0.359;9.283;7
5.744;0.331;0.327;2.78;0.11;38;289;0.99621;3.303;0.519;10.83;8
4.168;0.273;0.257;2.53;0.123;31;115;0.999;3.337;0.49;9.827;5
7.234;0.568;0.191;12.83;0.094;28;327;0.99818;3.356;0.405;10.725;6
8.437;0.265;0.289;27.71;0.06;33;282;0.99354;3.321;0.451;9.875;5
4.933;0.567;0.327;6.1;0.078;39;39;0.99585;3.353;0.582;10.17;6
7.967;0.453;0.438;11.39;0.082;7;287;0.99561;3.336;0.453;10.562;5
6.263;0.492;0.395;2.5;0.077;20;88;1.00059;3.349;0.492;9.847;6
8.762;0.4;0.464;2.71;0.103;21;208;0.9953;3.34;0.478;10.122;6
8.728;0.436;0.347;3.65;0.094;19;200;0.9985;3.333;0.434;10.499;5
7.144;0.42;0.238;4.03;0.087;33;321;0.99972;3.328;0.468;9.953;6
7.495;0.458;0.264;5.57;0.083;17;12;0.99834;3.334;0.536;8.669;5
6.369;0.486;0.441;3.78;0.102;44;290;0.99417;3.303;0.496;10.616;7
6.07;0.542;0.313;4.77;0.067;44;313;0.99528;3.352;0.407;10.549;6
5.316;0.287;0.454;4.42;0.055;40;171;0.9974;3.313;0.589;10.951;8
8.055;0.404;0.19;7.86;0.067;5;206;0.99628;3.307;0.488;12.106;6
7.426;0.515;0.293;11.68;0.056;37;32;0.99499;3.292;0.382;11.471;7
5.971;0.534;0.222;9.85;0.072;40;202;0.99838;3.332;0.529;10.83;7
6.926;0.281;0.345;15.86;0.03;7;116;0.99687;3.309;0.623;10.188;5
6.727;0.412;0.242;4.42;0.078;4;60;0.99771;3.336;0.501;11.005;6
5.061;0.427;0.172;3.81;0.068;42;335;1.00028;3.321;0.598;10.55;5
6.341;0.402;0.315;2.38;0.094;22;254;0.99583;3.336;0.594;11.437;6
9.054;0.148;0.115;2.47;0.096;24;31;0.99693;3.316;0.503;11.615;7
6.725;0.462;0.264;9.18;0.091;15;397;0.99394;3.331;0.585;11.466;8
8.564;0.244;0.343;7.02;0.05;22;187;0.99634;3.309;0.438;10.574;5
5.129;0.602;0.198;5.09;0.085;17;311;0.99781;3.334;0.529;10.466;5
4.558;0.466;0.293;4.09;0.088;27;177;1.00226;3.308;0.369;9.799;6
6.956;0.382;0.225;2.76;0.058;14;198;0.99718;3.331;0.494;9.728;5
7.965;0.449;0.28;2.26;0.09;28;207;0.99797;3.293;0.518;10.749;6
5.279;0.428;0.31;3.54;0.067;39;224;0.99624;3.339;0.585;9.989;4
7.43;0.349;0.346;4.21;0.051;38;229;0.99645;3.334;0.474;10.444;6
8.351;0.372;0.362;2.17;0.087;40;83;0.99666;3.341;0.489;10.863;6
8.99;0.397;0.265;14.5;0.066;3;199;0.99665;3.322;0.761;10.882;7
6.88;0.304;0.468;3.38;0.121;29;398;0.99626;3.339;0.492;10.717;6
6.264;0.478;0.324;6.71;0.087;4;204;0.99965;3.35;0.516;10.065;5
4.672;0.49;0.257;14.28;0.069;37;43;0.99682;3.31;0.516;10.872;5
6.803;0.495;0.44;17.25;0.083;22;277;0.99566;3.322;0.327;11.013;5
7.346;0.499;0.278;4.08;0.08;30;64;1.00074;3.277;0.472;10.753;5
9.393;0.493;0.525;10.47;0.074;39;423;0.99373;3.336;0.596;10.37;6
4.515;0.478;0.374;9.94;0.065;41;129;0.99936;3.368;0.613;10.829;5
5.639;0.516;0.303;5.11;0.064;7;376;0.998;3.302;0.492;10.356;6
5.227;0.403;0.259;6.16;0.112;38;59;0.99706;3.33;0.583;10.103;6
7.604;0.45;0.212;3.1;0.067;30;7;0.99667;3.337;0.363;10.862;5
3.957;0.499;0.265;5.88;0.109;15;270;0.99514;3.301;0.489;11.598;5
6.16;0.543;0.32;3.4;0.059;20;47;0.9936;3.302;0.574;10.603;8
9.077;0.383;0.417;4.28;0.101;22;193;0.99924;3.359;0.435;9.952;6
8.009;0.24;0.34;5.26;0.079;43;394;1.00051;3.317;0.475;10.652;6
4.981;0.596;0.306;10.24;0.108;20;98;0.99437;3.336;0.416;10.509;7
7.097;0.488;0.368;4.23;0.08;36;291;0.99495;3.311;0.643;10.505;5
8.133;0.563;0.287;4.16;0.081;21;58;0.99674;3.313;0.51;10.338;6
7.606;0.478;0.191;3.83;0.07;11;28;0.99717;3.354;0.515;9.501;6
6.645;0.409;0.174;61.75;0.084;7;308;0.99859;3.306;0.581;10.867;6
5.938;0.32;0.461;3.83;0.091;45;86;0.9955;3.327;0.425;10.608;6
8.29;0.286;0.297;6.88;0.097;25;95;0.99336;3.331;0.593;11.903;7
6.798;0.532;0.469;2.55;0.077;42;165;0.99716;3.329;0.351;10.626;6
7.988;0.486;0.499;5.07;0.08;17;313;0.99595;3.381;0.449;10.405;6
7.477;0.418;0.344;2.77;0.077;10;87;0.99691;3.313;0.585;11.211;5
5.764;0.299;0.373;3.56;0.041;25;395;0.99504;3.339;0.28;10.433;6
8.739;0.345;0.273;8.61;0.085;35;183;0.99721;3.31;0.33;10.217;5
6.343;0.322;0.31;21.54;0.055;19;256;0.99926;3.329;0.476;11.621;7
7.305;0.367;0.317;5.5;0.082;25;138;0.99712;3.286;0.579;10.857;6
6.514;0.088;0.336;7.68;0.065;12;161;0.99858;3.299;0.581;11.118;7
5.631;0.448;0.426;5.53;0.075;24;394;0.99499;3.318;0.535;10.307;4
6.392;0.546;0.301;3.78;0.079;9;21;0.99911;3.342;0.412;10.789;6
5.806;0.341;0.398;5.18;0.055;21;98;0.996;3.32;0.461;10.898;7
7.465;0.381;0.338;10.54;0.078;25;266;0.99722;3.348;0.495;11.321;6
8.756;0.415;0.378;5.63;0.111;21;72;0.99389;3.27;0.566;10.904;7
9.35;0.298;0.49;3.9;0.113;32;249;0.99879;3.332;0.507;10.783;5
9.292;0.415;0.18;3.72;0.114;28;76;0.99614;3.302;0.462;11.155;7
5.785;0.344;0.396;6.94;0.109;32;108;0.99936;3.335;0.388;9.584;5
9.55;0.322;0.279;4.02;0.085;45;316;0.99693;3.333;0.555;10.567;8
6.778;0.441;0.308;10.08;0.123;40;215;0.99557;3.344;0.485;10.595;4
9.333;0.387;0.279;2.61;0.08;42;265;0.99925;3.337;0.412;10.526;6
5.273;0.391;0.276;8.75;0.098;19;168;0.99942;3.309;0.523;9.627;7
9.335;0.285;0.197;3.18;0.09;18;427;0.99697;3.31;0.47;11.123;6
6.364;0.446;0.067;4.67;0.082;20;54;0.996;3.331;0.671;10.592;6
9.277;0.253;0.557;32.27;0.059;20;218;0.99762;3.297;0.417;10.735;6
6.316;0.467;0.405;11.2;0.086;35;360;0.99752;3.324;0.437;10.768;6
7.989;0.349;0.285;3.64;0.119;39;37;0.99551;3.34;0.486;10.484;6
6.091;0.289;0.118;3.9;0.09;31;59;0.9948;3.341;0.35;10.488;5
4.32;0.377;0.386;9.84;0.074;16;331;0.99846;3.311;0.392;11.133;5
6.407;0.25;0.508;10.25;0.08;31;46;0.99477;3.313;0.386;11.05;7
6.703;0.331;0.366;4.82;0.072;20;112;0.99504;3.315;0.418;10.801;6
6.892;0.375;0.146;8.68;0.079;31;268;0.99723;3.313;0.452;10.719;7
3.654;0.468;0.262;3.83;0.065;32;329;0.99713;3.341;0.702;11.068;5
5.116;0.469;0.339;2.14;0.096;15;362;0.99513;3.33;0.628;10.624;5
5.882;0.434;0.31;11.77;0.074;6;367;0.99568;3.342;0.354;10.459;6
6.689;0.357;0.43;3.69;0.077;19;98;0.99698;3.364;0.405;11.368;8
6.545;0.266;0.195;7.64;0.083;37;28;0.99153;3.339;0.589;9.424;8
5.116;0.391;0.229;4.4;0.052;18;142;0.99612;3.368;0.425;10.404;4
5.001;0.347;0.081;4.12;0.108;12;24;0.99413;3.327;0.54;10.706;5
7.416;0.372;0.432;3.08;0.114;11;436;0.99831;3.32;0.506;11.772;6
5.304;0.382;0.335;8.79;0.074;24;434;0.99729;3.363;0.61;9.632;5
7.955;0.345;0.266;9.37;0.133;13;237;0.99812;3.333;0.654;11.409;5
5.382;0.498;0.107;13.8;0.087;14;375;0.99864;3.334;0.579;10.305;6
8.446;0.233;0.428;8.36;0.068;32;416;0.99449;3.336;0.527;10.84;5
5.924;0.378;0.187;6.71;0.085;26;356;0.99884;3.315;0.529;10.568;7
6.373;0.547;0.153;3.64;0.095;11;381;0.99744;3.347;0.495;9.629;4
7.363;0.3;0.138;5.07;0.068;15;241;0.99696;3.338;0.512;11.18;6
7.206;0.305;0.161;6.7;0.091;25;284;0.99381;3.32;0.319;10.007;6
5.819;0.357;0.231;2.18;0.053;21;252;0.99617;3.321;0.44;11.298;6
6.738;0.354;0.208;2.8;0.096;3;334;0.99794;3.319;0.345;11.221;6
5.208;0.434;0.405;4.39;0.071;28;366;0.99636;3.306;0.485;9.891;6
6.953;0.509;0.398;9.21;0.049;24;136;0.99887;3.318;0.559;10.403;6
7.015;0.406;0.292;15.81;0.084;41;78;0.99569;3.317;0.532;9.623;5
11.272;0.436;0.265;21.4;0.054;27;99;0.99516;3.292;0.399;11.187;4
7.175;0.322;0.32;3.25;0.098;16;349;0.99447;3.324;0.591;11.036;7
7.876;0.342;0.182;5.14;0.111;29;143;0.99456;3.317;0.362;9.434;8
6.298;0.447;0.324;3.64;0.062;42;329;0.99242;3.338;0.504;10.106;6
8.779;0.311;0.233;3.18;0.068;18;177;0.99445;3.321;0.491;11.352;4
8.562;0.465;0.304;3.96;0.05;45;140;0.99937;3.329;0.51;10.686;8
7.646;0.378;0.319;5.3;0.06;5;277;0.99848;3.366;0.554;10.164;5
8.094;0.345;0.255;9.15;0.058;40;21;0.9955;3.331;0.616;10.587;6
10.354;0.283;0.178;2.56;0.077;6;201;0.99967;3.331;0.424;10.399;6
8.95;0.341;0.421;4.5;0.05;17;346;0.99568;3.337;0.49;10.974;7
4.467;0.292;0.14;2.96;0.096;17;381;0.99546;3.296;0.491;11.129;6
7.212;0.345;0.182;15.75;0.125;28;80;0.99539;3.341;0.548;11.228;6
7.414;0.198;0.213;21.27;0.057;24;323;0.99852;3.329;0.334;10.631;5
3.859;0.384;0.244;3.71;0.08;28;421;0.99784;3.332;0.359;10.778;6
4.916;0.59;0.269;3.31;0.073;35;219;0.99695;3.329;0.702;10.147;6
7.134;0.169;0.027;7.73;0.023;34;122;0.99564;3.326;0.595;11.273;6
6.239;0.543;0.279;10.35;0.038;28;303;0.99564;3.346;0.512;11.117;6
6.428;0.402;0.429;2.96;0.119;30;233;0.99843;3.314;0.468;10.502;5
4.428;0.473;0.436;3.79;0.078;38;100;0.99823;3.332;0.491;10.778;7
7.575;0.304;0.387;5.88;0.114;12;430;0.99859;3.313;0.377;10.892;6
8.214;0.578;0.315;2.89;0.08;6;307;0.99805;3.287;0.467;10.955;7
7.567;0.276;0.343;17.15;0.096;16;33;0.99772;3.323;0.488;10.516;6
6.541;0.376;0.262;5.0;0.102;18;42;0.9956;3.331;0.442;10.505;6
6.66;0.55;0.136;5.08;0.071;11;393;0.99503;3.334;0.421;9.711;6
5.914;0.276;0.337;2.79;0.11;23;368;0.99547;3.331;0.424;10.791;6
8.673;0.153;0.429;13.15;0.106;22;401;0.99545;3.333;0.789;10.754;5
7.775;0.374;0.35;2.64;0.074;32;314;1.00089;3.34;0.581;11.237;7
10.257;0.29;0.333;3.28;0.078;37;40;0.99724;3.296;0.396;11.062;4
6.25;0.298;0.396;3.47;0.058;3;345;0.99918;3.303;0.445;10.679;7
9.079;0.293;0.351;4.46;0.112;33;267;0.99581;3.325;0.52;11.001;5
6.316;0.235;0.436;2.58;0.06;37;179;0.99861;3.343;0.441;11.586;7
6.547;0.53;0.267;3.2;0.082;7;329;0.99718;3.353;0.548;10.47;7
6.011;0.484;0.156;7.48;0.066;43;282;0.99872;3.304;0.713;11.121;6
7.696;0.251;0.365;4.71;0.071;14;297;0.99407;3.314;0.267;10.988;6
6.448;0.392;0.388;5.25;0.101;31;33;1.00022;3.363;0.591;10.471;6
7.647;0.348;0.23;10.39;0.085;32;27;0.99785;3.349;0.494;10.501;6
9.431;0.479;0.355;6.68;0.101;15;237;0.99517;3.326;0.373;10.906;6
6.114;0.334;0.358;10.69;0.085;25;93;0.9984;3.338;0.4;10.017;5
8.222;0.516;0.07;4.92;0.098;29;385;0.99448;3.318;0.268;11.512;7
8.26;0.384;0.565;3.05;0.058;28;157;0.99862;3.312;0.368;11.107;5
6.708;0.314;0.388;19.88;0.066;21;267;0.99923;3.385;0.654;10.454;6
6.709;0.356;0.317;2.43;0.008;31;407;0.99566;3.31;0.399;11.511;6
8.146;0.3;0.226;2.62;0.1;35;69;0.99553;3.298;0.305;10.309;6
7.868;0.6;0.164;2.79;0.099;32;43;0.99702;3.321;0.536;10.799;6
7.877;0.407;0.646;41.02;0.054;15;406;0.99688;3.35;0.624;11.472;5
8.655;0.317;0.304;5.1;0.057;13;425;0.99885;3.314;0.662;11.043;5
6.399;0.379;0.402;11.4;0.076;10;373;0.99522;3.289;0.359;10.118;5
7.144;0.548;0.232;2.5;0.061;33;59;0.99635;3.353;0.405;10.932;6
8.752;0.288;0.286;2.84;0.106;8;369;0.9963;3.322;0.475;11.329;7
6.167;0.224;0.377;6.03;0.116;12;13;0.99939;3.347;0.542;11.001;6
6.846;0.54;0.196;3.7;0.089;29;423;1.00013;3.325;0.379;10.882;4
5.409;0.473;0.281;5.22;0.09;19;101;1.00032;3.344;0.539;10.424;6
7.324;0.335;0.301;7.55;0.074;40;419;0.99395;3.352;0.611;12.05;5
9.184;0.386;0.356;5.15;0.054;15;79;1.00132;3.345;0.471;11.369;5
7.394;0.487;0.411;5.13;0.048;20;13;0.99123;3.348;0.55;10.752;7
6.147;0.094;0.319;5.6;0.061;10;270;0.99681;3.315;0.661;11.128;6
7.157;0.523;0.446;4.26;0.079;41;83;0.99728;3.343;0.46;10.49;6
7.389;0.363;0.273;6.02;0.103;15;380;0.99703;3.329;0.61;10.39;7
8.192;0.465;0.263;10.34;0.067;27;421;1.00193;3.321;0.441;10.234;4
4.601;0.397;0.307;3.02;0.09;5;128;0.99972;3.356;0.488;10.196;5
5.577;0.695;0.286;5.87;0.119;19;307;0.9994;3.335;0.489;10.874;6
6.924;0.321;0.398;9.63;0.117;43;324;0.99551;3.298;0.47;9.825;5
4.725;0.496;0.024;4.31;0.101;30;321;1.00159;3.305;0.536;10.554;6
9.267;0.098;0.165;4.58;0.095;19;20;0.99444;3.337;0.547;11.786;7
3.75;0.403;0.08;24.11;0.034;8;390;0.99868;3.341;0.486;10.726;6
5.629;0.47;0.452;11.91;0.071;44;9;1.00022;3.318;0.511;10.605;5
4.234;0.257;0.373;38.19;0.089;7;238;0.99903;3.353;0.536;10.444;6
5.94;0.187;0.241;24.67;0.08;12;215;0.99788;3.321;0.382;10.346;6
7.738;0.408;0.342;3.98;0.098;25;94;0.9988;3.328;0.387;10.368;6
8.332;0.464;0.157;3.33;0.097;19;35;0.99469;3.329;0.505;11.243;6
8.725;0.484;0.303;4.09;0.088;24;414;0.99818;3.336;0.573;11.697;7
7.773;0.318;0.465;9.52;0.059;43;150;0.99711;3.367;0.404;10.359;5
4.837;0.39;0.411;2.07;0.066;44;39;0.99849;3.347;0.575;10.952;6
7.744;0.23;0.548;5.03;0.059;14;95;0.99635;3.328;0.46;10.724;5
4.423;0.556;0.268;12.97;0.101;30;366;0.99895;3.315;0.471;11.015;5
5.512;0.357;0.404;5.03;0.092;20;111;0.99565;3.349;0.528;10.3;4
5.948;0.53;0.309;6.14;0.108;7;63;0.99938;3.338;0.482;9.927;7
6.135;0.36;0.346;4.23;0.083;25;73;0.99948;3.365;0.448;10.526;6
7.45;0.36;0.334;2.45;0.06;36;243;0.99508;3.35;0.542;11.911;6
5.701;0.551;0.39;10.24;0.078;9;417;0.9956;3.319;0.505;10.193;7
9.418;0.297;0.452;4.11;0.059;6;398;0.99447;3.31;0.42;11.05;7
6.85;0.551;0.285;6.88;0.056;32;128;0.99741;3.363;0.218;9.258;5
9.6;0.31;0.394;4.96;0.041;28;419;0.99212;3.339;0.656;11.374;8
7.692;0.31;0.293;27.06;0.1;23;126;0.99691;3.336;0.422;11.128;7
7.48;0.33;0.317;6.87;0.078;7;71;0.99612;3.317;0.476;10.599;4
7.093;0.489;0.242;6.67;0.056;24;234;0.99741;3.316;0.53;10.718;6
8.977;0.406;0.389;4.61;0.071;20;174;0.99737;3.341;0.314;10.026;6
5.625;0.343;0.394;3.17;0.078;37;262;1.00116;3.313;0.57;10.337;5
7.957;0.22;0.364;6.53;0.074;13;272;0.99799;3.296;0.598;11.327;6
6.584;0.517;0.301;11.61;0.075;6;204;0.9978;3.311;0.425;11.187;5
6.14;0.509;0.229;4.92;0.071;31;370;0.99838;3.357;0.48;10.214;6
7.157;0.427;0.211;2.27;0.096;43;95;0.99921;3.306;0.7;10.134;6
5.074;0.495;0.171;3.22;0.076;45;373;0.99833;3.352;0.354;10.106;6
8.72;0.038;0.258;26.69;0.112;18;79;0.99554;3.294;0.398;11.413;6
7.836;0.34;0.402;3.56;0.063;41;320;0.99932;3.295;0.472;9.607;5
6.536;0.423;0.338;5.55;0.027;38;62;0.99887;3.314;0.453;10.854;5
7.361;0.42;0.147;2.35;0.065;10;21;0.99324;3.35;0.375;9.8;5
5.698;0.32;0.227;3.53;0.089;32;19;0.99531;3.354;0.503;10.724;6
4.812;0.392;0.469;3.12;0.083;45;171;0.99729;3.307;0.448;11.513;5
5.357;0.343;0.456;8.99;0.097;35;372;1.00074;3.3;0.586;10.773;5
6.535;0.322;0.4;7.8;0.095;29;183;0.99923;3.368;0.607;11.071;7
9.262;0.307;0.485;7.32;0.122;30;35;0.99832;3.361;0.626;9.324;4
6.679;0.396;0.25;10.89;0.068;42;193;0.99754;3.354;0.69;11.012;5
8.227;0.319;0.356;3.7;0.103;36;418;0.9987;3.306;0.469;10.915;5
9.059;0.297;0.29;20.97;0.078;26;191;0.99625;3.328;0.482;11.647;6
9.82;0.527;0.541;4.22;0.076;34;359;0.99913;3.309;0.645;11.071;6
6.89;0.389;0.354;10.02;0.113;21;424;0.99535;3.358;0.593;11.024;6
7.528;0.395;0.349;31.97;0.112;12;358;0.99863;3.327;0.579;9.513;6
6.804;0.226;0.362;3.63;0.048;6;72;0.99481;3.311;0.389;11.141;5
5.406;0.345;0.237;6.4;0.101;40;174;0.99618;3.311;0.6;9.891;8
5.823;0.471;0.325;4.54;0.095;13;150;0.99684;3.342;0.577;11.358;6
5.718;0.445;0.083;5.34;0.056;9;46;0.99947;3.312;0.42;10.5;5
8.901;0.392;0.273;6.05;0.065;39;421;0.99224;3.308;0.555;10.887;7
6.929;0.384;0.201;4.68;0.078;9;327;0.99956;3.329;0.445;10.572;6
6.946;0.383;0.409;4.94;0.075;13;272;0.99505;3.319;0.528;11.198;5
7.73;0.394;0.487;8.34;0.096;11;151;0.9965;3.297;0.556;11.254;6
5.731;0.369;0.332;2.67;0.106;19;229;1.00084;3.366;0.43;9.859;5
7.091;0.128;0.224;3.28;0.052;23;372;0.99561;3.347;0.512;10.729;6
7.399;0.561;0.23;3.67;0.022;19;103;0.99185;3.34;0.456;10.296;5
7.962;0.494;0.401;2.63;0.062;42;148;1.00015;3.286;0.554;10.613;8
8.283;0.367;0.297;6.23;0.087;34;328;0.99668;3.292;0.501;11.093;7
3.899;0.556;0.265;3.75;0.091;8;115;0.99723;3.309;0.706;10.9;5
6.975;0.266;0.2;3.12;0.11;34;205;0.99848;3.33;0.44;10.762;5
8.807;0.516;0.344;2.64;0.107;45;109;0.99494;3.328;0.47;10.487;6
5.103;0.42;0.326;3.09;0.106;29;116;0.99528;3.355;0.335;10.737;5
6.247;0.487;0.39;6.69;0.06;7;44;0.99438;3.33;0.35;10.406;6
6.474;0.378;0.199;2.71;0.112;32;328;0.9975;3.383;0.429;10.002;6
7.682;0.432;0.287;9.91;0.067;23;421;0.99614;3.338;0.514;10.042;5
7.333;0.461;0.16;7.77;0.117;3;153;0.9971;3.365;0.303;10.439;6
6.88;0.48;0.355;5.97;0.099;17;60;0.99775;3.311;0.395;10.599;6
7.198;0.454;0.305;2.45;0.095;40;318;0.99572;3.31;0.609;10.55;5
8.003;0.445;0.269;3.24;0.098;32;43;0.99642;3.338;0.645;9.973;6
7.942;0.308;0.432;11.11;0.09;12;285;0.99718;3.33;0.493;11.234;7
9.76;0.548;0.202;3.9;0.076;28;152;0.9934;3.327;0.582;10.511;6
6.985;0.428;0.459;3.24;0.057;45;13;1.00073;3.348;0.367;9.913;5
5.174;0.374;0.352;3.3;0.1;13;306;1.00079;3.347;0.674;10.415;6
6.098;0.342;0.392;6.37;0.091;19;132;0.99662;3.328;0.516;10.507;6
6.683;0.267;0.348;2.38;0.093;25;410;0.99847;3.323;0.612;9.849;5
6.467;0.318;0.244;10.88;0.076;20;279;0.99833;3.355;0.497;10.21;7
7.889;0.23;0.269;5.7;0.1;22;419;0.99402;3.318;0.472;11.075;6
7.399;0.407;0.419;2.92;0.069;22;389;0.99575;3.327;0.326;10.785;6
9.796;0.359;0.339;7.62;0.051;13;126;0.99692;3.317;0.471;10.35;6
7.882;0.415;0.348;2.14;0.104;38;172;0.99606;3.299;0.785;10.22;7
9.176;0.254;0.294;2.73;0.075;12;217;1.00003;3.327;0.571;10.488;5
6.032;0.336;0.415;6.01;0.067;14;243;0.9975;3.308;0.59;11.202;6
5.885;0.339;0.371;16.87;0.074;11;254;0.99793;3.33;0.498;10.35;6
8.128;0.475;0.201;2.77;0.11;25;173;0.99414;3.318;0.531;10.15;5
7.236;0.229;0.529;2.6;0.087;4;370;0.99405;3.331;0.62;11.272;5
7.232;0.257;0.406;4.65;0.075;37;281;0.99626;3.366;0.415;10.246;6
8.119;0.48;0.441;5.16;0.055;8;283;0.99882;3.334;0.46;12.09;6
5.357;0.45;0.328;3.23;0.068;34;364;0.99487;3.345;0.531;9.802;5
8.912;0.245;0.301;3.19;0.08;7;287;0.99685;3.359;0.537;10.719;6
8.581;0.518;0.412;17.79;0.05;8;28;0.99777;3.3;0.48;10.254;7
5.072;0.522;0.598;3.02;0.072;15;375;0.99535;3.34;0.558;10.657;6
6.506;0.482;0.332;2.47;0.071;14;99;0.99491;3.353;0.572;10.266;7
6.912;0.181;0.21;3.8;0.056;7;243;0.99599;3.309;0.489;11.111;6
8.26;0.382;0.335;13.91;0.07;32;75;0.99434;3.337;0.528;10.403;5
6.794;0.3;0.329;8.06;0.062;31;157;0.99189;3.311;0.53;10.86;5
5.813;0.327;0.452;4.7;0.077;24;11;0.99315;3.308;0.513;10.597;7
9.698;0.163;0.262;2.68;0.102;34;405;0.99784;3.304;0.544;12.389;8
6.715;0.556;0.281;4.55;0.116;29;101;0.99378;3.328;0.54;10.793;6
8.099;0.337;0.27;68.5;0.063;45;305;0.99919;3.333;0.332;10.061;9
6.952;0.429;0.406;7.5;0.08;12;232;0.99307;3.305;0.46;9.812;5
8.062;0.477;0.424;10.96;0.093;40;432;0.99645;3.322;0.508;10.229;7
8.133;0.446;0.344;2.49;0.073;36;299;0.99423;3.342;0.534;12.112;6
8.203;0.425;0.432;3.79;0.05;33;432;0.99482;3.327;0.561;11.2;6
5.483;0.376;0.304;3.52;0.07;7;248;0.99864;3.346;0.42;10.277;5
7.868;0.428;0.312;21.07;0.064;44;191;0.99589;3.298;0.57;11.337;6
7.097;0.368;0.086;4.04;0.058;44;134;0.99712;3.315;0.585;10.156;6
5.095;0.162;0.227;4.62;0.084;40;398;0.99157;3.361;0.494;10.42;6
5.648;0.515;0.178;3.64;0.083;35;159;0.99431;3.37;0.378;10.392;8
6.875;0.306;0.384;2.12;0.06;41;11;0.99897;3.322;0.473;10.668;6
7.597;0.333;0.329;11.9;0.111;17;396;0.99817;3.301;0.473;9.902;6
7.682;0.353;0.203;2.35;0.076;4;279;0.99602;3.328;0.596;10.286;5
5.496;0.242;0.33;3.48;0.113;23;194;0.99659;3.35;0.464;10.513;6
7.499;0.282;0.289;2.49;0.075;37;436;0.99759;3.336;0.532;10.757;6
6.616;0.214;0.35;3.44;0.086;21;186;0.99711;3.348;0.418;9.87;5
5.902;0.415;0.282;3.68;0.069;18;286;0.99647;3.295;0.653;10.643;6
8.763;0.477;0.273;3.59;0.071;40;377;0.99654;3.324;0.462;11.329;7
6.266;0.377;0.459;15.81;0.057;16;122;0.99715;3.333;0.476;10.852;7
4.941;0.284;0.28;2.74;0.055;32;164;1.00016;3.323;0.563;10.046;5
7.432;0.539;0.4;3.98;0.063;41;106;0.99652;3.324;0.502;9.805;5
8.763;0.331;0.252;7.07;0.09;45;87;0.99186;3.345;0.304;11.747;6
6.237;0.217;0.305;3.77;0.094;32;227;0.99782;3.322;0.492;10.543;6
8.026;0.213;0.27;3.57;0.099;45;166;1.00077;3.329;0.616;10.145;5
7.588;0.434;0.19;25.85;0.057;34;40;1.0014;3.334;0.249;9.977;7
6.029;0.537;0.383;8.58;0.11;44;16;0.99748;3.332;0.518;9.87;7
8.885;0.381;0.149;3.11;0.093;42;11;0.99862;3.317;0.297;9.874;6
7.596;0.292;0.372;5.71;0.055;15;432;1.00164;3.308;0.418;11.071;7
7.331;0.355;0.106;3.03;0.073;21;189;0.99376;3.359;0.292;10.525;6
3.274;0.314;0.375;6.6;0.079;12;387;0.99811;3.327;0.567;10.453;6
7.703;0.336;0.317;2.57;0.084;36;153;0.9978;3.349;0.579;10.323;6
7.006;0.373;0.469;8.78;0.033;15;291;0.9944;3.32;0.591;11.635;5
8.484;0.276;0.559;6.23;0.043;6;245;0.99718;3.313;0.82;11.577;8
3.557;0.518;0.209;6.06;0.097;27;340;0.99791;3.359;0.419;10.754;4
8.295;0.298;0.309;4.77;0.091;5;170;0.99527;3.349;0.474;9.242;5
8.633;0.47;0.174;5.57;0.062;4;214;0.99692;3.35;0.57;10.307;7
9.021;0.442;0.249;3.07;0.081;12;113;1.00192;3.327;0.332;10.573;7
2.887;0.344;0.327;4.98;0.097;33;419;0.99698;3.328;0.5;10.339;6
8.821;0.313;0.364;7.37;0.074;15;408;0.99546;3.327;0.388;10.735;6
8.107;0.325;0.424;6.5;0.069;3;44;0.99912;3.309;0.603;11.315;6
2.537;0.561;0.36;2.99;0.046;3;39;0.9977;3.374;0.579;10.645;5
5.752;0.311;0.409;7.2;0.058;34;362;0.99844;3.3;0.513;11.753;6
6.712;0.509;0.244;2.74;0.089;41;89;0.99834;3.31;0.397;10.69;5
9.386;0.468;0.35;3.24;0.077;21;209;0.99631;3.301;0.305;11.5;6
4.935;0.385;0.179;3.08;0.092;27;42;0.99916;3.353;0.382;11.197;5
6.408;0.58;0.267;3.41;0.062;17;347;0.99592;3.333;0.546;9.775;6
7.896;0.106;0.083;4.41;0.024;24;426;0.99714;3.33;0.405;11.22;7
7.381;0.413;0.303;7.85;0.067;33;328;0.99587;3.323;0.484;9.519;5
7.101;0.37;0.35;10.97;0.065;9;234;1.00024;3.306;0.46;12.043;6
8.301;0.383;0.274;6.54;0.072;40;151;0.99912;3.315;0.63;9.894;6
8.961;0.443;0.302;3.22;0.103;38;281;0.9997;3.322;0.404;10.45;6
4.778;0.356;0.134;8.32;0.107;43;423;0.99872;3.362;0.597;10.731;6
8.537;0.366;0.252;10.2;0.085;33;124;0.99955;3.322;0.386;10.401;5
6.594;0.473;0.284;3.19;0.076;36;203;0.99524;3.324;0.471;11.729;6
6.821;0.364;0.348;2.74;0.084;20;165;0.99332;3.312;0.575;10.932;5
8.121;0.298;0.346;4.32;0.078;29;76;1.00053;3.329;0.455;10.27;5
7.288;0.434;0.279;25.49;0.1;9;347;0.99738;3.337;0.353;10.139;5
7.264;0.397;0.282;3.97;0.05;23;359;0.99769;3.352;0.423;10.903;5
7.426;0.354;0.326;4.27;0.099;44;292;0.99256;3.323;0.47;10.193;6
8.226;0.423;0.244;8.01;0.083;40;439;1.0018;3.31;0.481;10.893;7
6.827;0.283;0.442;2.75;0.069;41;87;0.9968;3.348;0.575;11.455;6
6.206;0.264;0.543;2.83;0.044;8;291;0.9971;3.292;0.544;11.179;7
7.353;0.382;0.332;4.41;0.088;7;320;0.99652;3.347;0.475;10.203;6
8.406;0.351;0.283;8.98;0.054;26;169;0.99845;3.306;0.559;10.931;6
7.563;0.387;0.342;3.95;0.054;20;44;0.99734;3.34;0.387;10.936;5
6.494;0.273;0.425;3.34;0.077;6;279;0.99075;3.366;0.437;10.773;6
7.254;0.594;0.407;2.43;0.08;24;26;0.99589;3.329;0.27;9.356;7
7.179;0.443;0.191;17.85;0.077;5;151;0.99795;3.335;0.399;11.188;5
5.247;0.392;0.356;2.68;0.062;30;10;0.99775;3.304;0.436;9.92;5
7.38;0.407;0.244;13.72;0.077;36;342;0.99397;3.338;0.321;12.084;5
7.099;0.158;0.249;3.24;0.116;32;180;0.99828;3.347;0.475;9.868;7
7.384;0.504;0.316;11.74;0.082;35;376;0.99698;3.341;0.695;10.578;6
6.173;0.265;0.387;20.12;0.057;34;389;0.99095;3.335;0.671;10.715;6
6.078;0.429;0.294;3.04;0.061;27;19;0.99829;3.331;0.501;9.728;5
7.454;0.265;0.232;7.22;0.066;18;395;0.99506;3.337;0.572;10.793;5
6.437;0.48;0.299;8.18;0.107;8;211;0.99495;3.327;0.408;10.215;7
7.054;0.325;0.22;12.97;0.088;21;60;0.99729;3.273;0.557;10.867;6
7.842;0.382;0.472;3.95;0.11;9;72;0.99303;3.307;0.439;10.626;5
7.385;0.544;0.154;12.75;0.088;8;209;0.99829;3.336;0.534;11.183;6
9.336;0.492;0.368;5.07;0.113;37;282;0.99919;3.341;0.418;10.851;7
7.699;0.235;0.339;2.9;0.041;24;405;0.99565;3.325;0.598;11.216;7
9.379;0.315;0.317;10.31;0.047;20;120;0.99939;3.356;0.597;11.279;7
8.692;0.396;0.22;13.1;0.081;38;78;0.99936;3.32;0.635;10.559;5
10.659;0.357;0.271;4.7;0.088;5;84;0.99355;3.316;0.459;10.999;5
6.646;0.481;0.267;4.38;0.058;9;75;0.99557;3.326;0.412;10.519;6
7.491;0.292;0.286;8.45;0.067;9;264;0.99646;3.342;0.617;11.728;5
8.511;0.21;0.279;19.71;0.071;22;395;0.99772;3.348;0.516;10.012;7
6.276;0.294;0.326;2.7;0.092;5;374;0.99449;3.372;0.576;10.745;5
7.434;0.323;0.314;10.88;0.055;7;187;0.99429;3.33;0.684;11.072;9
8.316;0.401;0.398;27.82;0.051;39;18;0.996;3.343;0.434;12.02;8
6.336;0.507;0.34;3.03;0.074;11;277;0.99908;3.334;0.499;9.708;5
5.495;0.492;0.279;7.17;0.059;28;107;0.99692;3.349;0.488;11.576;6
7.905;0.387;0.41;4.93;0.077;30;378;0.99882;3.314;0.493;10.642;6
7.218;0.339;0.346;6.06;0.073;15;411;0.99796;3.325;0.56;10.6;6
6.172;0.49;0.227;12.92;0.1;6;47;0.99867;3.345;0.542;10.325;7
6.751;0.395;0.341;2.47;0.07;37;293;0.99695;3.343;0.636;10.664;5
6.5;0.348;0.416;3.56;0.072;29;187;0.9949;3.333;0.604;10.059;5
8.107;0.355;0.267;2.59;0.064;12;183;1.00154;3.332;0.68;10.981;5
8.495;0.446;0.164;3.93;0.116;16;50;0.9944;3.301;0.562;10.833;7
6.651;0.538;0.388;23.63;0.063;27;180;0.99604;3.332;0.303;10.662;7
7.676;0.495;0.436;2.86;0.088;16;126;0.99725;3.346;0.532;10.549;6
8.92;0.207;0.221;3.63;0.087;24;208;0.99475;3.338;0.393;10.179;7
7.463;0.521;0.275;3.39;0.062;36;226;0.99838;3.326;0.483;9.863;6
8.342;0.291;0.342;6.26;0.097;40;154;0.99621;3.371;0.509;10.721;6
6.623;0.36;0.069;3.92;0.089;25;75;0.99738;3.33;0.487;10.633;6
7.062;0.45;0.385;3.15;0.064;19;406;1.00091;3.3;0.68;9.994;5
10.076;0.242;0.396;3.17;0.046;27;143;0.99705;3.304;0.429;11.109;5
6.896;0.266;0.391;4.29;0.071;33;243;0.99728;3.29;0.419;10.404;6
9.78;0.294;0.479;2.7;0.066;39;172;0.99905;3.338;0.558;10.83;6
7.3;0.59;0.172;2.19;0.063;14;181;0.99864;3.345;0.52;10.772;5
5.066;0.548;0.353;11.92;0.069;35;84;0.99947;3.343;0.546;9.409;6
4.938;0.302;0.534;5.15;0.089;31;202;0.99453;3.335;0.497;10.957;6
7.927;0.399;0.089;3.4;0.063;3;84;0.99569;3.331;0.528;10.067;5
6.094;0.397;0.277;4.28;0.057;25;43;0.99913;3.363;0.579;11.188;7
5.398;0.443;0.357;8.12;0.085;25;383;0.99675;3.323;0.509;10.731;5
5.022;0.299;0.257;3.05;0.103;40;432;0.996;3.323;0.552;10.376;7
9.56;0.495;0.165;4.81;0.052;18;369;1.0003;3.312;0.47;11.482;6
7.337;0.341;0.35;3.51;0.054;7;126;0.99628;3.357;0.282;11.088;7
6.95;0.472;0.324;12.59;0.106;25;239;0.9995;3.311;0.466;9.864;7
7.21;0.232;0.225;2.18;0.039;17;376;0.99786;3.34;0.549;9.695;6
8.265;0.389;0.372;2.58;0.067;9;408;0.99633;3.327;0.419;11.102;6
6.957;0.409;0.395;14.9;0.106;22;154;0.99785;3.319;0.424;10.338;5
7.838;0.518;0.416;2.73;0.075;19;68;0.99664;3.327;0.631;10.752;5
7.21;0.104;0.376;3.13;0.063;45;256;0.99446;3.31;0.589;11.246;6
4.14;0.414;0.216;2.7;0.075;8;415;0.99849;3.346;0.562;11.608;7
7.656;0.483;0.264;2.21;0.094;14;188;0.99729;3.322;0.467;10.178;6
7.867;0.35;0.093;4.43;0.063;40;90;0.99982;3.351;0.452;10.741;5
7.658;0.494;0.228;7.76;0.074;21;40;0.99711;3.315;0.529;10.918;7
9.475;0.587;0.337;5.81;0.067;21;231;0.99613;3.3;0.331;12.133;6
5.56;0.455;0.384;2.69;0.085;7;78;0.99206;3.325;0.457;11.955;6
2.569;0.485;0.291;3.5;0.087;32;406;0.99712;3.314;0.659;10.082;5
9.082;0.522;0.309;18.69;0.065;5;281;0.99863;3.309;0.571;10.423;6
7.586;0.431;0.114;4.19;0.077;23;38;0.99646;3.344;0.393;10.701;7
5.103;0.495;0.196;2.96;0.08;35;282;0.99709;3.336;0.552;11.206;6
5.986;0.465;0.176;9.22;0.106;34;10;0.9934;3.374;0.559;9.818;5
8.084;0.31;0.259;3.95;0.077;31;94;0.99789;3.325;0.451;11.059;6
5.067;0.292;0.239;2.34;0.064;15;265;0.99682;3.329;0.533;10.443;7
7.563;0.513;0.519;3.04;0.082;27;118;0.99446;3.32;0.354;11.417;5
10.228;0.436;0.421;9.44;0.118;37;426;0.99965;3.346;0.454;11.299;8
8.927;0.321;0.206;4.24;0.105;14;34;0.99813;3.319;0.434;9.923;6
7.063;0.386;0.246;4.42;0.106;15;361;0.99697;3.325;0.636;10.263;6
7.213;0.543;0.244;7.47;0.053;42;387;0.99688;3.337;0.465;10.623;5
5.829;0.21;0.256;3.14;0.118;24;104;0.99621;3.291;0.443;10.284;7
6.299;0.333;0.22;2.51;0.095;39;69;0.99736;3.341;0.402;9.268;6
7.082;0.436;0.125;4.64;0.082;25;241;0.99765;3.325;0.508;11.097;6
5.584;0.471;0.424;3.33;0.081;24;46;0.9967;3.34;0.666;9.984;7
5.269;0.265;0.381;4.66;0.089;12;420;0.99766;3.312;0.561;10.678;7
9.157;0.309;0.351;3.2;0.043;37;393;1.00051;3.347;0.466;10.239;5
7.416;0.392;0.33;3.17;0.098;23;347;0.99745;3.275;0.5;11.42;5
5.018;0.55;0.332;2.56;0.055;6;59;0.99885;3.33;0.6;10.312;5
6.887;0.37;0.291;5.68;0.11;4;184;0.99891;3.328;0.32;12.314;7
9.644;0.132;0.133;25.04;0.082;11;95;0.99659;3.338;0.209;11.587;6
10.439;0.443;0.367;2.69;0.059;32;350;0.99724;3.343;0.49;11.859;8
6.926;0.354;0.341;11.66;0.055;14;74;0.99707;3.331;0.431;11.469;7
7.796;0.321;0.196;7.72;0.071;31;195;0.99568;3.319;0.483;11.13;7
7.945;0.283;0.071;3.32;0.112;19;68;0.99606;3.348;0.516;10.256;7
6.745;0.498;0.43;2.88;0.078;4;364;1.0028;3.359;0.329;10.869;4
5.947;0.391;0.228;6.9;0.078;34;235;0.99636;3.327;0.602;11.409;6
6.068;0.411;0.304;3.83;0.06;18;186;0.99823;3.341;0.494;10.316;6
7.622;0.398;0.262;3.97;0.107;35;370;0.99575;3.343;0.368;11.152;7
6.207;0.42;0.487;3.63;0.072;16;57;0.99527;3.303;0.518;11.867;7
4.614;0.495;0.134;24.41;0.069;13;226;0.99354;3.332;0.432;10.485;4
7.204;0.538;0.434;2.45;0.083;4;53;0.99656;3.323;0.578;11.309;6
9.114;0.248;0.086;6.39;0.062;34;251;1.00014;3.295;0.335;10.988;7
7.729;0.389;0.391;24.1;0.076;34;9;0.99771;3.328;0.351;10.6;7
6.939;0.332;0.268;5.26;0.044;18;26;0.99498;3.353;0.726;10.202;5
10.009;0.541;0.095;31.17;0.044;6;123;0.99828;3.329;0.425;10.552;7
6.153;0.349;0.323;4.73;0.088;26;182;0.99784;3.324;0.531;10.939;5
7.266;0.211;0.314;5.28;0.061;24;310;0.99712;3.317;0.626;10.643;7
6.048;0.347;0.183;8.49;0.084;44;153;0.99363;3.323;0.692;11.01;8
8.588;0.294;0.363;3.23;0.085;44;118;0.99641;3.32;0.621;12.22;6
7.272;0.295;0.322;4.83;0.09;11;179;0.99914;3.302;0.434;11.794;6
4.091;0.365;0.332;7.18;0.096;27;263;0.99742;3.347;0.525;10.848;6
6.066;0.248;0.175;3.31;0.099;6;286;1.0004;3.299;0.56;10.124;5
9.166;0.207;0.218;6.6;0.078;31;63;0.99814;3.317;0.617;10.479;4
7.746;0.593;0.199;11.2;0.074;30;57;0.9968;3.358;0.581;9.837;7
7.518;0.36;0.333;2.76;0.098;23;88;0.99694;3.324;0.433;10.814;6
7.635;0.316;0.231;4.4;0.06;43;234;1.00047;3.352;0.374;10.456;6
4.827;0.448;0.208;6.28;0.06;37;308;0.99369;3.326;0.646;10.67;4
6.656;0.488;0.477;3.24;0.049;9;118;0.99514;3.289;0.393;11.401;6
4.778;0.227;0.238;10.47;0.065;33;438;0.995;3.336;0.542;10.663;5
5.908;0.34;0.419;12.81;0.103;31;324;0.9974;3.294;0.567;10.206;4
6.516;0.413;0.392;3.48;0.106;14;356;0.99838;3.376;0.371;10.287;5
7.672;0.305;0.232;5.64;0.07;34;417;0.99733;3.302;0.461;10.557;4
7.84;0.455;0.1;3.38;0.053;22;320;0.99584;3.349;0.381;10.36;6
8.478;0.258;0.332;4.42;0.063;24;311;0.99772;3.324;0.646;10.081;5
10.636;0.324;0.371;6.67;0.083;29;64;0.99361;3.306;0.394;9.475;5
6.49;0.368;0.432;4.34;0.109;41;177;0.99897;3.344;0.554;10.54;5
7.222;0.42;0.356;5.37;0.073;7;108;0.99584;3.321;0.477;10.598;7
8.041;0.377;0.364;3.7;0.096;28;27;1.00004;3.306;0.627;11.184;5
6.017;0.312;0.25;12.42;0.094;18;422;0.99581;3.278;0.555;10.877;6
6.749;0.344;0.24;9.83;0.049;15;426;1.00013;3.321;0.574;10.265;5
8.424;0.141;0.665;3.41;0.097;41;145;0.99875;3.352;0.538;11.527;7
5.899;0.595;0.427;7.18;0.104;12;314;0.99764;3.355;0.651;11.759;6
8.142;0.326;0.193;53.93;0.088;40;423;0.99216;3.292;0.452;11.373;6
8.648;0.359;0.336;3.68;0.078;44;66;0.99675;3.354;0.591;11.042;5
5.727;0.402;0.365;15.0;0.102;15;65;0.99809;3.33;0.545;11.224;6
3.835;0.444;0.128;56.22;0.091;36;390;0.99551;3.339;0.514;10.323;7
7.704;0.397;0.302;4.25;0.079;42;122;0.99884;3.343;0.521;11.125;7
6.143;0.295;0.388;8.89;0.085;28;400;0.99504;3.296;0.314;11.362;6
7.047;0.228;0.467;2.25;0.11;31;280;0.99606;3.319;0.585;10.928;5
6.771;0.353;0.487;15.03;0.058;40;135;1.00162;3.359;0.563;11.76;6
7.655;0.297;0.282;7.82;0.074;38;104;0.99683;3.319;0.673;11.189;6
8.322;0.341;0.266;9.19;0.071;28;196;0.99568;3.328;0.53;10.212;7
8.334;0.378;0.269;5.53;0.083;22;35;0.99648;3.3;0.427;10.401;6
6.93;0.393;0.348;10.33;0.08;28;372;0.99883;3.321;0.594;10.828;5
5.199;0.523;0.388;11.83;0.073;43;290;0.99483;3.349;0.38;11.377;6
2.795;0.402;0.173;8.27;0.089;9;240;0.9974;3.378;0.395;9.853;6
3.907;0.216;0.288;4.11;0.077;25;92;0.99783;3.346;0.527;11.772;5
5.844;0.447;0.247;4.39;0.105;4;20;0.99688;3.33;0.365;10.176;7
7.81;0.452;0.258;4.98;0.098;15;125;0.99753;3.314;0.652;10.499;5
6.072;0.221;0.258;4.25;0.078;17;424;0.99472;3.348;0.54;11.615;6
6.396;0.437;0.502;3.14;0.08;21;41;0.9996;3.325;0.464;10.071;7
4.524;0.414;0.475;2.7;0.075;30;126;0.9988;3.328;0.376;10.232;6
4.638;0.334;0.454;4.56;0.063;18;312;1.00014;3.292;0.621;10.202;5
4.17;0.42;0.125;3.03;0.091;37;19;0.99964;3.321;0.485;10.729;5
7.476;0.44;0.325;3.91;0.101;24;19;0.99964;3.331;0.713;10.635;6
4.228;0.445;0.551;2.7;0.042;14;273;0.99643;3.325;0.43;11.431;6
7.385;0.522;0.33;2.63;0.063;44;75;0.99878;3.336;0.463;10.096;5
6.527;0.352;0.27;3.8;0.096;15;94;0.9948;3.339;0.459;11.288;7
7.423;0.397;0.358;4.2;0.109;9;151;0.99835;3.29;0.38;10.666;7
7.489;0.62;0.291;33.49;0.06;20;109;0.99486;3.334;0.5;10.262;7
7.728;0.29;0.258;4.61;0.058;23;313;0.99944;3.332;0.477;10.296;6
8.021;0.381;0.312;11.1;0.054;13;257;0.99997;3.304;0.707;9.667;6
6.621;0.32;0.388;6.95;0.096;43;169;0.99489;3.324;0.49;10.382;6
4.491;0.507;0.248;5.99;0.089;13;367;0.99723;3.346;0.522;10.573;5
6.799;0.478;0.326;4.05;0.074;43;332;0.99563;3.286;0.524;10.99;5
5.063;0.285;0.174;7.82;0.067;35;390;0.99418;3.344;0.356;9.708;5
7.915;0.506;0.308;7.12;0.093;3;285;0.99676;3.337;0.453;10.914;6
7.795;0.225;0.423;2.61;0.064;34;220;0.99282;3.307;0.716;10.505;6
6.016;0.683;0.282;7.99;0.112;37;64;0.99565;3.355;0.55;10.335;6
6.919;0.342;0.269;4.28;0.078;43;195;0.99541;3.326;0.574;10.328;6
6.865;0.472;0.188;2.49;0.092;8;157;0.99703;3.322;0.421;11.04;6
8.744;0.347;0.435;3.21;0.088;4;209;0.99832;3.324;0.658;10.686;7
3.939;0.473;0.176;8.23;0.084;11;366;0.99854;3.347;0.483;10.168;5
6.847;0.326;0.363;10.05;0.075;38;67;0.99595;3.313;0.392;10.502;4
7.203;0.415;0.257;4.5;0.116;3;270;0.99869;3.384;0.417;10.688;6
5.919;0.385;0.394;12.99;0.104;10;340;1.00007;3.299;0.491;11.232;6
6.426;0.375;0.434;8.86;0.057;14;222;0.99373;3.351;0.541;11.264;5
7.818;0.479;0.264;2.52;0.115;9;287;1.0011;3.338;0.521;10.863;5
6.545;0.338;0.007;2.85;0.053;34;22;0.99852;3.33;0.636;11.562;6
4.783;0.331;0.125;6.19;0.087;44;59;0.99633;3.343;0.587;12.204;6
5.924;0.218;0.247;3.05;0.088;35;406;0.9962;3.3;0.391;10.989;6
7.867;0.389;0.199;3.42;0.082;22;377;0.99622;3.309;0.556;10.928;5
6.03;0.322;0.354;5.95;0.057;32;302;0.99726;3.346;0.256;12.108;7
8.498;0.483;0.501;4.06;0.062;24;173;1.00289;3.374;0.525;10.912;6
8.543;0.463;0.367;3.32;0.099;28;101;0.99363;3.386;0.484;11.269;6
6.664;0.311;0.298;2.6;0.064;7;225;0.99707;3.342;0.416;10.074;7
7.397;0.44;0.436;29.53;0.081;26;424;0.99685;3.284;0.611;11.383;6
4.804;0.555;0.253;2.61;0.089;33;382;0.99478;3.356;0.476;9.655;5
5.479;0.399;0.363;3.76;0.071;4;186;0.99773;3.362;0.489;9.39;6
5.622;0.28;0.336;11.5;0.06;36;80;0.99677;3.343;0.406;10.641;6
7.395;0.645;0.102;4.53;0.056;7;37;1.00072;3.35;0.549;9.869;4
5.465;0.427;0.422;2.99;0.069;26;208;0.99647;3.345;0.439;11.385;5
6.498;0.465;0.48;2.8;0.101;9;188;0.99914;3.348;0.366;10.118;6
6.91;0.638;0.273;12.16;0.077;20;281;0.9965;3.328;0.463;9.325;6
7.725;0.301;0.392;8.68;0.073;44;165;0.99576;3.302;0.582;10.601;5
4.284;0.402;0.377;2.32;0.112;13;239;0.99815;3.312;0.457;11.101;6
4.771;0.181;0.298;2.61;0.105;19;293;0.99512;3.338;0.699;10.877;8
5.862;0.427;0.281;7.72;0.095;36;121;0.99684;3.352;0.477;10.722;7
7.424;0.391;0.445;19.06;0.083;33;109;0.99658;3.346;0.628;11.305;6
6.756;0.32;0.233;3.54;0.093;16;318;0.99639;3.345;0.552;10.05;5
7.16;0.3;0.256;10.13;0.099;40;82;0.99718;3.311;0.629;10.478;7
9.199;0.388;0.376;2.48;0.088;36;201;1.00188;3.351;0.436;9.558;7
7.809;0.362;0.405;2.44;0.099;23;345;0.99557;3.309;0.582;10.337;5
7.407;0.556;0.457;2.7;0.086;32;146;0.99515;3.348;0.615;11.145;5
6.867;0.335;0.278;6.89;0.096;24;38;0.99935;3.3;0.417;11.838;5
7.847;0.375;0.171;5.52;0.053;39;36;0.99498;3.348;0.425;10.164;6
8.423;0.345;0.444;8.26;0.055;16;219;0.99362;3.335;0.339;11.386;7
8.047;0.216;0.165;2.39;0.108;23;160;0.99511;3.316;0.468;10.656;5
7.271;0.315;0.291;19.95;0.102;37;124;0.9974;3.332;0.418;10.293;5
7.392;0.264;0.275;3.78;0.065;17;309;0.9989;3.348;0.598;10.308;7
9.513;0.378;0.505;56.3;0.055;25;139;0.99567;3.316;0.344;10.035;5
5.798;0.165;0.315;5.74;0.1;37;256;0.99775;3.334;0.387;10.939;6
3.649;0.282;0.18;2.37;0.076;7;20;0.99457;3.334;0.307;10.414;5
7.904;0.416;0.304;4.68;0.082;38;69;0.99892;3.299;0.344;9.712;6
7.546;0.189;0.431;3.09;0.109;6;388;0.99814;3.327;0.556;11.038;5
6.226;0.243;0.116;17.68;0.093;6;341;0.99685;3.385;0.395;10.205;5
5.054;0.533;0.13;5.58;0.089;24;114;0.99768;3.361;0.409;9.897;5
10.758;0.25;0.417;13.31;0.105;25;346;0.99957;3.295;0.629;10.292;5
6.279;0.383;0.326;3.14;0.046;30;382;0.99706;3.338;0.58;10.098;6
4.983;0.424;0.201;3.18;0.068;45;32;0.99606;3.346;0.528;10.155;7
6.205;0.279;0.29;5.29;0.14;24;124;0.99914;3.336;0.538;10.061;6
8.406;0.183;0.352;5.04;0.089;5;255;0.99383;3.332;0.53;11.849;5
6.213;0.531;0.203;2.99;0.11;40;439;0.99494;3.35;0.732;10.66;6
5.984;0.344;0.24;7.0;0.065;19;352;0.99905;3.377;0.584;9.929;5
8.073;0.406;0.489;12.31;0.115;36;369;0.99483;3.348;0.582;10.929;6
5.748;0.33;0.322;3.88;0.057;42;266;0.99446;3.344;0.587;10.323;5
7.204;0.416;0.43;3.59;0.09;37;161;0.99387;3.295;0.635;9.613;7
6.392;0.271;0.291;3.6;0.089;3;26;0.99734;3.304;0.526;10.894;5
5.312;0.251;0.251;7.07;0.062;3;285;0.99674;3.348;0.507;11.176;6
7.115;0.275;0.348;4.42;0.09;21;266;0.99478;3.335;0.431;10.391;5
5.334;0.319;0.222;6.54;0.018;43;316;0.99749;3.329;0.561;10.977;5
7.868;0.334;0.336;11.63;0.097;9;212;0.99448;3.364;0.433;10.302;6
5.339;0.362;0.271;3.97;0.08;44;283;0.99332;3.312;0.667;10.895;5
6.598;0.426;0.284;4.03;0.066;33;436;0.99699;3.306;0.485;10.769;6
4.384;0.33;0.286;3.98;0.05;34;366;0.99244;3.315;0.507;10.941;7
6.054;0.487;0.208;16.53;0.054;5;398;0.99625;3.338;0.491;10.513;5
4.437;0.347;0.421;4.43;0.06;41;41;0.9986;3.321;0.314;10.438;4
8.442;0.472;0.139;4.97;0.061;19;255;0.99422;3.34;0.338;10.099;5
6.541;0.523;0.327;3.96;0.08;24;356;0.99257;3.327;0.594;10.645;5
6.962;0.585;0.159;9.5;0.053;13;180;0.99804;3.338;0.526;10.547;5
4.442;0.186;0.403;6.35;0.064;34;363;0.99791;3.326;0.562;10.67;5
5.081;0.561;0.286;2.76;0.043;22;80;1.00095;3.301;0.344;11.129;6
6.447;0.216;0.323;9.95;0.121;24;396;0.99642;3.347;0.526;10.677;7
4.733;0.537;0.349;6.34;0.09;13;105;0.99683;3.353;0.429;9.918;6
8.063;0.4;0.332;12.59;0.029;5;99;0.995;3.301;0.576;9.907;5
6.056;0.431;0.32;6.98;0.093;30;295;0.9991;3.324;0.47;11.195;5
6.943;0.296;0.343;4.57;0.133;27;366;0.9997;3.341;0.456;10.735;5
7.214;0.482;0.343;2.89;0.085;3;212;0.99627;3.336;0.462;10.708;6
6.295;0.469;0.251;10.31;0.091;36;56;0.9978;3.305;0.539;10.336;6
8.386;0.312;0.3;13.06;0.087;41;169;0.99932;3.323;0.589;10.692;5
6.345;0.307;0.304;3.03;0.115;19;291;0.99666;3.309;0.348;10.217;6
7.839;0.453;0.258;4.55;0.12;35;346;0.99983;3.349;0.463;11.299;8
8.96;0.471;0.274;6.63;0.082;10;18;0.99933;3.338;0.402;10.287;6
7.32;0.456;0.451;4.37;0.038;24;434;0.99659;3.357;0.402;10.126;6
6.941;0.351;0.163;6.24;0.078;40;281;0.99604;3.317;0.549;10.313;6
6.258;0.392;0.475;3.79;0.046;23;125;0.99582;3.345;0.454;10.741;5
8.527;0.416;0.322;3.33;0.041;44;422;0.99365;3.291;0.272;11.149;8
8.45;0.443;0.4;12.72;0.095;13;15;1.00022;3.333;0.527;10.84;7
6.797;0.488;0.323;2.41;0.073;42;297;0.99603;3.324;0.558;10.898;5
4.379;0.406;0.287;7.6;0.072;9;25;0.99555;3.313;0.761;9.768;6
7.569;0.296;0.387;3.13;0.086;37;142;0.99419;3.309;0.498;10.76;7
7.86;0.366;0.53;4.83;0.088;34;281;0.99476;3.307;0.535;10.365;7
7.715;0.423;0.308;3.29;0.061;15;65;0.9983;3.343;0.788;12.051;6
7.203;0.321;0.32;5.24;0.108;8;23;0.9975;3.298;0.586;10.618;5
9.405;0.416;0.272;3.36;0.06;6;369;0.99177;3.374;0.476;10.829;5
5.697;0.282;0.535;5.7;0.09;9;17;0.9971;3.331;0.607;10.793;7
5.826;0.399;0.442;2.55;0.072;17;127;0.99784;3.329;0.497;10.909;4
7.68;0.328;0.421;2.82;0.077;38;381;0.99843;3.338;0.462;10.875;5
6.074;0.572;0.34;4.33;0.069;12;241;0.99906;3.313;0.399;11.212;8
6.853;0.523;0.104;7.49;0.103;29;363;0.99831;3.336;0.688;9.598;5
8.007;0.365;0.407;3.06;0.09;12;371;1.00097;3.339;0.598;11.891;6
4.298;0.248;0.139;26.01;0.079;30;24;0.99546;3.3;0.48;11.043;6
7.645;0.268;0.244;3.77;0.104;41;128;0.99945;3.34;0.362;10.065;5
9.373;0.43;0.434;8.52;0.048;7;18;0.99492;3.34;0.452;10.708;6
6.949;0.378;0.246;2.35;0.089;7;388;0.99611;3.36;0.163;11.4;6
4.942;0.416;0.244;2.89;0.052;37;293;1.00053;3.298;0.679;11.228;6
7.62;0.241;0.086;2.88;0.025;8;235;0.99919;3.343;0.381;10.499;6
5.45;0.234;0.385;2.73;0.046;17;225;0.99562;3.294;0.517;11.223;6
6.738;0.395;0.355;2.46;0.095;18;123;0.99801;3.319;0.549;10.87;7
7.68;0.355;0.273;3.66;0.075;39;246;0.99331;3.329;0.586;10.835;6
5.745;0.254;0.347;3.04;0.082;7;149;0.99549;3.332;0.487;10.853;6
4.082;0.323;0.133;18.6;0.064;11;75;0.99581;3.332;0.423;11.226;5
6.549;0.468;0.214;4.49;0.065;20;105;0.99373;3.345;0.617;10.796;6
6.761;0.343;0.33;5.69;0.055;14;433;0.99818;3.349;0.669;10.378;6
5.274;0.459;0.384;2.26;0.079;44;18;0.99464;3.342;0.39;10.368;5
6.007;0.542;0.317;16.42;0.081;18;110;0.99652;3.312;0.556;10.674;5
8.383;0.399;0.209;17.22;0.076;6;329;0.99932;3.315;0.57;12.228;7
7.01;0.387;0.274;2.78;0.076;36;149;0.99795;3.334;0.453;11.525;7
5.507;0.354;0.395;2.82;0.079;12;179;0.99606;3.355;0.529;9.941;5
6.076;0.506;0.253;3.14;0.081;41;315;0.99605;3.333;0.544;9.961;5
6.745;0.255;0.323;15.23;0.095;42;173;0.99803;3.311;0.405;10.365;7
7.279;0.264;0.367;2.61;0.06;6;219;0.99399;3.316;0.506;11.151;7
6.653;0.382;0.258;2.85;0.089;9;220;0.99799;3.334;0.481;10.986;6
4.705;0.248;0.304;2.45;0.103;21;252;0.99818;3.307;0.46;11.58;6
5.798;0.505;0.11;5.68;0.055;40;146;1.00025;3.334;0.538;10.107;5
5.704;0.334;0.242;8.94;0.065;45;11;0.99748;3.326;0.563;10.41;6
8.252;0.386;0.367;2.91;0.064;20;301;0.99622;3.327;0.709;12.195;8
8.535;0.351;0.379;11.7;0.057;38;125;0.99339;3.35;0.292;9.916;7
8.078;0.363;0.439;5.21;0.07;36;243;0.99758;3.312;0.398;10.502;6
8.163;0.37;0.281;3.05;0.064;39;359;0.99864;3.352;0.473;11.527;6
7.201;0.181;0.366;7.04;0.11;7;408;0.99711;3.359;0.528;11.113;6
6.883;0.258;0.318;13.25;0.082;41;373;0.99633;3.313;0.613;11.068;6
6.592;0.367;0.204;13.32;0.114;33;127;0.9966;3.338;0.277;9.73;5
5.542;0.634;0.207;6.88;0.08;31;143;0.99618;3.329;0.488;10.05;5
8.247;0.392;0.38;13.95;0.068;16;141;0.99571;3.286;0.348;12.527;8
5.697;0.458;0.312;4.73;0.076;45;323;0.99415;3.301;0.637;10.474;6
6.865;0.278;0.24;5.88;0.074;35;176;0.9983;3.275;0.515;10.125;7
6.829;0.471;0.589;22.26;0.132;34;46;0.99634;3.332;0.45;11.034;6
9.811;0.492;0.326;4.4;0.102;3;143;0.99762;3.356;0.417;10.378;6
7.102;0.481;0.357;3.1;0.086;44;337;0.99686;3.315;0.421;9.633;6
6.872;0.626;0.306;2.7;0.034;20;36;0.99646;3.333;0.509;10.967;8
7.709;0.259;0.582;3.52;0.071;38;333;0.99469;3.32;0.484;10.342;5
6.712;0.257;0.108;2.33;0.095;23;333;1.00065;3.325;0.421;11.689;7
8.117;0.363;0.271;2.95;0.086;35;420;0.99923;3.327;0.457;10.38;5
7.694;0.296;0.321;2.75;0.075;19;152;0.99755;3.343;0.608;9.39;6
10.232;0.413;0.408;4.22;0.099;29;176;0.99536;3.35;0.59;10.699;5
4.53;0.471;0.272;2.59;0.09;45;357;1.0016;3.356;0.42;10.332;7
6.988;0.374;0.221;4.39;0.063;35;10;0.99781;3.343;0.404;10.368;5
6.07;0.42;0.443;4.7;0.087;36;107;0.99712;3.367;0.404;9.499;6
7.492;0.416;0.387;8.64;0.093;5;135;0.99545;3.305;0.668;11.972;8
8.553;0.433;0.314;10.74;0.09;14;33;0.9962;3.307;0.67;11.501;6
5.556;0.318;0.287;17.9;0.076;5;76;0.99963;3.352;0.402;10.537;7
6.143;0.307;0.297;4.06;0.066;31;236;0.99506;3.308;0.496;11.435;6
6.983;0.516;0.315;2.58;0.08;10;273;0.997;3.355;0.586;10.079;5
8.283;0.347;0.144;8.53;0.091;16;217;0.99681;3.331;0.495;10.749;5
5.152;0.309;0.317;6.33;0.086;18;14;0.99832;3.357;0.481;10.396;5
4.336;0.43;0.234;3.68;0.105;40;236;0.99958;3.342;0.317;10.194;5
9.002;0.326;0.383;8.91;0.069;3;144;0.9967;3.319;0.534;11.228;6
8.092;0.393;0.347;27.0;0.078;21;308;0.99769;3.33;0.604;11.275;7
7.758;0.401;0.183;6.2;0.079;9;391;0.99818;3.307;0.45;9.98;6
5.203;0.461;0.432;3.73;0.089;21;274;0.99577;3.346;0.375;10.325;5
6.626;0.475;0.388;5.49;0.057;9;264;0.99686;3.332;0.549;10.978;5
6.889;0.313;0.21;2.99;0.107;6;201;0.99477;3.355;0.568;9.684;7
7.602;0.257;0.212;27.69;0.073;15;296;0.9973;3.339;0.436;10.532;5
6.833;0.539;0.248;2.71;0.107;18;420;0.99689;3.309;0.341;10.314;5
7.115;0.303;0.358;2.88;0.107;45;6;0.99707;3.326;0.527;11.41;3
7.956;0.24;0.426;10.71;0.054;12;210;0.9959;3.345;0.373;10.372;6
6.562;0.183;0.232;4.24;0.083;11;68;1.00153;3.327;0.589;11.381;6
5.4;0.41;0.204;2.7;0.095;34;63;0.99979;3.361;0.525;9.125;6
5.9;0.335;0.347;9.95;0.081;29;197;0.99676;3.338;0.456;11.121;5
6.219;0.199;0.307;12.15;0.091;37;389;0.99519;3.333;0.514;10.779;6
7.217;0.283;0.312;2.45;0.061;5;102;0.9968;3.299;0.378;10.112;6
6.157;0.295;0.282;7.76;0.102;22;304;0.99683;3.353;0.439;10.588;4
6.232;0.486;0.277;10.48;0.085;32;109;0.99701;3.355;0.325;11.461;6
8.519;0.418;0.474;24.21;0.077;37;190;0.99793;3.323;0.601;10.896;6
7.078;0.391;0.4;6.77;0.03;40;284;0.99487;3.315;0.377;10.422;6
6.541;0.252;0.283;8.5;0.095;40;258;0.99534;3.323;0.411;10.674;6
8.81;0.356;0.445;5.15;0.049;20;331;0.99691;3.364;0.366;11.159;6
6.598;0.431;0.518;8.21;0.105;10;103;0.9927;3.36;0.507;10.66;7
7.492;0.375;0.383;21.36;0.097;16;306;1.00117;3.324;0.645;11.772;7
7.451;0.461;0.37;8.26;0.048;34;21;0.9982;3.3;0.553;11.525;7
5.111;0.431;0.223;3.41;0.055;10;134;0.99838;3.333;0.451;10.329;5
6.521;0.446;0.33;4.58;0.087;5;69;0.99878;3.303;0.526;10.296;8
6.707;0.441;0.322;27.34;0.107;44;171;0.9976;3.316;0.663;9.548;5
4.456;0.346;0.421;2.69;0.087;14;267;0.99729;3.349;0.405;10.814;5
6.792;0.5;0.234;3.43;0.082;29;404;0.99752;3.329;0.471;11.033;6
7.323;0.415;0.153;3.33;0.082;8;155;0.99714;3.319;0.471;10.193;5
7.188;0.468;0.258;14.24;0.114;14;236;0.99923;3.34;0.553;10.919;6
7.316;0.275;0.349;3.05;0.09;19;14;0.99698;3.34;0.452;11.191;6
10.754;0.246;0.141;3.75;0.05;45;244;0.99875;3.354;0.506;11.546;7
7.807;0.364;0.292;4.62;0.107;4;48;1.00048;3.315;0.52;10.463;7
6.335;0.317;0.216;7.24;0.102;9;179;0.99864;3.37;0.573;9.721;5
6.892;0.438;0.206;7.59;0.078;14;148;0.99714;3.351;0.623;11.082;5
7.463;0.401;0.348;2.78;0.073;31;53;0.99407;3.309;0.439;12.162;8
8.06;0.482;0.45;2.78;0.105;32;19;0.99536;3.334;0.449;11.47;6
6.825;0.428;0.189;2.56;0.09;23;155;0.99453;3.316;0.45;11.38;7
9.406;0.25;0.354;12.1;0.072;41;214;0.99636;3.347;0.55;10.796;7
4.949;0.496;0.276;4.11;0.107;8;327;0.99932;3.347;0.47;10.254;5
7.503;0.327;0.366;5.42;0.074;18;299;0.99381;3.327;0.538;9.859;7
7.532;0.311;0.31;4.79;0.076;26;57;0.99776;3.355;0.572;11.564;6
4.189;0.436;0.201;2.53;0.051;44;82;0.99441;3.356;0.324;10.546;6
7.679;0.384;0.397;2.44;0.072;41;318;0.9961;3.316;0.546;10.834;5
7.824;0.479;0.361;2.79;0.133;34;399;0.99824;3.327;0.459;10.278;5
6.04;0.665;0.209;26.67;0.047;33;387;0.99585;3.352;0.535;10.688;6
9.66;0.438;0.099;3.8;0.055;39;220;0.99987;3.342;0.477;10.484;5
8.08;0.519;0.25;6.88;0.098;25;109;0.99714;3.317;0.468;11.196;5
6.204;0.372;0.321;2.9;0.065;14;243;0.99672;3.332;0.541;10.286;5
6.646;0.401;0.403;53.09;0.096;5;317;0.99665;3.34;0.614;11.005;6
6.814;0.294;0.29;5.08;0.108;45;349;0.99601;3.346;0.474;11.76;6
7.319;0.337;0.275;2.48;0.072;19;89;0.99756;3.32;0.539;10.9;5
7.348;0.502;0.145;3.61;0.066;7;323;0.99407;3.337;0.625;11.605;6
5.391;0.413;0.28;6.0;0.099;25;106;0.9964;3.341;0.453;10.513;7
5.382;0.432;0.317;10.53;0.092;35;172;0.99557;3.355;0.57;10.044;5
6.027;0.299;0.255;3.87;0.11;28;283;0.99712;3.36;0.565;10.95;6
6.353;0.554;0.3;7.81;0.076;26;185;0.99542;3.311;0.365;11.114;6
6.645;0.356;0.222;5.84;0.088;15;305;0.99695;3.328;0.388;11.518;5
5.076;0.355;0.183;5.53;0.072;21;294;1.00151;3.352;0.41;9.68;5
7.6;0.387;0.331;3.75;0.058;7;233;1.00116;3.347;0.434;10.394;6
8.408;0.44;0.166;6.26;0.057;42;70;0.99609;3.347;0.639;10.905;6
6.596;0.473;0.296;11.55;0.062;21;296;0.9975;3.354;0.374;9.676;6
3.891;0.533;0.425;4.75;0.112;14;397;0.99853;3.316;0.624;10.337;6
6.152;0.298;0.232;3.9;0.101;21;66;0.99643;3.317;0.382;10.255;5
7.796;0.333;0.267;64.06;0.081;39;195;0.99697;3.329;0.356;10.942;6
6.924;0.533;0.233;7.99;0.076;34;107;0.99566;3.34;0.445;10.416;5
7.648;0.594;0.196;7.77;0.074;33;151;0.99818;3.296;0.41;11.199;5
7.212;0.313;0.259;2.55;0.104;41;329;0.99496;3.322;0.476;10.39;6
4.563;0.387;0.169;11.37;0.081;39;219;1.0015;3.342;0.505;9.767;6
3.399;0.233;0.282;2.46;0.046;41;369;0.99511;3.335;0.367;10.625;5
7.731;0.3;0.255;12.49;0.076;45;262;0.99699;3.35;0.453;10.164;5
6.572;0.28;0.211;6.02;0.04;35;409;0.9997;3.305;0.606;10.494;5
6.488;0.411;0.273;3.62;0.075;28;386;0.99866;3.353;0.394;10.11;6
7.014;0.243;0.428;3.28;0.059;24;412;0.99189;3.319;0.707;10.815;8
5.646;0.516;0.346;5.35;0.049;37;124;0.99936;3.387;0.447;10.065;5
8.788;0.374;0.283;3.78;0.044;19;337;0.99708;3.296;0.399;11.244;5
5.256;0.359;0.304;2.41;0.079;33;401;0.99815;3.354;0.67;10.233;5
7.259;0.46;0.219;11.07;0.087;44;118;0.99319;3.293;0.403;10.691;7
5.584;0.35;0.289;2.51;0.087;25;249;1.00165;3.338;0.57;10.811;5
7.519;0.238;0.394;4.28;0.058;22;82;0.99331;3.325;0.623;11.173;8
7.213;0.398;0.37;3.62;0.062;34;393;0.99992;3.311;0.612;10.42;6
7.675;0.603;0.437;17.55;0.082;45;208;0.99467;3.316;0.471;10.256;5
7.374;0.382;0.169;2.5;0.097;27;276;0.99434;3.33;0.358;10.84;5
5.173;0.43;0.466;10.35;0.098;45;126;0.99867;3.346;0.581;10.66;7
6.995;0.372;0.336;6.62;0.082;25;357;0.99584;3.34;0.488;10.256;5
7.724;0.375;0.446;2.11;0.062;37;408;1.00154;3.312;0.337;10.363;7
8.679;0.415;0.326;2.57;0.09;17;21;0.99964;3.313;0.535;10.662;6
9.288;0.137;0.41;3.26;0.088;7;92;0.99835;3.37;0.389;10.405;5
7.287;0.273;0.29;2.85;0.07;37;191;0.99631;3.332;0.511;10.0;6
5.111;0.341;0.184;5.48;0.06;37;234;0.99651;3.294;0.46;10.488;5
5.796;0.372;0.322;7.12;0.071;43;76;0.99825;3.321;0.565;11.244;6
6.663;0.542;0.243;10.79;0.104;40;212;0.99804;3.307;0.52;9.647;5
8.798;0.607;0.323;3.21;0.102;29;77;0.99571;3.295;0.419;11.194;6
5.28;0.45;0.354;6.89;0.073;18;224;0.99722;3.354;0.588;9.92;4
8.485;0.407;0.398;4.11;0.081;12;249;0.99717;3.312;0.595;10.919;5
8.163;0.435;0.387;6.84;0.108;30;107;0.99879;3.312;0.74;10.546;5
5.517;0.542;0.393;4.55;0.052;28;9;0.99579;3.335;0.548;10.234;7
7.673;0.286;0.151;4.67;0.069;18;115;0.99695;3.323;0.512;10.797;5
6.687;0.301;0.453;3.89;0.069;16;8;0.99817;3.305;0.575;11.36;7
8.039;0.352;0.27;6.84;0.079;43;53;0.99725;3.279;0.514;11.426;7
5.848;0.438;0.29;5.1;0.049;45;279;0.99205;3.324;0.543;10.265;6
6.56;0.219;0.24;2.93;0.091;22;331;0.99895;3.35;0.462;10.78;6
5.291;0.427;0.19;2.27;0.049;42;74;0.99601;3.339;0.629;10.819;5
7.213;0.239;0.379;10.35;0.099;16;207;0.99952;3.324;0.466;10.516;5
3.545;0.478;0.187;8.41;0.08;18;293;0.99659;3.312;0.373;10.576;6
6.281;0.47;0.248;4.5;0.069;45;341;0.99493;3.312;0.437;10.372;5
5.768;0.172;0.436;12.13;0.098;16;191;1.00343;3.344;0.685;10.998;6
7.778;0.481;0.035;4.59;0.087;26;82;0.99599;3.338;0.579;9.51;5
7.561;0.404;0.137;4.39;0.06;30;393;0.99416;3.327;0.384;10.709;6
6.264;0.32;0.401;3.71;0.097;5;96;0.99714;3.346;0.498;11.115;6
5.944;0.468;0.275;13.38;0.072;12;311;0.99855;3.299;0.49;10.681;6
7.307;0.568;0.399;22.63;0.082;23;346;0.99778;3.306;0.74;11.229;6
6.299;0.423;0.315;4.19;0.104;35;232;0.99719;3.309;0.531;10.572;7
9.725;0.279;0.253;3.37;0.051;10;314;0.99494;3.36;0.505;10.501;6
2.884;0.252;0.363;11.05;0.095;17;89;1.00153;3.327;0.522;9.069;6
5.836;0.312;0.191;9.49;0.103;13;237;0.99446;3.341;0.3;10.349;4
3.404;0.29;0.243;7.64;0.124;29;395;0.99777;3.301;0.476;11.067;6
8.664;0.479;0.345;2.56;0.039;29;202;0.99359;3.338;0.474;11.549;6
5.869;0.41;0.199;5.86;0.095;27;182;0.99748;3.332;0.466;11.531;5
9.669;0.354;0.19;5.43;0.119;38;94;0.9965;3.321;0.37;11.499;5
6.067;0.474;0.138;4.01;0.087;18;434;0.99807;3.327;0.555;10.465;6
7.728;0.409;0.375;6.6;0.083;32;201;0.99537;3.302;0.543;11.017;7
7.482;0.373;0.51;4.34;0.07;11;125;0.995;3.331;0.481;11.67;6
8.673;0.29;0.432;6.33;0.043;11;332;0.99244;3.348;0.558;10.624;5
6.385;0.342;0.222;4.75;0.109;29;170;0.9957;3.329;0.569;9.532;6
2.013;0.423;0.218;4.04;0.059;18;39;0.99545;3.345;0.544;10.161;5
6.16;0.257;0.217;20.62;0.04;24;302;0.996;3.338;0.493;11.621;7
5.092;0.537;0.317;4.67;0.093;37;312;0.99462;3.31;0.307;10.414;6
7.432;0.424;0.381;7.55;0.104;38;82;0.99813;3.342;0.277;10.94;5
7.225;0.343;0.284;9.95;0.098;25;402;0.99735;3.363;0.482;10.752;5
6.531;0.495;0.29;2.98;0.098;36;16;0.99891;3.31;0.385;11.241;6
6.752;0.307;-0.044;4.29;0.064;30;235;0.99951;3.378;0.522;10.021;5
6.553;0.512;0.313;3.07;0.081;24;234;0.99656;3.359;0.357;10.349;6
6.157;0.39;0.188;4.33;0.071;40;205;0.9989;3.299;0.501;10.451;6
9.094;0.586;0.266;2.76;0.063;40;92;0.99863;3.309;0.6;10.358;5
6.886;0.341;0.33;9.38;0.088;15;259;0.99409;3.343;0.482;10.467;6
5.278;0.397;0.265;4.81;0.065;16;365;1.00095;3.354;0.279;9.41;5
5.857;0.262;0.417;2.72;0.07;31;381;0.99434;3.3;0.432;10.754;7
5.424;0.284;0.434;6.72;0.112;35;271;0.99734;3.367;0.558;10.433;5
6.813;0.411;0.077;2.93;0.077;41;275;0.99992;3.352;0.478;10.897;6
6.33;0.29;0.14;2.57;0.077;31;102;0.99629;3.353;0.276;10.073;7
6.185;0.417;0.469;6.47;0.095;40;240;0.99912;3.297;0.535;9.232;5
6.339;0.338;0.336;4.96;0.056;15;228;0.99613;3.33;0.385;9.662;7
5.402;0.488;0.237;3.25;0.085;25;291;0.99588;3.372;0.611;10.104;6
6.785;0.133;0.277;8.19;0.103;6;398;0.99948;3.302;0.572;10.897;6
5.193;0.41;0.323;6.65;0.088;6;123;0.99614;3.329;0.634;11.21;6
5.24;0.408;0.393;5.41;0.066;5;242;0.99962;3.349;0.489;10.174;6
5.794;0.387;0.271;10.67;0.096;23;261;1.00019;3.347;0.476;10.958;7
7.909;0.325;0.302;5.92;0.071;9;229;0.99852;3.323;0.366;10.551;6
8.204;0.53;0.202;13.22;0.091;27;250;0.99771;3.286;0.394;11.519;5
6.52;0.36;0.436;6.13;0.061;4;13;0.99615;3.328;0.525;9.722;7
5.45;0.421;0.357;6.09;0.055;14;198;0.99566;3.35;0.467;10.49;6
6.041;0.369;0.249;2.12;0.112;10;286;0.99762;3.352;0.483;10.333;6
8.052;0.343;0.179;3.92;0.074;9;294;0.998;3.318;0.541;10.134;6
8.6;0.389;0.309;25.37;0.074;30;223;0.99413;3.34;0.293;11.167;5
4.554;0.465;0.382;3.5;0.055;4;259;0.9964;3.353;0.449;10.915;4
6.194;0.276;0.534;4.43;0.069;20;291;0.9972;3.317;0.586;9.708;5
7.117;0.332;0.504;3.73;0.107;8;427;0.99878;3.313;0.622;11.616;6
7.067;0.254;0.261;2.38;0.09;18;128;0.997;3.331;0.574;10.012;6
6.772;0.427;0.263;7.46;0.078;28;304;0.99507;3.335;0.759;10.687;6
7.032;0.327;0.183;24.79;0.045;43;419;0.99783;3.379;0.442;9.976;6
4.979;0.308;0.357;19.83;0.095;6;224;0.99532;3.337;0.476;10.327;7
8.396;0.47;0.212;4.19;0.09;22;407;0.99615;3.334;0.444;10.132;5
5.223;0.387;0.362;3.05;0.103;10;82;0.99793;3.359;0.476;11.393;6
7.05;0.42;0.346;3.54;0.069;36;127;1.00179;3.318;0.465;10.48;5
7.715;0.363;0.357;6.95;0.088;43;59;1.00128;3.308;0.409;10.647;6
8.61;0.417;0.22;3.82;0.065;36;188;0.9942;3.327;0.415;11.326;6
8.334;0.382;0.435;8.7;0.047;11;50;1.00174;3.304;0.501;10.989;5
7.394;0.298;0.265;5.85;0.043;25;247;0.99439;3.293;0.399;9.728;8
8.744;0.398;0.196;2.72;0.092;40;73;0.99598;3.334;0.491;10.64;6
6.446;0.358;0.297;2.79;0.072;35;291;0.99594;3.312;0.514;9.954;5
7.615;0.37;0.318;9.15;0.078;11;115;0.99993;3.315;0.478;10.511;5
8.15;0.442;0.285;9.2;0.05;17;71;0.99671;3.344;0.474;9.12;5
6.088;0.32;0.414;4.86;0.111;42;390;0.99886;3.35;0.589;10.577;6
5.29;0.266;0.442;16.33;0.065;33;365;0.99587;3.327;0.349;10.862;5
5.964;0.484;0.556;4.64;0.039;45;197;0.99634;3.316;0.475;10.813;6
8.707;0.569;0.299;4.05;0.051;12;424;0.99576;3.302;0.443;10.555;6
8.792;0.339;0.443;4.69;0.064;18;410;0.99644;3.315;0.678;10.51;6
6.583;0.49;0.059;7.19;0.096;33;124;0.99557;3.327;0.56;11.178;5
7.773;0.399;0.522;2.22;0.083;44;102;1.00105;3.34;0.582;11.105;5
8.023;0.299;0.329;5.28;0.085;18;71;0.99986;3.341;0.525;11.819;6
8.126;0.306;0.432;5.32;0.065;8;352;0.99945;3.35;0.465;10.832;5
4.397;0.354;0.289;3.11;0.095;29;211;1.00208;3.323;0.539;10.567;6
5.993;0.346;0.36;3.1;0.078;43;53;0.99686;3.314;0.303;10.627;5
6.817;0.339;0.385;13.0;0.097;43;297;0.99525;3.306;0.618;11.916;7
6.879;0.388;0.233;3.68;0.064;16;261;0.99571;3.343;0.319;10.6;5
7.3;0.258;0.267;4.02;0.063;8;432;0.99364;3.299;0.438;10.773;6
5.948;0.49;0.001;9.83;0.063;40;391;0.99682;3.333;0.578;9.476;5
6.711;0.293;0.345;2.72;0.068;5;199;0.99805;3.352;0.382;9.438;5
3.591;0.271;0.301;44.98;0.06;37;289;0.99481;3.334;0.542;11.319;6
10.527;0.494;0.271;3.24;0.091;16;421;0.99786;3.338;0.524;10.37;5
7.863;0.464;0.429;3.39;0.069;43;222;0.99741;3.31;0.385;9.889;6
7.161;0.565;0.31;2.57;0.052;14;65;0.99641;3.352;0.571;9.961;6
6.134;0.392;0.34;3.42;0.068;20;68;0.99448;3.336;0.313;10.332;5
7.224;0.328;0.113;2.97;0.065;27;87;0.99755;3.346;0.496;10.09;5
9.361;0.508;0.317;3.68;0.045;41;190;0.99695;3.328;0.405;9.726;5
9.701;0.358;0.298;2.82;0.078;17;413;0.99497;3.316;0.477;11.367;7
6.864;0.376;0.405;2.2;0.081;28;348;0.99386;3.309;0.515;10.244;5
4.916;0.311;0.249;12.22;0.079;25;420;1.00063;3.306;0.438;9.686;6
7.752;0.398;0.215;8.41;0.103;15;16;0.99825;3.321;0.743;10.858;5
5.879;0.172;0.264;7.77;0.05;43;7;0.99663;3.339;0.603;10.806;4
8.432;0.42;0.513;7.06;0.088;29;392;0.99515;3.318;0.699;9.759;6
5.751;0.161;0.247;7.39;0.079;10;233;0.99804;3.303;0.607;10.673;5
6.157;0.49;0.421;3.28;0.06;25;24;0.99628;3.366;0.48;11.104;5
7.077;0.235;0.288;69.25;0.105;3;319;0.99773;3.306;0.472;11.019;5
5.9;0.466;0.094;3.44;0.056;41;151;0.99268;3.346;0.57;10.783;6
9.138;0.597;0.408;2.73;0.076;31;329;0.99684;3.307;0.375;10.454;8
5.213;0.362;0.542;28.5;0.09;24;80;0.99893;3.334;0.383;10.513;6
4.752;0.286;0.338;3.79;0.073;22;265;0.99976;3.338;0.346;10.013;6
6.973;0.555;0.227;4.95;0.06;37;376;0.9976;3.305;0.585;10.803;6
8.581;0.316;0.313;2.91;0.092;44;172;0.99824;3.336;0.42;11.298;7
6.09;0.288;0.207;4.08;0.103;8;71;0.99804;3.337;0.518;9.549;6
6.993;0.473;0.636;6.7;0.062;9;168;0.99652;3.317;0.515;11.325;8
8.039;0.097;0.37;5.98;0.104;10;289;0.99638;3.328;0.437;10.978;6
8.743;0.173;0.136;2.72;0.075;32;91;0.99197;3.288;0.523;10.849;8
7.108;0.215;0.432;8.39;0.048;29;315;0.99421;3.365;0.55;10.468;7
6.804;0.324;0.347;3.17;0.095;21;191;0.99791;3.326;0.563;10.762;6
6.441;0.186;0.204;2.49;0.076;19;159;0.99307;3.321;0.554;10.6;6
7.316;0.481;0.235;9.52;0.071;45;181;0.99976;3.382;0.313;10.435;6
7.126;0.484;0.306;5.99;0.086;43;395;0.99873;3.307;0.47;10.276;6
5.627;0.385;0.477;4.15;0.087;5;64;0.99462;3.346;0.64;10.71;5
6.553;0.33;0.271;3.17;0.061;43;106;0.99854;3.37;0.708;10.277;6
